"Step","tfs0.005_csg-brook01_20241220-031823 - train_loss","tfs0.005_csg-brook01_20241220-031823 - train_loss__MIN","tfs0.005_csg-brook01_20241220-031823 - train_loss__MAX","tfs0.05_csg-brook01_20241219-224600 - train_loss","tfs0.05_csg-brook01_20241219-224600 - train_loss__MIN","tfs0.05_csg-brook01_20241219-224600 - train_loss__MAX","tfs0.05_csg-brook01_20241219-182611 - train_loss","tfs0.05_csg-brook01_20241219-182611 - train_loss__MIN","tfs0.05_csg-brook01_20241219-182611 - train_loss__MAX"
"2","0.16937237693768317","0.16937237693768317","0.16937237693768317","0.1959504896438525","0.1959504896438525","0.1959504896438525","0.3010896202888526","0.3010896202888526","0.3010896202888526"
"3","0.16937778631498354","0.16937778631498354","0.16937778631498354","0.2013742745989753","0.2013742745989753","0.2013742745989753","0.289396505466824","0.289396505466824","0.289396505466824"
"4","0.1669497588090549","0.1669497588090549","0.1669497588090549","0.19956347303950414","0.19956347303950414","0.19956347303950414","0.28036433010120565","0.28036433010120565","0.28036433010120565"
"5","0.16720565339511637","0.16720565339511637","0.16720565339511637","0.2015886604139944","0.2015886604139944","0.2015886604139944","0.27766950941359037","0.27766950941359037","0.27766950941359037"
"6","0.1694341446615204","0.1694341446615204","0.1694341446615204","0.20414070948115928","0.20414070948115928","0.20414070948115928","0.2797270990261318","0.2797270990261318","0.2797270990261318"
"7","0.17017321783248537","0.17017321783248537","0.17017321783248537","0.20243553106112092","0.20243553106112092","0.20243553106112092","0.2749113826579212","0.2749113826579212","0.2749113826579212"
"8","0.16827899784313183","0.16827899784313183","0.16827899784313183","0.20244798720912463","0.20244798720912463","0.20244798720912463","0.2722321339009512","0.2722321339009512","0.2722321339009512"
"9","0.1723382620277201","0.1723382620277201","0.1723382620277201","0.20188321107605312","0.20188321107605312","0.20188321107605312","0.26966409098707106","0.26966409098707106","0.26966409098707106"
"10","0.1692109395970189","0.1692109395970189","0.1692109395970189","0.20061148913371363","0.20061148913371363","0.20061148913371363","0.27087762480936767","0.27087762480936767","0.27087762480936767"
"11","0.16853038947804452","0.16853038947804452","0.16853038947804452","0.19406209523976922","0.19406209523976922","0.19406209523976922","0.2696118762098516","0.2696118762098516","0.2696118762098516"
"12","0.16711831650543355","0.16711831650543355","0.16711831650543355","0.2022405569879792","0.2022405569879792","0.2022405569879792","0.2647782589344159","0.2647782589344159","0.2647782589344159"
"13","0.17004675023559016","0.17004675023559016","0.17004675023559016","0.20657822728018815","0.20657822728018815","0.20657822728018815","0.26816030461253265","0.26816030461253265","0.26816030461253265"
"14","0.16908318057274943","0.16908318057274943","0.16908318057274943","0.20526359334839575","0.20526359334839575","0.20526359334839575","0.26571957138299385","0.26571957138299385","0.26571957138299385"
"15","0.1735094600621566","0.1735094600621566","0.1735094600621566","0.20201297998005896","0.20201297998005896","0.20201297998005896","0.27133585031945723","0.27133585031945723","0.27133585031945723"
"16","0.16963196354161972","0.16963196354161972","0.16963196354161972","0.20250749480056407","0.20250749480056407","0.20250749480056407","0.26510091309507267","0.26510091309507267","0.26510091309507267"
"17","0.17152703180305293","0.17152703180305293","0.17152703180305293","0.2007242771303108","0.2007242771303108","0.2007242771303108","0.26465645308215885","0.26465645308215885","0.26465645308215885"
"18","0.16723345760183828","0.16723345760183828","0.16723345760183828","0.2007240934805455","0.2007240934805455","0.2007240934805455","0.26344592357092844","0.26344592357092844","0.26344592357092844"
"19","0.16887856373917517","0.16887856373917517","0.16887856373917517","0.2036784359701318","0.2036784359701318","0.2036784359701318","0.26778861399558446","0.26778861399558446","0.26778861399558446"
"20","0.16664881681502441","0.16664881681502441","0.16664881681502441","0.20432318732275276","0.20432318732275276","0.20432318732275276","0.2615054898312877","0.2615054898312877","0.2615054898312877"
"21","0.16838915543542032","0.16838915543542032","0.16838915543542032","0.19994920731645002","0.19994920731645002","0.19994920731645002","0.2595847785253409","0.2595847785253409","0.2595847785253409"
"22","0.16838389620108862","0.16838389620108862","0.16838389620108862","0.19863979399604537","0.19863979399604537","0.19863979399604537","0.2631275155516403","0.2631275155516403","0.2631275155516403"
"23","0.16764738710242108","0.16764738710242108","0.16764738710242108","0.19895119620200777","0.19895119620200777","0.19895119620200777","0.25918446180183824","0.25918446180183824","0.25918446180183824"
"24","0.16852129835422935","0.16852129835422935","0.16852129835422935","0.20225752436405797","0.20225752436405797","0.20225752436405797","0.2611744176560898","0.2611744176560898","0.2611744176560898"
"25","0.1664368361558068","0.1664368361558068","0.1664368361558068","0.20190351324435651","0.20190351324435651","0.20190351324435651","0.2607110809948899","0.2607110809948899","0.2607110809948899"
"26","0.16968001552949774","0.16968001552949774","0.16968001552949774","0.2042759425700319","0.2042759425700319","0.2042759425700319","0.2627575313309762","0.2627575313309762","0.2627575313309762"
"27","0.1689341310503281","0.1689341310503281","0.1689341310503281","0.20008566764669897","0.20008566764669897","0.20008566764669897","0.2592257334838477","0.2592257334838477","0.2592257334838477"
"28","0.1698811200869741","0.1698811200869741","0.1698811200869741","0.20023274368659624","0.20023274368659624","0.20023274368659624","0.2619260944490429","0.2619260944490429","0.2619260944490429"
"29","0.16950911881549688","0.16950911881549688","0.16950911881549688","0.19965627328124813","0.19965627328124813","0.19965627328124813","0.2604372711400124","0.2604372711400124","0.2604372711400124"
"30","0.16861832069257135","0.16861832069257135","0.16861832069257135","0.2026419130640761","0.2026419130640761","0.2026419130640761","0.2577269332374723","0.2577269332374723","0.2577269332374723"
"31","0.16846500172937826","0.16846500172937826","0.16846500172937826","0.2010490545255116","0.2010490545255116","0.2010490545255116","0.2565415557294219","0.2565415557294219","0.2565415557294219"
"32","0.17069762667698207","0.17069762667698207","0.17069762667698207","0.19881764939318436","0.19881764939318436","0.19881764939318436","0.25661958206164986","0.25661958206164986","0.25661958206164986"
"33","0.16798552431048852","0.16798552431048852","0.16798552431048852","0.19930396814200294","0.19930396814200294","0.19930396814200294","0.25889095239642196","0.25889095239642196","0.25889095239642196"
"34","0.17186127110839733","0.17186127110839733","0.17186127110839733","0.20012985847012343","0.20012985847012343","0.20012985847012343","0.25794184176714946","0.25794184176714946","0.25794184176714946"
"35","0.17110854169726908","0.17110854169726908","0.17110854169726908","0.1998573978619329","0.1998573978619329","0.1998573978619329","0.2557018516003393","0.2557018516003393","0.2557018516003393"
"36","0.1681217519858568","0.1681217519858568","0.1681217519858568","0.19825053791711858","0.19825053791711858","0.19825053791711858","0.2597737472219444","0.2597737472219444","0.2597737472219444"
"37","0.16957112819737818","0.16957112819737818","0.16957112819737818","0.20218478576118773","0.20218478576118773","0.20218478576118773","0.25992006833254944","0.25992006833254944","0.25992006833254944"
"38","0.16835310541291895","0.16835310541291895","0.16835310541291895","0.2002870548538146","0.2002870548538146","0.2002870548538146","0.2503179189989703","0.2503179189989703","0.2503179189989703"
"39","0.1679363045203535","0.1679363045203535","0.1679363045203535","0.19930969335169513","0.19930969335169513","0.19930969335169513","0.25524703517083885","0.25524703517083885","0.25524703517083885"
"40","0.1686193296900569","0.1686193296900569","0.1686193296900569","0.2043418179830883","0.2043418179830883","0.2043418179830883","0.25594034841757435","0.25594034841757435","0.25594034841757435"
"41","0.1675178200942663","0.1675178200942663","0.1675178200942663","0.2029320818433711","0.2029320818433711","0.2029320818433711","0.2549041943365397","0.2549041943365397","0.2549041943365397"
"42","0.17060389846558846","0.17060389846558846","0.17060389846558846","0.20104055124550688","0.20104055124550688","0.20104055124550688","0.2586007339491532","0.2586007339491532","0.2586007339491532"
"43","0.17106230797759162","0.17106230797759162","0.17106230797759162","0.1998480773397664","0.1998480773397664","0.1998480773397664","0.2542944467502704","0.2542944467502704","0.2542944467502704"
"44","0.16922951864114988","0.16922951864114988","0.16922951864114988","0.2045202224320365","0.2045202224320365","0.2045202224320365","0.2523484239569683","0.2523484239569683","0.2523484239569683"
"45","0.16708710487644116","0.16708710487644116","0.16708710487644116","0.202024924183947","0.202024924183947","0.202024924183947","0.25500266056957893","0.25500266056957893","0.25500266056957893"
"46","0.16896028757156337","0.16896028757156337","0.16896028757156337","0.20424696129273523","0.20424696129273523","0.20424696129273523","0.2545645934846471","0.2545645934846471","0.2545645934846471"
"47","0.16719385993592373","0.16719385993592373","0.16719385993592373","0.20375866772136667","0.20375866772136667","0.20375866772136667","0.2537816190324704","0.2537816190324704","0.2537816190324704"
"48","0.16724769559971378","0.16724769559971378","0.16724769559971378","0.2041478147532306","0.2041478147532306","0.2041478147532306","0.25653374845141536","0.25653374845141536","0.25653374845141536"
"49","0.16654988368454973","0.16654988368454973","0.16654988368454973","0.19890853734192074","0.19890853734192074","0.19890853734192074","0.2530262935472832","0.2530262935472832","0.2530262935472832"
"50","0.1678122556761421","0.1678122556761421","0.1678122556761421","0.20146197741079533","0.20146197741079533","0.20146197741079533","0.2511758056224071","0.2511758056224071","0.2511758056224071"
"51","0.16932678950017865","0.16932678950017865","0.16932678950017865","0.19739047194865003","0.19739047194865003","0.19739047194865003","0.2504101403079579","0.2504101403079579","0.2504101403079579"
"52","0.16607809528001802","0.16607809528001802","0.16607809528001802","0.2002145236546354","0.2002145236546354","0.2002145236546354","0.24878222757812118","0.24878222757812118","0.24878222757812118"
"53","0.16530371506574598","0.16530371506574598","0.16530371506574598","0.20004045658535508","0.20004045658535508","0.20004045658535508","0.2532117634404396","0.2532117634404396","0.2532117634404396"
"54","0.17012828240494982","0.17012828240494982","0.17012828240494982","0.19659674525551574","0.19659674525551574","0.19659674525551574","0.25143033278687915","0.25143033278687915","0.25143033278687915"
"55","0.1679626171147525","0.1679626171147525","0.1679626171147525","0.20225380542535396","0.20225380542535396","0.20225380542535396","0.24940812355523057","0.24940812355523057","0.24940812355523057"
"56","0.16798906864401342","0.16798906864401342","0.16798906864401342","0.1981579344904503","0.1981579344904503","0.1981579344904503","0.24840186190285982","0.24840186190285982","0.24840186190285982"
"57","0.16693913585313305","0.16693913585313305","0.16693913585313305","0.19827632175979815","0.19827632175979815","0.19827632175979815","0.2518885605793722","0.2518885605793722","0.2518885605793722"
"58","0.17065055841773405","0.17065055841773405","0.17065055841773405","0.1993758908160916","0.1993758908160916","0.1993758908160916","0.2514885783365089","0.2514885783365089","0.2514885783365089"
"59","0.16890664614048442","0.16890664614048442","0.16890664614048442","0.20007026455904675","0.20007026455904675","0.20007026455904675","0.24987559751886038","0.24987559751886038","0.24987559751886038"
"60","0.16684235192203692","0.16684235192203692","0.16684235192203692","0.19617667255244967","0.19617667255244967","0.19617667255244967","0.24945689010319325","0.24945689010319325","0.24945689010319325"
"61","0.1693093282831689","0.1693093282831689","0.1693093282831689","0.1992071790689425","0.1992071790689425","0.1992071790689425","0.2475121501998276","0.2475121501998276","0.2475121501998276"
"62","0.16680995454789582","0.16680995454789582","0.16680995454789582","0.20066984402029056","0.20066984402029056","0.20066984402029056","0.250199548550212","0.250199548550212","0.250199548550212"
"63","0.16612277507318943","0.16612277507318943","0.16612277507318943","0.2003127994585975","0.2003127994585975","0.2003127994585975","0.24980209152061336","0.24980209152061336","0.24980209152061336"
"64","0.16707807525481233","0.16707807525481233","0.16707807525481233","0.19830678577383679","0.19830678577383679","0.19830678577383679","0.25186036516183224","0.25186036516183224","0.25186036516183224"
"65","0.1686147166700369","0.1686147166700369","0.1686147166700369","0.20362372980379406","0.20362372980379406","0.20362372980379406","0.24634339939071845","0.24634339939071845","0.24634339939071845"
"66","0.1649188410424558","0.1649188410424558","0.1649188410424558","0.20344612440245244","0.20344612440245244","0.20344612440245244","0.24704189844326718","0.24704189844326718","0.24704189844326718"
"67","0.1691620097789198","0.1691620097789198","0.1691620097789198","0.19794168767938577","0.19794168767938577","0.19794168767938577","0.25130958374546003","0.25130958374546003","0.25130958374546003"
"68","0.1675812779425421","0.1675812779425421","0.1675812779425421","0.19952343002035708","0.19952343002035708","0.19952343002035708","0.25049769383446385","0.25049769383446385","0.25049769383446385"
"69","0.1715299293384337","0.1715299293384337","0.1715299293384337","0.19936363070630814","0.19936363070630814","0.19936363070630814","0.2502615147556965","0.2502615147556965","0.2502615147556965"
"70","0.1679692954933838","0.1679692954933838","0.1679692954933838","0.19866601812535548","0.19866601812535548","0.19866601812535548","0.2535249201469618","0.2535249201469618","0.2535249201469618"
"71","0.16281797382837576","0.16281797382837576","0.16281797382837576","0.19908706706030987","0.19908706706030987","0.19908706706030987","0.2515642930991994","0.2515642930991994","0.2515642930991994"
"72","0.169916763093926","0.169916763093926","0.169916763093926","0.1988500603923784","0.1988500603923784","0.1988500603923784","0.2479565156961637","0.2479565156961637","0.2479565156961637"
"73","0.16733980583719602","0.16733980583719602","0.16733980583719602","0.1978903723163451","0.1978903723163451","0.1978903723163451","0.2455015247894475","0.2455015247894475","0.2455015247894475"
"74","0.17111504050767834","0.17111504050767834","0.17111504050767834","0.20141921031293117","0.20141921031293117","0.20141921031293117","0.2507724454457148","0.2507724454457148","0.2507724454457148"
"75","0.16864011132456036","0.16864011132456036","0.16864011132456036","0.1964742238531667","0.1964742238531667","0.1964742238531667","0.2496531548660436","0.2496531548660436","0.2496531548660436"
"76","0.16629766353181535","0.16629766353181535","0.16629766353181535","0.1958560800214536","0.1958560800214536","0.1958560800214536","0.2489514412632358","0.2489514412632358","0.2489514412632358"
"77","0.16694985527398656","0.16694985527398656","0.16694985527398656","0.19874279508393586","0.19874279508393586","0.19874279508393586","0.25153437536665585","0.25153437536665585","0.25153437536665585"
"78","0.1658358306710141","0.1658358306710141","0.1658358306710141","0.19655329076165726","0.19655329076165726","0.19655329076165726","0.24799667579413065","0.24799667579413065","0.24799667579413065"
"79","0.17016341310304942","0.17016341310304942","0.17016341310304942","0.20005725549754497","0.20005725549754497","0.20005725549754497","0.24451237035149742","0.24451237035149742","0.24451237035149742"
"80","0.1650426477055242","0.1650426477055242","0.1650426477055242","0.19963500089407313","0.19963500089407313","0.19963500089407313","0.24673664280074578","0.24673664280074578","0.24673664280074578"
"81","0.17098525686869395","0.17098525686869395","0.17098525686869395","0.19888854973019446","0.19888854973019446","0.19888854973019446","0.24851818726907393","0.24851818726907393","0.24851818726907393"
"82","0.1676492779317155","0.1676492779317155","0.1676492779317155","0.19958298518727727","0.19958298518727727","0.19958298518727727","0.25035027591634745","0.25035027591634745","0.25035027591634745"
"83","0.16966906574360519","0.16966906574360519","0.16966906574360519","0.20178430342668272","0.20178430342668272","0.20178430342668272","0.24732550606999826","0.24732550606999826","0.24732550606999826"
"84","0.16764560322752323","0.16764560322752323","0.16764560322752323","0.19764165479999599","0.19764165479999599","0.19764165479999599","0.24550293031055673","0.24550293031055673","0.24550293031055673"
"85","0.17013327199562644","0.17013327199562644","0.17013327199562644","0.19794220237484286","0.19794220237484286","0.19794220237484286","0.24730088247164164","0.24730088247164164","0.24730088247164164"
"86","0.168865301774501","0.168865301774501","0.168865301774501","0.19717972433823006","0.19717972433823006","0.19717972433823006","0.25139001341913564","0.25139001341913564","0.25139001341913564"
"87","0.16523400742207686","0.16523400742207686","0.16523400742207686","0.19799693386480777","0.19799693386480777","0.19799693386480777","0.2460140357058469","0.2460140357058469","0.2460140357058469"
"88","0.17276097419987446","0.17276097419987446","0.17276097419987446","0.19779041121929838","0.19779041121929838","0.19779041121929838","0.24504659927507624","0.24504659927507624","0.24504659927507624"
"89","0.16809177389731636","0.16809177389731636","0.16809177389731636","0.19590691615658865","0.19590691615658865","0.19590691615658865","0.24592465292761778","0.24592465292761778","0.24592465292761778"
"90","0.16443165143410796","0.16443165143410796","0.16443165143410796","0.19539533897181408","0.19539533897181408","0.19539533897181408","0.24805289017606877","0.24805289017606877","0.24805289017606877"
"91","0.17028699455421012","0.17028699455421012","0.17028699455421012","0.1996157865655498","0.1996157865655498","0.1996157865655498","0.2495212333637372","0.2495212333637372","0.2495212333637372"
"92","0.17056170827896003","0.17056170827896003","0.17056170827896003","0.19781398700372219","0.19781398700372219","0.19781398700372219","0.24617016637269162","0.24617016637269162","0.24617016637269162"
"93","0.1662661953410736","0.1662661953410736","0.1662661953410736","0.1981880353448975","0.1981880353448975","0.1981880353448975","0.24689460090821466","0.24689460090821466","0.24689460090821466"
"94","0.1692046380127179","0.1692046380127179","0.1692046380127179","0.19514441829698578","0.19514441829698578","0.19514441829698578","0.24466342075946082","0.24466342075946082","0.24466342075946082"
"95","0.1688030062761483","0.1688030062761483","0.1688030062761483","0.19719576766906344","0.19719576766906344","0.19719576766906344","0.24628967326898502","0.24628967326898502","0.24628967326898502"
"96","0.16848656533774656","0.16848656533774656","0.16848656533774656","0.19711172944842825","0.19711172944842825","0.19711172944842825","0.2447038820330464","0.2447038820330464","0.2447038820330464"
"97","0.16822233784603371","0.16822233784603371","0.16822233784603371","0.19828012349943278","0.19828012349943278","0.19828012349943278","0.24668542852047282","0.24668542852047282","0.24668542852047282"
"98","0.1737339295805339","0.1737339295805339","0.1737339295805339","0.20111202623563015","0.20111202623563015","0.20111202623563015","0.2416393309776236","0.2416393309776236","0.2416393309776236"
"99","0.17061165172069168","0.17061165172069168","0.17061165172069168","0.19644062574351098","0.19644062574351098","0.19644062574351098","0.24399941543221257","0.24399941543221257","0.24399941543221257"
"100","0.16961189563084209","0.16961189563084209","0.16961189563084209","0.19885346595802098","0.19885346595802098","0.19885346595802098","0.2470351742636966","0.2470351742636966","0.2470351742636966"
"101","0.16829049680030272","0.16829049680030272","0.16829049680030272","0.1997219857147643","0.1997219857147643","0.1997219857147643","0.24359800955714472","0.24359800955714472","0.24359800955714472"
"102","0.16984409355863042","0.16984409355863042","0.16984409355863042","0.1931826943526392","0.1931826943526392","0.1931826943526392","0.24461980991062807","0.24461980991062807","0.24461980991062807"
"103","0.16634720784158616","0.16634720784158616","0.16634720784158616","0.19691762862933318","0.19691762862933318","0.19691762862933318","0.24600286445153974","0.24600286445153974","0.24600286445153974"
"104","0.1692003318604142","0.1692003318604142","0.1692003318604142","0.19929535328264092","0.19929535328264092","0.19929535328264092","0.24766593953544191","0.24766593953544191","0.24766593953544191"
"105","0.17215715258579156","0.17215715258579156","0.17215715258579156","0.19827508698827456","0.19827508698827456","0.19827508698827456","0.24431991557217944","0.24431991557217944","0.24431991557217944"
"106","0.168711630801336","0.168711630801336","0.168711630801336","0.1943165441018281","0.1943165441018281","0.1943165441018281","0.24066554291159184","0.24066554291159184","0.24066554291159184"
"107","0.16873023327343586","0.16873023327343586","0.16873023327343586","0.19677638246845494","0.19677638246845494","0.19677638246845494","0.24587042160366482","0.24587042160366482","0.24587042160366482"
"108","0.164825796185526","0.164825796185526","0.164825796185526","0.19749137343099976","0.19749137343099976","0.19749137343099976","0.25127914536890045","0.25127914536890045","0.25127914536890045"
"109","0.1700182753136822","0.1700182753136822","0.1700182753136822","0.19640985874468816","0.19640985874468816","0.19640985874468816","0.24613185837481297","0.24613185837481297","0.24613185837481297"
"110","0.17184793039405788","0.17184793039405788","0.17184793039405788","0.20247524578806683","0.20247524578806683","0.20247524578806683","0.2426069731555136","0.2426069731555136","0.2426069731555136"
"111","0.1683842355619561","0.1683842355619561","0.1683842355619561","0.20012734548136576","0.20012734548136576","0.20012734548136576","0.24409931757090772","0.24409931757090772","0.24409931757090772"
"112","0.16619740190566304","0.16619740190566304","0.16619740190566304","0.19946619232457177","0.19946619232457177","0.19946619232457177","0.24678867702008947","0.24678867702008947","0.24678867702008947"
"113","0.16819583131988572","0.16819583131988572","0.16819583131988572","0.19901249729020098","0.19901249729020098","0.19901249729020098","0.24622778516375024","0.24622778516375024","0.24622778516375024"
"114","0.16621675719110923","0.16621675719110923","0.16621675719110923","0.19721390976231815","0.19721390976231815","0.19721390976231815","0.24397477472858783","0.24397477472858783","0.24397477472858783"
"115","0.1641911435791115","0.1641911435791115","0.1641911435791115","0.20238679572269827","0.20238679572269827","0.20238679572269827","0.2452073415677927","0.2452073415677927","0.2452073415677927"
"116","0.16913732027767958","0.16913732027767958","0.16913732027767958","0.20104628573676783","0.20104628573676783","0.20104628573676783","0.2438442166602585","0.2438442166602585","0.2438442166602585"
"117","0.1680557505097505","0.1680557505097505","0.1680557505097505","0.1942214437909591","0.1942214437909591","0.1942214437909591","0.2426151403008774","0.2426151403008774","0.2426151403008774"
"118","0.16612619286262406","0.16612619286262406","0.16612619286262406","0.19462754683295994","0.19462754683295994","0.19462754683295994","0.24209540985076994","0.24209540985076994","0.24209540985076994"
"119","0.16684952771984266","0.16684952771984266","0.16684952771984266","0.20190263936243216","0.20190263936243216","0.20190263936243216","0.24037347410503415","0.24037347410503415","0.24037347410503415"
"120","0.16918396172054903","0.16918396172054903","0.16918396172054903","0.19686272716409248","0.19686272716409248","0.19686272716409248","0.2404351324295334","0.2404351324295334","0.2404351324295334"
"121","0.1691532393759602","0.1691532393759602","0.1691532393759602","0.20060255147415373","0.20060255147415373","0.20060255147415373","0.24361102015624503","0.24361102015624503","0.24361102015624503"
"122","0.1680664370903381","0.1680664370903381","0.1680664370903381","0.1978883033262232","0.1978883033262232","0.1978883033262232","0.24448054868549995","0.24448054868549995","0.24448054868549995"
"123","0.16631740978100928","0.16631740978100928","0.16631740978100928","0.19466087533545384","0.19466087533545384","0.19466087533545384","0.24336951874374502","0.24336951874374502","0.24336951874374502"
"124","0.16688134990717138","0.16688134990717138","0.16688134990717138","0.20024969918674349","0.20024969918674349","0.20024969918674349","0.24133850604973348","0.24133850604973348","0.24133850604973348"
"125","0.16546983310535132","0.16546983310535132","0.16546983310535132","0.19753507718046528","0.19753507718046528","0.19753507718046528","0.23876290758015242","0.23876290758015242","0.23876290758015242"
"126","0.16573846425310715","0.16573846425310715","0.16573846425310715","0.19740259760030196","0.19740259760030196","0.19740259760030196","0.24096861302180125","0.24096861302180125","0.24096861302180125"
"127","0.16742965221882114","0.16742965221882114","0.16742965221882114","0.1966885981125789","0.1966885981125789","0.1966885981125789","0.24222627097531202","0.24222627097531202","0.24222627097531202"
"128","0.1681398991981321","0.1681398991981321","0.1681398991981321","0.19813485142857257","0.19813485142857257","0.19813485142857257","0.24223683842059773","0.24223683842059773","0.24223683842059773"
"129","0.1664317960588029","0.1664317960588029","0.1664317960588029","0.20183920642991837","0.20183920642991837","0.20183920642991837","0.2455694305238397","0.2455694305238397","0.2455694305238397"
"130","0.16927933276411408","0.16927933276411408","0.16927933276411408","0.1969835479581763","0.1969835479581763","0.1969835479581763","0.23962355900716445","0.23962355900716445","0.23962355900716445"
"131","0.16883960241485627","0.16883960241485627","0.16883960241485627","0.1949014807872584","0.1949014807872584","0.1949014807872584","0.23848379799491015","0.23848379799491015","0.23848379799491015"
"132","0.1691357479751248","0.1691357479751248","0.1691357479751248","0.20050661249019294","0.20050661249019294","0.20050661249019294","0.24299647667278315","0.24299647667278315","0.24299647667278315"
"133","0.1691408361867944","0.1691408361867944","0.1691408361867944","0.2000506408678274","0.2000506408678274","0.2000506408678274","0.2438780938163799","0.2438780938163799","0.2438780938163799"
"134","0.16724065466948138","0.16724065466948138","0.16724065466948138","0.20056422527946383","0.20056422527946383","0.20056422527946383","0.24175762781985335","0.24175762781985335","0.24175762781985335"
"135","0.16741190259014624","0.16741190259014624","0.16741190259014624","0.19856580437406224","0.19856580437406224","0.19856580437406224","0.24214127253402692","0.24214127253402692","0.24214127253402692"
"136","0.16943912203648237","0.16943912203648237","0.16943912203648237","0.19800086458260865","0.19800086458260865","0.19800086458260865","0.24613417461515016","0.24613417461515016","0.24613417461515016"
"137","0.16626503527613798","0.16626503527613798","0.16626503527613798","0.19679122029619975","0.19679122029619975","0.19679122029619975","0.2393091610911542","0.2393091610911542","0.2393091610911542"
"138","0.17179660043224665","0.17179660043224665","0.17179660043224665","0.19765727022672372","0.19765727022672372","0.19765727022672372","0.23952636228770638","0.23952636228770638","0.23952636228770638"
"139","0.16784596514792552","0.16784596514792552","0.16784596514792552","0.19760327929197372","0.19760327929197372","0.19760327929197372","0.24304359507118026","0.24304359507118026","0.24304359507118026"
"140","0.16540847649137422","0.16540847649137422","0.16540847649137422","0.1990461540053111","0.1990461540053111","0.1990461540053111","0.24017231298285602","0.24017231298285602","0.24017231298285602"
"141","0.169899346685501","0.169899346685501","0.169899346685501","0.19861625431200633","0.19861625431200633","0.19861625431200633","0.2447712478376706","0.2447712478376706","0.2447712478376706"
"142","0.17138986512404406","0.17138986512404406","0.17138986512404406","0.1968621795208304","0.1968621795208304","0.1968621795208304","0.23768993412679942","0.23768993412679942","0.23768993412679942"
"143","0.16552218185821935","0.16552218185821935","0.16552218185821935","0.20019908431768285","0.20019908431768285","0.20019908431768285","0.24313408949445503","0.24313408949445503","0.24313408949445503"
"144","0.1687976784524001","0.1687976784524001","0.1687976784524001","0.1978079257051548","0.1978079257051548","0.1978079257051548","0.2396683791588007","0.2396683791588007","0.2396683791588007"
"145","0.16876011400155178","0.16876011400155178","0.16876011400155178","0.19599014412908614","0.19599014412908614","0.19599014412908614","0.2382437362236757","0.2382437362236757","0.2382437362236757"
"146","0.16761662728973256","0.16761662728973256","0.16761662728973256","0.19359951651126664","0.19359951651126664","0.19359951651126664","0.24387234414010583","0.24387234414010583","0.24387234414010583"
"147","0.16717146818799689","0.16717146818799689","0.16717146818799689","0.1957883206350721","0.1957883206350721","0.1957883206350721","0.23848272246381283","0.23848272246381283","0.23848272246381283"
"148","0.16721205257918773","0.16721205257918773","0.16721205257918773","0.1997292828639536","0.1997292828639536","0.1997292828639536","0.23878318821934352","0.23878318821934352","0.23878318821934352"
"149","0.1711413089686532","0.1711413089686532","0.1711413089686532","0.19791816834483753","0.19791816834483753","0.19791816834483753","0.23838046671718086","0.23838046671718086","0.23838046671718086"
"150","0.1728041254477546","0.1728041254477546","0.1728041254477546","0.19434115132481142","0.19434115132481142","0.19434115132481142","0.2407669132940495","0.2407669132940495","0.2407669132940495"
"151","0.16955645511601003","0.16955645511601003","0.16955645511601003","0.19653534721622698","0.19653534721622698","0.19653534721622698","0.23496150721518008","0.23496150721518008","0.23496150721518008"
"152","0.16751881915550645","0.16751881915550645","0.16751881915550645","0.1956099098907074","0.1956099098907074","0.1956099098907074","0.23878041942058134","0.23878041942058134","0.23878041942058134"
"153","0.16737795594787042","0.16737795594787042","0.16737795594787042","0.1961060170878459","0.1961060170878459","0.1961060170878459","0.23728127268420385","0.23728127268420385","0.23728127268420385"
"154","0.16830892727387872","0.16830892727387872","0.16830892727387872","0.195895453796587","0.195895453796587","0.195895453796587","0.23701667973318355","0.23701667973318355","0.23701667973318355"
"155","0.1681787866165179","0.1681787866165179","0.1681787866165179","0.19846113177741867","0.19846113177741867","0.19846113177741867","0.241296332444329","0.241296332444329","0.241296332444329"
"156","0.16837680755546605","0.16837680755546605","0.16837680755546605","0.19568876368736143","0.19568876368736143","0.19568876368736143","0.24109646588819011","0.24109646588819011","0.24109646588819011"
"157","0.16419731198761336","0.16419731198761336","0.16419731198761336","0.19579058570796237","0.19579058570796237","0.19579058570796237","0.23916868152708867","0.23916868152708867","0.23916868152708867"
"158","0.16640550108160054","0.16640550108160054","0.16640550108160054","0.19835943465122644","0.19835943465122644","0.19835943465122644","0.23843822410295865","0.23843822410295865","0.23843822410295865"
"159","0.16499002704351476","0.16499002704351476","0.16499002704351476","0.19667087417606807","0.19667087417606807","0.19667087417606807","0.2364568846233824","0.2364568846233824","0.2364568846233824"
"160","0.17074596372707282","0.17074596372707282","0.17074596372707282","0.1962958181118255","0.1962958181118255","0.1962958181118255","0.2397905052433119","0.2397905052433119","0.2397905052433119"
"161","0.17020565905833604","0.17020565905833604","0.17020565905833604","0.19508713909142614","0.19508713909142614","0.19508713909142614","0.23536360808363965","0.23536360808363965","0.23536360808363965"
"162","0.1671505836099961","0.1671505836099961","0.1671505836099961","0.19961322836155845","0.19961322836155845","0.19961322836155845","0.23894959209179908","0.23894959209179908","0.23894959209179908"
"163","0.16693101519456932","0.16693101519456932","0.16693101519456932","0.19138191666474866","0.19138191666474866","0.19138191666474866","0.23733345975410444","0.23733345975410444","0.23733345975410444"
"164","0.1693696060625328","0.1693696060625328","0.1693696060625328","0.19335558129835437","0.19335558129835437","0.19335558129835437","0.24081876739267782","0.24081876739267782","0.24081876739267782"
"165","0.16671306311813816","0.16671306311813816","0.16671306311813816","0.19217480090832847","0.19217480090832847","0.19217480090832847","0.239180219123399","0.239180219123399","0.239180219123399"
"166","0.1674983127193802","0.1674983127193802","0.1674983127193802","0.1981006258039197","0.1981006258039197","0.1981006258039197","0.2341262172518517","0.2341262172518517","0.2341262172518517"
"167","0.16759253792785614","0.16759253792785614","0.16759253792785614","0.1952922636810566","0.1952922636810566","0.1952922636810566","0.23667680524709422","0.23667680524709422","0.23667680524709422"
"168","0.16873395987500014","0.16873395987500014","0.16873395987500014","0.19832233803745813","0.19832233803745813","0.19832233803745813","0.2334942445069487","0.2334942445069487","0.2334942445069487"
"169","0.16457366424789105","0.16457366424789105","0.16457366424789105","0.19399436237423764","0.19399436237423764","0.19399436237423764","0.23542552325944832","0.23542552325944832","0.23542552325944832"
"170","0.16706115687142273","0.16706115687142273","0.16706115687142273","0.19539151178120504","0.19539151178120504","0.19539151178120504","0.2342273544660077","0.2342273544660077","0.2342273544660077"
"171","0.16680190357391708","0.16680190357391708","0.16680190357391708","0.19485986007950304","0.19485986007950304","0.19485986007950304","0.23585878866040574","0.23585878866040574","0.23585878866040574"
"172","0.16825674456134285","0.16825674456134285","0.16825674456134285","0.19862713363593845","0.19862713363593845","0.19862713363593845","0.23635958921018932","0.23635958921018932","0.23635958921018932"
"173","0.16653988946608297","0.16653988946608297","0.16653988946608297","0.19659634536076676","0.19659634536076676","0.19659634536076676","0.23464122624925307","0.23464122624925307","0.23464122624925307"
"174","0.16813131679814566","0.16813131679814566","0.16813131679814566","0.19506539682962684","0.19506539682962684","0.19506539682962684","0.2389812962058595","0.2389812962058595","0.2389812962058595"
"175","0.16569099062448964","0.16569099062448964","0.16569099062448964","0.1966548730300354","0.1966548730300354","0.1966548730300354","0.23151373360578917","0.23151373360578917","0.23151373360578917"
"176","0.1706748718493951","0.1706748718493951","0.1706748718493951","0.19889742954273884","0.19889742954273884","0.19889742954273884","0.23955563387348744","0.23955563387348744","0.23955563387348744"
"177","0.1684410964657331","0.1684410964657331","0.1684410964657331","0.19642991241617258","0.19642991241617258","0.19642991241617258","0.23610243588005345","0.23610243588005345","0.23610243588005345"
"178","0.16670464496189766","0.16670464496189766","0.16670464496189766","0.19689491403657336","0.19689491403657336","0.19689491403657336","0.23920653520825375","0.23920653520825375","0.23920653520825375"
"179","0.16928695950506376","0.16928695950506376","0.16928695950506376","0.19945690264999508","0.19945690264999508","0.19945690264999508","0.23540523602281624","0.23540523602281624","0.23540523602281624"
"180","0.16736496773464127","0.16736496773464127","0.16736496773464127","0.19446250951200073","0.19446250951200073","0.19446250951200073","0.23598265450066946","0.23598265450066946","0.23598265450066946"
"181","0.16841488449092115","0.16841488449092115","0.16841488449092115","0.19620617480900418","0.19620617480900418","0.19620617480900418","0.2379181119193063","0.2379181119193063","0.2379181119193063"
"182","0.1670555059824362","0.1670555059824362","0.1670555059824362","0.19873848345139308","0.19873848345139308","0.19873848345139308","0.2424896149566466","0.2424896149566466","0.2424896149566466"
"183","0.16876240052667194","0.16876240052667194","0.16876240052667194","0.19540122509761307","0.19540122509761307","0.19540122509761307","0.23745421615521192","0.23745421615521192","0.23745421615521192"
"184","0.1693047567610146","0.1693047567610146","0.1693047567610146","0.19837966089549633","0.19837966089549633","0.19837966089549633","0.2326840825829152","0.2326840825829152","0.2326840825829152"
"185","0.16848413069389123","0.16848413069389123","0.16848413069389123","0.19518328883629024","0.19518328883629024","0.19518328883629024","0.23778361730174283","0.23778361730174283","0.23778361730174283"
"186","0.16508999364494248","0.16508999364494248","0.16508999364494248","0.19476131017532294","0.19476131017532294","0.19476131017532294","0.23629977507292246","0.23629977507292246","0.23629977507292246"
"187","0.16838813495660018","0.16838813495660018","0.16838813495660018","0.19401879335364758","0.19401879335364758","0.19401879335364758","0.23676119253356565","0.23676119253356565","0.23676119253356565"
"188","0.1679494053446243","0.1679494053446243","0.1679494053446243","0.2019822613971446","0.2019822613971446","0.2019822613971446","0.23322754926900047","0.23322754926900047","0.23322754926900047"
"189","0.16922226588006228","0.16922226588006228","0.16922226588006228","0.19729167657506977","0.19729167657506977","0.19729167657506977","0.23365745513359903","0.23365745513359903","0.23365745513359903"
"190","0.17080687109818646","0.17080687109818646","0.17080687109818646","0.19498727671960805","0.19498727671960805","0.19498727671960805","0.2368263456480464","0.2368263456480464","0.2368263456480464"
"191","0.1682760080093475","0.1682760080093475","0.1682760080093475","0.19407901778368175","0.19407901778368175","0.19407901778368175","0.23334892536569785","0.23334892536569785","0.23334892536569785"
"192","0.1648702135686876","0.1648702135686876","0.1648702135686876","0.1965886979404389","0.1965886979404389","0.1965886979404389","0.2367760256479522","0.2367760256479522","0.2367760256479522"
"193","0.1662697903573954","0.1662697903573954","0.1662697903573954","0.19699794231030196","0.19699794231030196","0.19699794231030196","0.23229799025071018","0.23229799025071018","0.23229799025071018"
"194","0.1693798195852763","0.1693798195852763","0.1693798195852763","0.19577001050900922","0.19577001050900922","0.19577001050900922","0.23037269741243638","0.23037269741243638","0.23037269741243638"
"195","0.16944008075506314","0.16944008075506314","0.16944008075506314","0.19560878445458285","0.19560878445458285","0.19560878445458285","0.23119242427801148","0.23119242427801148","0.23119242427801148"
"196","0.16955222168783912","0.16955222168783912","0.16955222168783912","0.2009766077142637","0.2009766077142637","0.2009766077142637","0.2377443589670051","0.2377443589670051","0.2377443589670051"
"197","0.16969438330558986","0.16969438330558986","0.16969438330558986","0.19482250370211388","0.19482250370211388","0.19482250370211388","0.23386434449934732","0.23386434449934732","0.23386434449934732"
"198","0.1679820843670964","0.1679820843670964","0.1679820843670964","0.1950265576328266","0.1950265576328266","0.1950265576328266","0.23694420532030303","0.23694420532030303","0.23694420532030303"
"199","0.16779672371147705","0.16779672371147705","0.16779672371147705","0.1953266758574013","0.1953266758574013","0.1953266758574013","0.2343992898615573","0.2343992898615573","0.2343992898615573"
"200","0.1674892090475254","0.1674892090475254","0.1674892090475254","0.19662682698860842","0.19662682698860842","0.19662682698860842","0.23559619662837097","0.23559619662837097","0.23559619662837097"
"201","0.16780472629288065","0.16780472629288065","0.16780472629288065","0.1952952627207072","0.1952952627207072","0.1952952627207072","0.23247048653616922","0.23247048653616922","0.23247048653616922"
"202","0.16862643379046935","0.16862643379046935","0.16862643379046935","0.20013842643259516","0.20013842643259516","0.20013842643259516","0.2326077848654576","0.2326077848654576","0.2326077848654576"
"203","0.1699462975961956","0.1699462975961956","0.1699462975961956","0.1941606711554614","0.1941606711554614","0.1941606711554614","0.23611496314376798","0.23611496314376798","0.23611496314376798"
"204","0.16584475137864252","0.16584475137864252","0.16584475137864252","0.19096596294404236","0.19096596294404236","0.19096596294404236","0.23319944791820602","0.23319944791820602","0.23319944791820602"
"205","0.16676618397637086","0.16676618397637086","0.16676618397637086","0.19386020486422362","0.19386020486422362","0.19386020486422362","0.23198895413902162","0.23198895413902162","0.23198895413902162"
"206","0.17057829056343632","0.17057829056343632","0.17057829056343632","0.19742381101432685","0.19742381101432685","0.19742381101432685","0.2356142869287142","0.2356142869287142","0.2356142869287142"
"207","0.17232570699576344","0.17232570699576344","0.17232570699576344","0.1932020934658375","0.1932020934658375","0.1932020934658375","0.237028681727478","0.237028681727478","0.237028681727478"
"208","0.164000522954312","0.164000522954312","0.164000522954312","0.19534918684481964","0.19534918684481964","0.19534918684481964","0.23498010114139992","0.23498010114139992","0.23498010114139992"
"209","0.16632415326561692","0.16632415326561692","0.16632415326561692","0.19415709019828795","0.19415709019828795","0.19415709019828795","0.2331897997973548","0.2331897997973548","0.2331897997973548"
"210","0.16692000554416916","0.16692000554416916","0.16692000554416916","0.19742557518328305","0.19742557518328305","0.19742557518328305","0.23379868981221982","0.23379868981221982","0.23379868981221982"
"211","0.16558084134014908","0.16558084134014908","0.16558084134014908","0.1987273928786301","0.1987273928786301","0.1987273928786301","0.23494009926096351","0.23494009926096351","0.23494009926096351"
"212","0.16610002904409224","0.16610002904409224","0.16610002904409224","0.1931881311378878","0.1931881311378878","0.1931881311378878","0.23226241864159558","0.23226241864159558","0.23226241864159558"
"213","0.17015469547633363","0.17015469547633363","0.17015469547633363","0.19658825491689014","0.19658825491689014","0.19658825491689014","0.236142356964845","0.236142356964845","0.236142356964845"
"214","0.16997303592295163","0.16997303592295163","0.16997303592295163","0.19728336924330772","0.19728336924330772","0.19728336924330772","0.2339836848596427","0.2339836848596427","0.2339836848596427"
"215","0.16798281014041627","0.16798281014041627","0.16798281014041627","0.19678685159082324","0.19678685159082324","0.19678685159082324","0.23620263021841623","0.23620263021841623","0.23620263021841623"
"216","0.16604274861319965","0.16604274861319965","0.16604274861319965","0.19680291508029935","0.19680291508029935","0.19680291508029935","0.23186002226831837","0.23186002226831837","0.23186002226831837"
"217","0.1678550708654911","0.1678550708654911","0.1678550708654911","0.1918356753378149","0.1918356753378149","0.1918356753378149","0.23477666214518403","0.23477666214518403","0.23477666214518403"
"218","0.1679142963379412","0.1679142963379412","0.1679142963379412","0.19553630192491356","0.19553630192491356","0.19553630192491356","0.23742048225621604","0.23742048225621604","0.23742048225621604"
"219","0.16609294080385803","0.16609294080385803","0.16609294080385803","0.1943775413671782","0.1943775413671782","0.1943775413671782","0.2371978795973165","0.2371978795973165","0.2371978795973165"
"220","0.16751316527814597","0.16751316527814597","0.16751316527814597","0.19573791185825193","0.19573791185825193","0.19573791185825193","0.23123537498098967","0.23123537498098967","0.23123537498098967"
"221","0.1661547940409841","0.1661547940409841","0.1661547940409841","0.19367558053146403","0.19367558053146403","0.19367558053146403","0.23059549818037714","0.23059549818037714","0.23059549818037714"
"222","0.1657151530695029","0.1657151530695029","0.1657151530695029","0.19522475051536894","0.19522475051536894","0.19522475051536894","0.23276882036179392","0.23276882036179392","0.23276882036179392"
"223","0.1688232801091196","0.1688232801091196","0.1688232801091196","0.19683984144856384","0.19683984144856384","0.19683984144856384","0.23392497451019464","0.23392497451019464","0.23392497451019464"
"224","0.1678071344022083","0.1678071344022083","0.1678071344022083","0.1943972747522965","0.1943972747522965","0.1943972747522965","0.23339022341093138","0.23339022341093138","0.23339022341093138"
"225","0.1665888978036237","0.1665888978036237","0.1665888978036237","0.19888716877236812","0.19888716877236812","0.19888716877236812","0.23445170026644102","0.23445170026644102","0.23445170026644102"
"226","0.16499797120286527","0.16499797120286527","0.16499797120286527","0.19504203956572508","0.19504203956572508","0.19504203956572508","0.22956835220872338","0.22956835220872338","0.22956835220872338"
"227","0.1658275710219145","0.1658275710219145","0.1658275710219145","0.19739617122693973","0.19739617122693973","0.19739617122693973","0.2326258433581034","0.2326258433581034","0.2326258433581034"
"228","0.165386661543414","0.165386661543414","0.165386661543414","0.19441045477350394","0.19441045477350394","0.19441045477350394","0.23083068204262636","0.23083068204262636","0.23083068204262636"
"229","0.16558419133779448","0.16558419133779448","0.16558419133779448","0.197369758290074","0.197369758290074","0.197369758290074","0.2357129226106576","0.2357129226106576","0.2357129226106576"
"230","0.16631959342743888","0.16631959342743888","0.16631959342743888","0.19643815629824615","0.19643815629824615","0.19643815629824615","0.23277916074605157","0.23277916074605157","0.23277916074605157"
"231","0.1680457713513055","0.1680457713513055","0.1680457713513055","0.1926708651908007","0.1926708651908007","0.1926708651908007","0.23250390024675194","0.23250390024675194","0.23250390024675194"
"232","0.16925007552201274","0.16925007552201274","0.16925007552201274","0.1953850104027757","0.1953850104027757","0.1953850104027757","0.23341778163668112","0.23341778163668112","0.23341778163668112"
"233","0.16435582386723824","0.16435582386723824","0.16435582386723824","0.19144383194586087","0.19144383194586087","0.19144383194586087","0.23515002307327393","0.23515002307327393","0.23515002307327393"
"234","0.16774365882656447","0.16774365882656447","0.16774365882656447","0.19714736221473594","0.19714736221473594","0.19714736221473594","0.22947953624134387","0.22947953624134387","0.22947953624134387"
"235","0.16986060587523924","0.16986060587523924","0.16986060587523924","0.1934621253531619","0.1934621253531619","0.1934621253531619","0.22839374680528546","0.22839374680528546","0.22839374680528546"
"236","0.16815604211040833","0.16815604211040833","0.16815604211040833","0.19566614505955873","0.19566614505955873","0.19566614505955873","0.2333261903651825","0.2333261903651825","0.2333261903651825"
"237","0.16795681555076494","0.16795681555076494","0.16795681555076494","0.19105233052143034","0.19105233052143034","0.19105233052143034","0.232550648469905","0.232550648469905","0.232550648469905"
"238","0.1680473151535796","0.1680473151535796","0.1680473151535796","0.19281533674726767","0.19281533674726767","0.19281533674726767","0.23030457157335452","0.23030457157335452","0.23030457157335452"
"239","0.17055644969795872","0.17055644969795872","0.17055644969795872","0.19729988733643541","0.19729988733643541","0.19729988733643541","0.23389066763827146","0.23389066763827146","0.23389066763827146"
"240","0.16668189028835456","0.16668189028835456","0.16668189028835456","0.20112103432473427","0.20112103432473427","0.20112103432473427","0.23044245251069526","0.23044245251069526","0.23044245251069526"
"241","0.16796608156814954","0.16796608156814954","0.16796608156814954","0.19099812149067866","0.19099812149067866","0.19099812149067866","0.22712916287465712","0.22712916287465712","0.22712916287465712"
"242","0.167168858771125","0.167168858771125","0.167168858771125","0.19233440217459477","0.19233440217459477","0.19233440217459477","0.22878308884120535","0.22878308884120535","0.22878308884120535"
"243","0.16612910218425317","0.16612910218425317","0.16612910218425317","0.19500900193718715","0.19500900193718715","0.19500900193718715","0.23239857468503466","0.23239857468503466","0.23239857468503466"
"244","0.16610891196318653","0.16610891196318653","0.16610891196318653","0.19502611847233764","0.19502611847233764","0.19502611847233764","0.2324738525135265","0.2324738525135265","0.2324738525135265"
"245","0.16885424921043982","0.16885424921043982","0.16885424921043982","0.19861652862881005","0.19861652862881005","0.19861652862881005","0.22927716550490662","0.22927716550490662","0.22927716550490662"
"246","0.16719365995258387","0.16719365995258387","0.16719365995258387","0.1948565137409156","0.1948565137409156","0.1948565137409156","0.23212636375960158","0.23212636375960158","0.23212636375960158"
"247","0.16315362669439362","0.16315362669439362","0.16315362669439362","0.19241024450915414","0.19241024450915414","0.19241024450915414","0.2283488139913766","0.2283488139913766","0.2283488139913766"
"248","0.1647916783125686","0.1647916783125686","0.1647916783125686","0.19271988585178093","0.19271988585178093","0.19271988585178093","0.23122298976787015","0.23122298976787015","0.23122298976787015"
"249","0.16876099970544645","0.16876099970544645","0.16876099970544645","0.19593316659318005","0.19593316659318005","0.19593316659318005","0.2292743460265462","0.2292743460265462","0.2292743460265462"
"250","0.171624520271511","0.171624520271511","0.171624520271511","0.19480719368046215","0.19480719368046215","0.19480719368046215","0.23372992443165608","0.23372992443165608","0.23372992443165608"
"251","0.16787273155601398","0.16787273155601398","0.16787273155601398","0.1908122707004433","0.1908122707004433","0.1908122707004433","0.229075569095349","0.229075569095349","0.229075569095349"
"252","0.16764505348087907","0.16764505348087907","0.16764505348087907","0.18979429043519938","0.18979429043519938","0.18979429043519938","0.2313034736604859","0.2313034736604859","0.2313034736604859"
"253","0.16989518560143266","0.16989518560143266","0.16989518560143266","0.19319897698736543","0.19319897698736543","0.19319897698736543","0.22940164080281922","0.22940164080281922","0.22940164080281922"
"254","0.16913202764920307","0.16913202764920307","0.16913202764920307","0.19592624592431548","0.19592624592431548","0.19592624592431548","0.23180170458793592","0.23180170458793592","0.23180170458793592"
"255","0.16579311611196887","0.16579311611196887","0.16579311611196887","0.19253284665141526","0.19253284665141526","0.19253284665141526","0.23575543214914088","0.23575543214914088","0.23575543214914088"
"256","0.16543275133419003","0.16543275133419003","0.16543275133419003","0.19668938480045128","0.19668938480045128","0.19668938480045128","0.23734701929803548","0.23734701929803548","0.23734701929803548"
"257","0.16651203165484282","0.16651203165484282","0.16651203165484282","0.19842870129864312","0.19842870129864312","0.19842870129864312","0.22461184963643874","0.22461184963643874","0.22461184963643874"
"258","0.17314180035603022","0.17314180035603022","0.17314180035603022","0.19456382149287757","0.19456382149287757","0.19456382149287757","0.2311959918785419","0.2311959918785419","0.2311959918785419"
"259","0.16823686404029034","0.16823686404029034","0.16823686404029034","0.19349245394743594","0.19349245394743594","0.19349245394743594","0.22920103957998472","0.22920103957998472","0.22920103957998472"
"260","0.16808447606183488","0.16808447606183488","0.16808447606183488","0.19113704678611956","0.19113704678611956","0.19113704678611956","0.23029303813542815","0.23029303813542815","0.23029303813542815"
"261","0.16967888507405673","0.16967888507405673","0.16967888507405673","0.19281695571577148","0.19281695571577148","0.19281695571577148","0.23101249397266874","0.23101249397266874","0.23101249397266874"
"262","0.16821325553396402","0.16821325553396402","0.16821325553396402","0.19450722837500053","0.19450722837500053","0.19450722837500053","0.22913320899066825","0.22913320899066825","0.22913320899066825"
"263","0.1691306883676087","0.1691306883676087","0.1691306883676087","0.1965269041437806","0.1965269041437806","0.1965269041437806","0.22887330940323913","0.22887330940323913","0.22887330940323913"
"264","0.16657465451321826","0.16657465451321826","0.16657465451321826","0.19298696790547565","0.19298696790547565","0.19298696790547565","0.22956274921254816","0.22956274921254816","0.22956274921254816"
"265","0.1698522528754419","0.1698522528754419","0.1698522528754419","0.19251454229633894","0.19251454229633894","0.19251454229633894","0.23298978809107315","0.23298978809107315","0.23298978809107315"
"266","0.16570691562550408","0.16570691562550408","0.16570691562550408","0.19203233235089692","0.19203233235089692","0.19203233235089692","0.23010276870740087","0.23010276870740087","0.23010276870740087"
"267","0.17073317377700348","0.17073317377700348","0.17073317377700348","0.19670968976894795","0.19670968976894795","0.19670968976894795","0.22488344275110786","0.22488344275110786","0.22488344275110786"
"268","0.16835663930381053","0.16835663930381053","0.16835663930381053","0.19284256231482785","0.19284256231482785","0.19284256231482785","0.2257919660465404","0.2257919660465404","0.2257919660465404"
"269","0.16690401532141197","0.16690401532141197","0.16690401532141197","0.19089948009655255","0.19089948009655255","0.19089948009655255","0.23299867615637612","0.23299867615637612","0.23299867615637612"
"270","0.16926408954861602","0.16926408954861602","0.16926408954861602","0.19254449001528587","0.19254449001528587","0.19254449001528587","0.23239251816179052","0.23239251816179052","0.23239251816179052"
"271","0.16657615800865863","0.16657615800865863","0.16657615800865863","0.19124171328938847","0.19124171328938847","0.19124171328938847","0.23204456535085902","0.23204456535085902","0.23204456535085902"
"272","0.17116362812858202","0.17116362812858202","0.17116362812858202","0.19399407340779762","0.19399407340779762","0.19399407340779762","0.23377083679292845","0.23377083679292845","0.23377083679292845"
"273","0.16995722254827503","0.16995722254827503","0.16995722254827503","0.19539744646144042","0.19539744646144042","0.19539744646144042","0.22540366824947053","0.22540366824947053","0.22540366824947053"
"274","0.16773719516569485","0.16773719516569485","0.16773719516569485","0.1962965912125791","0.1962965912125791","0.1962965912125791","0.23193258920578388","0.23193258920578388","0.23193258920578388"
"275","0.16861531294575108","0.16861531294575108","0.16861531294575108","0.1929693086762816","0.1929693086762816","0.1929693086762816","0.23103833771905855","0.23103833771905855","0.23103833771905855"
"276","0.167875738607868","0.167875738607868","0.167875738607868","0.19439000083228286","0.19439000083228286","0.19439000083228286","0.22696771813729377","0.22696771813729377","0.22696771813729377"
"277","0.16727750052046894","0.16727750052046894","0.16727750052046894","0.1938497505121135","0.1938497505121135","0.1938497505121135","0.23495950557728087","0.23495950557728087","0.23495950557728087"
"278","0.16776922706598052","0.16776922706598052","0.16776922706598052","0.19369908044924725","0.19369908044924725","0.19369908044924725","0.23106175752616076","0.23106175752616076","0.23106175752616076"
"279","0.1685754950674314","0.1685754950674314","0.1685754950674314","0.19156417850096283","0.19156417850096283","0.19156417850096283","0.23002871121689936","0.23002871121689936","0.23002871121689936"
"280","0.16804753493078972","0.16804753493078972","0.16804753493078972","0.19340662278146267","0.19340662278146267","0.19340662278146267","0.22923347084848178","0.22923347084848178","0.22923347084848178"
"281","0.16822972649395626","0.16822972649395626","0.16822972649395626","0.19422921001580576","0.19422921001580576","0.19422921001580576","0.2273090392012609","0.2273090392012609","0.2273090392012609"
"282","0.16961286533647404","0.16961286533647404","0.16961286533647404","0.19680243108628204","0.19680243108628204","0.19680243108628204","0.2310408020585193","0.2310408020585193","0.2310408020585193"
"283","0.16857035912256302","0.16857035912256302","0.16857035912256302","0.19156312280506974","0.19156312280506974","0.19156312280506974","0.23163594383578576","0.23163594383578576","0.23163594383578576"
"284","0.1661219683335259","0.1661219683335259","0.1661219683335259","0.1930355744931128","0.1930355744931128","0.1930355744931128","0.22233700699877143","0.22233700699877143","0.22233700699877143"
"285","0.16680193515062233","0.16680193515062233","0.16680193515062233","0.19663873821089276","0.19663873821089276","0.19663873821089276","0.22869251406650112","0.22869251406650112","0.22869251406650112"
"286","0.16572922667507684","0.16572922667507684","0.16572922667507684","0.1938684387446297","0.1938684387446297","0.1938684387446297","0.22783828266496373","0.22783828266496373","0.22783828266496373"
"287","0.1669555126126814","0.1669555126126814","0.1669555126126814","0.19373503841166737","0.19373503841166737","0.19373503841166737","0.2245431593234335","0.2245431593234335","0.2245431593234335"
"288","0.1670957862308848","0.1670957862308848","0.1670957862308848","0.19478087648271938","0.19478087648271938","0.19478087648271938","0.23219254700177347","0.23219254700177347","0.23219254700177347"
"289","0.16569220337593796","0.16569220337593796","0.16569220337593796","0.1939068125599055","0.1939068125599055","0.1939068125599055","0.23105737514404476","0.23105737514404476","0.23105737514404476"
"290","0.16893934696909774","0.16893934696909774","0.16893934696909774","0.1917198276087512","0.1917198276087512","0.1917198276087512","0.22695437951196964","0.22695437951196964","0.22695437951196964"
"291","0.16556858341551672","0.16556858341551672","0.16556858341551672","0.19336067063433146","0.19336067063433146","0.19336067063433146","0.22774862912182822","0.22774862912182822","0.22774862912182822"
"292","0.16844638606832363","0.16844638606832363","0.16844638606832363","0.1905393853088639","0.1905393853088639","0.1905393853088639","0.22695129656737034","0.22695129656737034","0.22695129656737034"
"293","0.16623790288748916","0.16623790288748916","0.16623790288748916","0.1945826004864696","0.1945826004864696","0.1945826004864696","0.22618205210512052","0.22618205210512052","0.22618205210512052"
"294","0.16662871717469105","0.16662871717469105","0.16662871717469105","0.19235690189733182","0.19235690189733182","0.19235690189733182","0.22909770729016823","0.22909770729016823","0.22909770729016823"
"295","0.16664620843933806","0.16664620843933806","0.16664620843933806","0.1935417814186922","0.1935417814186922","0.1935417814186922","0.22827479090300382","0.22827479090300382","0.22827479090300382"
"296","0.169804872831401","0.169804872831401","0.169804872831401","0.19740993694033174","0.19740993694033174","0.19740993694033174","0.22609407944092028","0.22609407944092028","0.22609407944092028"
"297","0.1713859853938855","0.1713859853938855","0.1713859853938855","0.1924172399026689","0.1924172399026689","0.1924172399026689","0.22961917595571826","0.22961917595571826","0.22961917595571826"
"298","0.16824388720260822","0.16824388720260822","0.16824388720260822","0.19413899376710417","0.19413899376710417","0.19413899376710417","0.22485931226024794","0.22485931226024794","0.22485931226024794"
"299","0.1633038493454646","0.1633038493454646","0.1633038493454646","0.19111770350644688","0.19111770350644688","0.19111770350644688","0.23010480668833425","0.23010480668833425","0.23010480668833425"
"300","0.1698452191105784","0.1698452191105784","0.1698452191105784","0.19319755121660545","0.19319755121660545","0.19319755121660545","0.22688289697609695","0.22688289697609695","0.22688289697609695"
"301","0.16726552606871667","0.16726552606871667","0.16726552606871667","0.19039764420555683","0.19039764420555683","0.19039764420555683","0.22792225886501336","0.22792225886501336","0.22792225886501336"
"302","0.16785254046430187","0.16785254046430187","0.16785254046430187","0.19495250784198984","0.19495250784198984","0.19495250784198984","0.22589414041850475","0.22589414041850475","0.22589414041850475"
"303","0.16556084522934625","0.16556084522934625","0.16556084522934625","0.19192062548537203","0.19192062548537203","0.19192062548537203","0.2239787509347029","0.2239787509347029","0.2239787509347029"
"304","0.16626725048686855","0.16626725048686855","0.16626725048686855","0.19277950400127927","0.19277950400127927","0.19277950400127927","0.22788724891485165","0.22788724891485165","0.22788724891485165"
"305","0.16641490154537755","0.16641490154537755","0.16641490154537755","0.19332604034442954","0.19332604034442954","0.19332604034442954","0.22730516754921146","0.22730516754921146","0.22730516754921146"
"306","0.16950229357921898","0.16950229357921898","0.16950229357921898","0.1978272239829335","0.1978272239829335","0.1978272239829335","0.22926877701815762","0.22926877701815762","0.22926877701815762"
"307","0.16524666192027215","0.16524666192027215","0.16524666192027215","0.18652726879748535","0.18652726879748535","0.18652726879748535","0.22885538339863962","0.22885538339863962","0.22885538339863962"
"308","0.16729289756943863","0.16729289756943863","0.16729289756943863","0.1926749156640217","0.1926749156640217","0.1926749156640217","0.22720655749718513","0.22720655749718513","0.22720655749718513"
"309","0.16964305307956096","0.16964305307956096","0.16964305307956096","0.1910245654647674","0.1910245654647674","0.1910245654647674","0.22231566378284537","0.22231566378284537","0.22231566378284537"
"310","0.16692839768091552","0.16692839768091552","0.16692839768091552","0.19570233914375154","0.19570233914375154","0.19570233914375154","0.23019300079760788","0.23019300079760788","0.23019300079760788"
"311","0.162870010905288","0.162870010905288","0.162870010905288","0.1893248048727455","0.1893248048727455","0.1893248048727455","0.22708332937319287","0.22708332937319287","0.22708332937319287"
"312","0.16923793817695562","0.16923793817695562","0.16923793817695562","0.1959334162259245","0.1959334162259245","0.1959334162259245","0.23198058750830253","0.23198058750830253","0.23198058750830253"
"313","0.1688845595956532","0.1688845595956532","0.1688845595956532","0.1942363084154122","0.1942363084154122","0.1942363084154122","0.22990560667184823","0.22990560667184823","0.22990560667184823"
"314","0.1655167605361351","0.1655167605361351","0.1655167605361351","0.19137183255482018","0.19137183255482018","0.19137183255482018","0.22430670064309666","0.22430670064309666","0.22430670064309666"
"315","0.1693321964306074","0.1693321964306074","0.1693321964306074","0.19721024090485573","0.19721024090485573","0.19721024090485573","0.22865976765086302","0.22865976765086302","0.22865976765086302"
"316","0.16576209755955662","0.16576209755955662","0.16576209755955662","0.1956793721964377","0.1956793721964377","0.1956793721964377","0.23045923190075776","0.23045923190075776","0.23045923190075776"
"317","0.16842820201383404","0.16842820201383404","0.16842820201383404","0.1957261597161161","0.1957261597161161","0.1957261597161161","0.22766367674670676","0.22766367674670676","0.22766367674670676"
"318","0.16702941076596653","0.16702941076596653","0.16702941076596653","0.1924703004854111","0.1924703004854111","0.1924703004854111","0.22673328271177765","0.22673328271177765","0.22673328271177765"
"319","0.16910928967692915","0.16910928967692915","0.16910928967692915","0.1914981998685242","0.1914981998685242","0.1914981998685242","0.22592505489970072","0.22592505489970072","0.22592505489970072"
"320","0.16630223782505615","0.16630223782505615","0.16630223782505615","0.1961160706534046","0.1961160706534046","0.1961160706534046","0.22993051693753355","0.22993051693753355","0.22993051693753355"
"321","0.16807936969837847","0.16807936969837847","0.16807936969837847","0.19027780236722489","0.19027780236722489","0.19027780236722489","0.22502972759002426","0.22502972759002426","0.22502972759002426"
"322","0.17057139408162744","0.17057139408162744","0.17057139408162744","0.193251163349854","0.193251163349854","0.193251163349854","0.2267767780502492","0.2267767780502492","0.2267767780502492"
"323","0.1646874763878298","0.1646874763878298","0.1646874763878298","0.19697145762114823","0.19697145762114823","0.19697145762114823","0.23166765596815983","0.23166765596815983","0.23166765596815983"
"324","0.16728040538325897","0.16728040538325897","0.16728040538325897","0.18823988980217862","0.18823988980217862","0.18823988980217862","0.2256510683334494","0.2256510683334494","0.2256510683334494"
"325","0.16667680869350057","0.16667680869350057","0.16667680869350057","0.19239282580100583","0.19239282580100583","0.19239282580100583","0.22452364358449947","0.22452364358449947","0.22452364358449947"
"326","0.16693741982142327","0.16693741982142327","0.16693741982142327","0.19388347499838923","0.19388347499838923","0.19388347499838923","0.22905340917974246","0.22905340917974246","0.22905340917974246"
"327","0.16800315448468994","0.16800315448468994","0.16800315448468994","0.19048630113240117","0.19048630113240117","0.19048630113240117","0.2272383602142867","0.2272383602142867","0.2272383602142867"
"328","0.1692595512066339","0.1692595512066339","0.1692595512066339","0.1911572113110407","0.1911572113110407","0.1911572113110407","0.2249632553974097","0.2249632553974097","0.2249632553974097"
"329","0.16446147827314192","0.16446147827314192","0.16446147827314192","0.1961571321275312","0.1961571321275312","0.1961571321275312","0.2290098012148144","0.2290098012148144","0.2290098012148144"
"330","0.1679039253489464","0.1679039253489464","0.1679039253489464","0.19595840469320813","0.19595840469320813","0.19595840469320813","0.23085548869938247","0.23085548869938247","0.23085548869938247"
"331","0.16568924616066436","0.16568924616066436","0.16568924616066436","0.19838661162004798","0.19838661162004798","0.19838661162004798","0.2223925568133018","0.2223925568133018","0.2223925568133018"
"332","0.16720837904318944","0.16720837904318944","0.16720837904318944","0.19227057467592212","0.19227057467592212","0.19227057467592212","0.2259963599975958","0.2259963599975958","0.2259963599975958"
"333","0.16989151859608972","0.16989151859608972","0.16989151859608972","0.19319464196692018","0.19319464196692018","0.19319464196692018","0.22647969209296326","0.22647969209296326","0.22647969209296326"
"334","0.16823977729706507","0.16823977729706507","0.16823977729706507","0.1925963253011874","0.1925963253011874","0.1925963253011874","0.22597878620713452","0.22597878620713452","0.22597878620713452"
"335","0.16712080991077516","0.16712080991077516","0.16712080991077516","0.1915867972861178","0.1915867972861178","0.1915867972861178","0.22991770408606757","0.22991770408606757","0.22991770408606757"
"336","0.16797237213771962","0.16797237213771962","0.16797237213771962","0.18905137415254417","0.18905137415254417","0.18905137415254417","0.22320106896239647","0.22320106896239647","0.22320106896239647"
"337","0.16764267526152277","0.16764267526152277","0.16764267526152277","0.194691038824826","0.194691038824826","0.194691038824826","0.21904142565623327","0.21904142565623327","0.21904142565623327"
"338","0.1650275423485699","0.1650275423485699","0.1650275423485699","0.19123386480710028","0.19123386480710028","0.19123386480710028","0.22527139725269896","0.22527139725269896","0.22527139725269896"
"339","0.16853886636474633","0.16853886636474633","0.16853886636474633","0.1940866335632336","0.1940866335632336","0.1940866335632336","0.2224603693423879","0.2224603693423879","0.2224603693423879"
"340","0.16667442769606608","0.16667442769606608","0.16667442769606608","0.1913816719950481","0.1913816719950481","0.1913816719950481","0.2290031500882389","0.2290031500882389","0.2290031500882389"
"341","0.1701755819900198","0.1701755819900198","0.1701755819900198","0.19193779660534574","0.19193779660534574","0.19193779660534574","0.22541916023993355","0.22541916023993355","0.22541916023993355"
"342","0.1651047899484446","0.1651047899484446","0.1651047899484446","0.19446109735414832","0.19446109735414832","0.19446109735414832","0.2252978775031763","0.2252978775031763","0.2252978775031763"
"343","0.16823630794621872","0.16823630794621872","0.16823630794621872","0.19189514258011273","0.19189514258011273","0.19189514258011273","0.22402802470719496","0.22402802470719496","0.22402802470719496"
"344","0.16666806923620747","0.16666806923620747","0.16666806923620747","0.19521204783454824","0.19521204783454824","0.19521204783454824","0.22134817367291468","0.22134817367291468","0.22134817367291468"
"345","0.16528389284165065","0.16528389284165065","0.16528389284165065","0.1923752201837261","0.1923752201837261","0.1923752201837261","0.22342353598118359","0.22342353598118359","0.22342353598118359"
"346","0.16765315652028875","0.16765315652028875","0.16765315652028875","0.1911438432232964","0.1911438432232964","0.1911438432232964","0.22381758528778253","0.22381758528778253","0.22381758528778253"
"347","0.16727811555875838","0.16727811555875838","0.16727811555875838","0.192396389363626","0.192396389363626","0.192396389363626","0.22506138418112134","0.22506138418112134","0.22506138418112134"
"348","0.16795644530276943","0.16795644530276943","0.16795644530276943","0.19391335685879882","0.19391335685879882","0.19391335685879882","0.22637002946266402","0.22637002946266402","0.22637002946266402"
"349","0.16461892025058847","0.16461892025058847","0.16461892025058847","0.18939613054340454","0.18939613054340454","0.18939613054340454","0.22789052388953815","0.22789052388953815","0.22789052388953815"
"350","0.16500171243263773","0.16500171243263773","0.16500171243263773","0.191895899376433","0.191895899376433","0.191895899376433","0.22579546299560035","0.22579546299560035","0.22579546299560035"
"351","0.16765638744794","0.16765638744794","0.16765638744794","0.19464437275883517","0.19464437275883517","0.19464437275883517","0.2260348390790001","0.2260348390790001","0.2260348390790001"
"352","0.16639562065412247","0.16639562065412247","0.16639562065412247","0.19045084542576918","0.19045084542576918","0.19045084542576918","0.2274959543292664","0.2274959543292664","0.2274959543292664"
"353","0.16822855602429365","0.16822855602429365","0.16822855602429365","0.19288201181037468","0.19288201181037468","0.19288201181037468","0.22145248650140026","0.22145248650140026","0.22145248650140026"
"354","0.16382438387688422","0.16382438387688422","0.16382438387688422","0.19395209830790194","0.19395209830790194","0.19395209830790194","0.22658577293730123","0.22658577293730123","0.22658577293730123"
"355","0.16733690161956757","0.16733690161956757","0.16733690161956757","0.194893564768973","0.194893564768973","0.194893564768973","0.22533950238983746","0.22533950238983746","0.22533950238983746"
"356","0.1677985530926447","0.1677985530926447","0.1677985530926447","0.1946794014812274","0.1946794014812274","0.1946794014812274","0.22304979184273524","0.22304979184273524","0.22304979184273524"
"357","0.16801763327104466","0.16801763327104466","0.16801763327104466","0.1924948017528183","0.1924948017528183","0.1924948017528183","0.2204218751539204","0.2204218751539204","0.2204218751539204"
"358","0.1684194107851563","0.1684194107851563","0.1684194107851563","0.192144936415653","0.192144936415653","0.192144936415653","0.22330392878593883","0.22330392878593883","0.22330392878593883"
"359","0.1694084812972875","0.1694084812972875","0.1694084812972875","0.19261280119576618","0.19261280119576618","0.19261280119576618","0.22609244814678267","0.22609244814678267","0.22609244814678267"
"360","0.16690889570350453","0.16690889570350453","0.16690889570350453","0.19454660685115618","0.19454660685115618","0.19454660685115618","0.22652169971977779","0.22652169971977779","0.22652169971977779"
"361","0.16862242208845427","0.16862242208845427","0.16862242208845427","0.19240988465588885","0.19240988465588885","0.19240988465588885","0.22358265557194365","0.22358265557194365","0.22358265557194365"
"362","0.16810480298700317","0.16810480298700317","0.16810480298700317","0.1928472745102369","0.1928472745102369","0.1928472745102369","0.22837351513277296","0.22837351513277296","0.22837351513277296"
"363","0.16871800529351108","0.16871800529351108","0.16871800529351108","0.1924294048580751","0.1924294048580751","0.1924294048580751","0.22484276372777248","0.22484276372777248","0.22484276372777248"
"364","0.16827610172748245","0.16827610172748245","0.16827610172748245","0.19009805866505217","0.19009805866505217","0.19009805866505217","0.22378755721669716","0.22378755721669716","0.22378755721669716"
"365","0.1653674915117789","0.1653674915117789","0.1653674915117789","0.19118097091478317","0.19118097091478317","0.19118097091478317","0.22277811892524416","0.22277811892524416","0.22277811892524416"
"366","0.16755345859121137","0.16755345859121137","0.16755345859121137","0.18722295084062882","0.18722295084062882","0.18722295084062882","0.22115140541741604","0.22115140541741604","0.22115140541741604"
"367","0.16689882867328965","0.16689882867328965","0.16689882867328965","0.19223503657770555","0.19223503657770555","0.19223503657770555","0.222497541075618","0.222497541075618","0.222497541075618"
"368","0.16767559092283982","0.16767559092283982","0.16767559092283982","0.19095810063698626","0.19095810063698626","0.19095810063698626","0.22176001707273904","0.22176001707273904","0.22176001707273904"
"369","0.16862349553800524","0.16862349553800524","0.16862349553800524","0.1922857949081385","0.1922857949081385","0.1922857949081385","0.22496007767052814","0.22496007767052814","0.22496007767052814"
"370","0.16643963660727598","0.16643963660727598","0.16643963660727598","0.19209289255054507","0.19209289255054507","0.19209289255054507","0.226060696329253","0.226060696329253","0.226060696329253"
"371","0.16485520499911335","0.16485520499911335","0.16485520499911335","0.1895837566567673","0.1895837566567673","0.1895837566567673","0.22415865624351425","0.22415865624351425","0.22415865624351425"
"372","0.1718194778721649","0.1718194778721649","0.1718194778721649","0.19026529636678724","0.19026529636678724","0.19026529636678724","0.22410300658610713","0.22410300658610713","0.22410300658610713"
"373","0.1693948932586686","0.1693948932586686","0.1693948932586686","0.18667913452002452","0.18667913452002452","0.18667913452002452","0.22871233634291654","0.22871233634291654","0.22871233634291654"
"374","0.16922525998073076","0.16922525998073076","0.16922525998073076","0.19406943004876934","0.19406943004876934","0.19406943004876934","0.22183484749742519","0.22183484749742519","0.22183484749742519"
"375","0.16787519503567472","0.16787519503567472","0.16787519503567472","0.18812904074382628","0.18812904074382628","0.18812904074382628","0.22509481445663368","0.22509481445663368","0.22509481445663368"
"376","0.16636351882842823","0.16636351882842823","0.16636351882842823","0.1908000982454835","0.1908000982454835","0.1908000982454835","0.2213348439171963","0.2213348439171963","0.2213348439171963"
"377","0.16604509858169597","0.16604509858169597","0.16604509858169597","0.19203626567304058","0.19203626567304058","0.19203626567304058","0.2259933905515772","0.2259933905515772","0.2259933905515772"
"378","0.1658057597170989","0.1658057597170989","0.1658057597170989","0.18956504143247824","0.18956504143247824","0.18956504143247824","0.22460242901909697","0.22460242901909697","0.22460242901909697"
"379","0.1661865432084895","0.1661865432084895","0.1661865432084895","0.1928324920622401","0.1928324920622401","0.1928324920622401","0.22170481955382923","0.22170481955382923","0.22170481955382923"
"380","0.1664111725327295","0.1664111725327295","0.1664111725327295","0.1920276683253008","0.1920276683253008","0.1920276683253008","0.22542702720288352","0.22542702720288352","0.22542702720288352"
"381","0.17039095172943444","0.17039095172943444","0.17039095172943444","0.1917985865835934","0.1917985865835934","0.1917985865835934","0.22695506563607806","0.22695506563607806","0.22695506563607806"
"382","0.1673953840206043","0.1673953840206043","0.1673953840206043","0.19264610767193766","0.19264610767193766","0.19264610767193766","0.21963658913948966","0.21963658913948966","0.21963658913948966"
"383","0.16736974123239312","0.16736974123239312","0.16736974123239312","0.19034662238578418","0.19034662238578418","0.19034662238578418","0.22598596676413144","0.22598596676413144","0.22598596676413144"
"384","0.1679577305336868","0.1679577305336868","0.1679577305336868","0.194005538385687","0.194005538385687","0.194005538385687","0.22443925094229059","0.22443925094229059","0.22443925094229059"
"385","0.16763503887897782","0.16763503887897782","0.16763503887897782","0.1922535462731396","0.1922535462731396","0.1922535462731396","0.225284423550596","0.225284423550596","0.225284423550596"
"386","0.1706255037363759","0.1706255037363759","0.1706255037363759","0.19555533039228243","0.19555533039228243","0.19555533039228243","0.22211247347489863","0.22211247347489863","0.22211247347489863"
"387","0.16855796490390884","0.16855796490390884","0.16855796490390884","0.18987859137813157","0.18987859137813157","0.18987859137813157","0.22073557359697682","0.22073557359697682","0.22073557359697682"
"388","0.1648044283023906","0.1648044283023906","0.1648044283023906","0.1931092100934737","0.1931092100934737","0.1931092100934737","0.21940767360145128","0.21940767360145128","0.21940767360145128"
"389","0.16788870850632295","0.16788870850632295","0.16788870850632295","0.19517230667478136","0.19517230667478136","0.19517230667478136","0.22479259159563045","0.22479259159563045","0.22479259159563045"
"390","0.1682129202531191","0.1682129202531191","0.1682129202531191","0.18796341320783505","0.18796341320783505","0.18796341320783505","0.22565416629239132","0.22565416629239132","0.22565416629239132"
"391","0.16578011711295262","0.16578011711295262","0.16578011711295262","0.18880304604426976","0.18880304604426976","0.18880304604426976","0.225305328528374","0.225305328528374","0.225305328528374"
"392","0.16731340116794347","0.16731340116794347","0.16731340116794347","0.19267131284197395","0.19267131284197395","0.19267131284197395","0.2236588062420346","0.2236588062420346","0.2236588062420346"
"393","0.16709515634842223","0.16709515634842223","0.16709515634842223","0.18847326821514207","0.18847326821514207","0.18847326821514207","0.2222739881252398","0.2222739881252398","0.2222739881252398"
"394","0.1669892562964899","0.1669892562964899","0.1669892562964899","0.1937945328010855","0.1937945328010855","0.1937945328010855","0.22102832497739236","0.22102832497739236","0.22102832497739236"
"395","0.16661780506367632","0.16661780506367632","0.16661780506367632","0.19496820647191856","0.19496820647191856","0.19496820647191856","0.22434101646847485","0.22434101646847485","0.22434101646847485"
"396","0.16786933652398295","0.16786933652398295","0.16786933652398295","0.18898073050657108","0.18898073050657108","0.18898073050657108","0.22631443593983788","0.22631443593983788","0.22631443593983788"
"397","0.16573449063905438","0.16573449063905438","0.16573449063905438","0.19121250233509832","0.19121250233509832","0.19121250233509832","0.22548207061066242","0.22548207061066242","0.22548207061066242"
"398","0.16713564887264545","0.16713564887264545","0.16713564887264545","0.1909412788779172","0.1909412788779172","0.1909412788779172","0.22108483788420283","0.22108483788420283","0.22108483788420283"
"399","0.16796931945595708","0.16796931945595708","0.16796931945595708","0.1917086557957033","0.1917086557957033","0.1917086557957033","0.22348453729997977","0.22348453729997977","0.22348453729997977"
"400","0.1671314463178224","0.1671314463178224","0.1671314463178224","0.19139157245610325","0.19139157245610325","0.19139157245610325","0.22627161595349987","0.22627161595349987","0.22627161595349987"
"401","0.1649657037913213","0.1649657037913213","0.1649657037913213","0.19303723876430237","0.19303723876430237","0.19303723876430237","0.2220320918121419","0.2220320918121419","0.2220320918121419"
"402","0.16562222574007332","0.16562222574007332","0.16562222574007332","0.18974948276396916","0.18974948276396916","0.18974948276396916","0.21966201936243543","0.21966201936243543","0.21966201936243543"
"403","0.16665374437900887","0.16665374437900887","0.16665374437900887","0.19232540499554127","0.19232540499554127","0.19232540499554127","0.2234166170832659","0.2234166170832659","0.2234166170832659"
"404","0.16685218247730235","0.16685218247730235","0.16685218247730235","0.1935728351258503","0.1935728351258503","0.1935728351258503","0.22348221897459777","0.22348221897459777","0.22348221897459777"
"405","0.16847801613254623","0.16847801613254623","0.16847801613254623","0.19064277804003663","0.19064277804003663","0.19064277804003663","0.2199340945974748","0.2199340945974748","0.2199340945974748"
"406","0.16467710811918143","0.16467710811918143","0.16467710811918143","0.19040816069415598","0.19040816069415598","0.19040816069415598","0.2171440287611156","0.2171440287611156","0.2171440287611156"
"407","0.1660751334924436","0.1660751334924436","0.1660751334924436","0.19083874627970113","0.19083874627970113","0.19083874627970113","0.21581866296387006","0.21581866296387006","0.21581866296387006"
"408","0.168469507395267","0.168469507395267","0.168469507395267","0.19164200783266497","0.19164200783266497","0.19164200783266497","0.22081646550969428","0.22081646550969428","0.22081646550969428"
"409","0.1678214731994405","0.1678214731994405","0.1678214731994405","0.18785068398762286","0.18785068398762286","0.18785068398762286","0.22407242125205798","0.22407242125205798","0.22407242125205798"
"410","0.16669071084067888","0.16669071084067888","0.16669071084067888","0.19219763178321725","0.19219763178321725","0.19219763178321725","0.22156328132772615","0.22156328132772615","0.22156328132772615"
"411","0.16579229681131366","0.16579229681131366","0.16579229681131366","0.1903353404664916","0.1903353404664916","0.1903353404664916","0.2239373718887738","0.2239373718887738","0.2239373718887738"
"412","0.16755236033331922","0.16755236033331922","0.16755236033331922","0.19031794399771504","0.19031794399771504","0.19031794399771504","0.21908406402076266","0.21908406402076266","0.21908406402076266"
"413","0.16798424243814788","0.16798424243814788","0.16798424243814788","0.1897062518294296","0.1897062518294296","0.1897062518294296","0.22145367954801312","0.22145367954801312","0.22145367954801312"
"414","0.16753684064762453","0.16753684064762453","0.16753684064762453","0.19024664495011115","0.19024664495011115","0.19024664495011115","0.21705979104208886","0.21705979104208886","0.21705979104208886"
"415","0.1652272164315123","0.1652272164315123","0.1652272164315123","0.18710257388816717","0.18710257388816717","0.18710257388816717","0.22402704707244078","0.22402704707244078","0.22402704707244078"
"416","0.16673169471902027","0.16673169471902027","0.16673169471902027","0.19122102104946118","0.19122102104946118","0.19122102104946118","0.22215214899451477","0.22215214899451477","0.22215214899451477"
"417","0.1678106048504546","0.1678106048504546","0.1678106048504546","0.18642685620459518","0.18642685620459518","0.18642685620459518","0.22136161767433574","0.22136161767433574","0.22136161767433574"
"418","0.16725973051371054","0.16725973051371054","0.16725973051371054","0.1912036560914833","0.1912036560914833","0.1912036560914833","0.22231786531568765","0.22231786531568765","0.22231786531568765"
"419","0.16557612713394382","0.16557612713394382","0.16557612713394382","0.19014253218985547","0.19014253218985547","0.19014253218985547","0.21951183784676168","0.21951183784676168","0.21951183784676168"
"420","0.1662964827515629","0.1662964827515629","0.1662964827515629","0.19084569551833078","0.19084569551833078","0.19084569551833078","0.22258815463917578","0.22258815463917578","0.22258815463917578"
"421","0.1685405728974673","0.1685405728974673","0.1685405728974673","0.19027190777737202","0.19027190777737202","0.19027190777737202","0.2232934461730355","0.2232934461730355","0.2232934461730355"
"422","0.16610152036051554","0.16610152036051554","0.16610152036051554","0.19385223672496021","0.19385223672496021","0.19385223672496021","0.22313216229403154","0.22313216229403154","0.22313216229403154"
"423","0.1656002762306394","0.1656002762306394","0.1656002762306394","0.18661707310316858","0.18661707310316858","0.18661707310316858","0.22044978703562743","0.22044978703562743","0.22044978703562743"
"424","0.16601773525645208","0.16601773525645208","0.16601773525645208","0.19224827570616587","0.19224827570616587","0.19224827570616587","0.21810242864813198","0.21810242864813198","0.21810242864813198"
"425","0.16722374979891444","0.16722374979891444","0.16722374979891444","0.1910818481026945","0.1910818481026945","0.1910818481026945","0.2226797837693235","0.2226797837693235","0.2226797837693235"
"426","0.16878673963966206","0.16878673963966206","0.16878673963966206","0.19256883016149087","0.19256883016149087","0.19256883016149087","0.22230839383449094","0.22230839383449094","0.22230839383449094"
"427","0.1640508967619785","0.1640508967619785","0.1640508967619785","0.19088266228869136","0.19088266228869136","0.19088266228869136","0.22665307758139475","0.22665307758139475","0.22665307758139475"
"428","0.16385962733259765","0.16385962733259765","0.16385962733259765","0.18968451541164152","0.18968451541164152","0.18968451541164152","0.21838278176461054","0.21838278176461054","0.21838278176461054"
"429","0.16983174464782635","0.16983174464782635","0.16983174464782635","0.1915422269123075","0.1915422269123075","0.1915422269123075","0.21974450573958637","0.21974450573958637","0.21974450573958637"
"430","0.16667861485598892","0.16667861485598892","0.16667861485598892","0.19003082018137896","0.19003082018137896","0.19003082018137896","0.2248432243590007","0.2248432243590007","0.2248432243590007"
"431","0.16773772365245984","0.16773772365245984","0.16773772365245984","0.1895933648857467","0.1895933648857467","0.1895933648857467","0.22083421327482725","0.22083421327482725","0.22083421327482725"
"432","0.16876905188786073","0.16876905188786073","0.16876905188786073","0.1913618796245494","0.1913618796245494","0.1913618796245494","0.22025242033153866","0.22025242033153866","0.22025242033153866"
"433","0.16620240877612366","0.16620240877612366","0.16620240877612366","0.1919124571601967","0.1919124571601967","0.1919124571601967","0.22035631544688672","0.22035631544688672","0.22035631544688672"
"434","0.1645466658603614","0.1645466658603614","0.1645466658603614","0.1936457668708269","0.1936457668708269","0.1936457668708269","0.22049279679334255","0.22049279679334255","0.22049279679334255"
"435","0.163810314664843","0.163810314664843","0.163810314664843","0.19019772113274272","0.19019772113274272","0.19019772113274272","0.22023454743060142","0.22023454743060142","0.22023454743060142"
"436","0.1652755040647134","0.1652755040647134","0.1652755040647134","0.1914839463297057","0.1914839463297057","0.1914839463297057","0.2203429306503868","0.2203429306503868","0.2203429306503868"
"437","0.1665290076222006","0.1665290076222006","0.1665290076222006","0.18878967287801576","0.18878967287801576","0.18878967287801576","0.22115892162317452","0.22115892162317452","0.22115892162317452"
"438","0.168077849499779","0.168077849499779","0.168077849499779","0.19034589591274054","0.19034589591274054","0.19034589591274054","0.21898835440473796","0.21898835440473796","0.21898835440473796"
"439","0.1640555966485669","0.1640555966485669","0.1640555966485669","0.18764558571704903","0.18764558571704903","0.18764558571704903","0.21884646732272603","0.21884646732272603","0.21884646732272603"
"440","0.16427670186789636","0.16427670186789636","0.16427670186789636","0.18927394045147675","0.18927394045147675","0.18927394045147675","0.2204091918033142","0.2204091918033142","0.2204091918033142"
"441","0.16836091789216268","0.16836091789216268","0.16836091789216268","0.19454941792214156","0.19454941792214156","0.19454941792214156","0.2206393405471566","0.2206393405471566","0.2206393405471566"
"442","0.1649883554359235","0.1649883554359235","0.1649883554359235","0.18629155136885844","0.18629155136885844","0.18629155136885844","0.21975257129168713","0.21975257129168713","0.21975257129168713"
"443","0.1683089890138536","0.1683089890138536","0.1683089890138536","0.189002206826568","0.189002206826568","0.189002206826568","0.2216779165285592","0.2216779165285592","0.2216779165285592"
"444","0.16827195301518108","0.16827195301518108","0.16827195301518108","0.19036439513378367","0.19036439513378367","0.19036439513378367","0.21962370485574198","0.21962370485574198","0.21962370485574198"
"445","0.16579200362030633","0.16579200362030633","0.16579200362030633","0.18965645434118236","0.18965645434118236","0.18965645434118236","0.21939451023709985","0.21939451023709985","0.21939451023709985"
"446","0.16690737897154986","0.16690737897154986","0.16690737897154986","0.18770350721890416","0.18770350721890416","0.18770350721890416","0.2207428008384125","0.2207428008384125","0.2207428008384125"
"447","0.16630904920532416","0.16630904920532416","0.16630904920532416","0.19500547794232567","0.19500547794232567","0.19500547794232567","0.21932074284608846","0.21932074284608846","0.21932074284608846"
"448","0.16538824661911208","0.16538824661911208","0.16538824661911208","0.19123139600686567","0.19123139600686567","0.19123139600686567","0.22039889643227162","0.22039889643227162","0.22039889643227162"
"449","0.16526488508447898","0.16526488508447898","0.16526488508447898","0.18802092315135888","0.18802092315135888","0.18802092315135888","0.21908421341611836","0.21908421341611836","0.21908421341611836"
"450","0.16601274814890907","0.16601274814890907","0.16601274814890907","0.18860048192183568","0.18860048192183568","0.18860048192183568","0.22272804215529388","0.22272804215529388","0.22272804215529388"
"451","0.1677442087747422","0.1677442087747422","0.1677442087747422","0.18771277470814843","0.18771277470814843","0.18771277470814843","0.21910460770027562","0.21910460770027562","0.21910460770027562"
"452","0.1666291819853519","0.1666291819853519","0.1666291819853519","0.1904366875339457","0.1904366875339457","0.1904366875339457","0.22128879509809515","0.22128879509809515","0.22128879509809515"
"453","0.16679984842295484","0.16679984842295484","0.16679984842295484","0.18556684363693254","0.18556684363693254","0.18556684363693254","0.22524487437893478","0.22524487437893478","0.22524487437893478"
"454","0.1651009608550842","0.1651009608550842","0.1651009608550842","0.18960351664459232","0.18960351664459232","0.18960351664459232","0.22127139387368452","0.22127139387368452","0.22127139387368452"
"455","0.16755453513296656","0.16755453513296656","0.16755453513296656","0.18752957398193928","0.18752957398193928","0.18752957398193928","0.21577529586304248","0.21577529586304248","0.21577529586304248"
"456","0.16577244851240489","0.16577244851240489","0.16577244851240489","0.18688081016424327","0.18688081016424327","0.18688081016424327","0.2204053285868981","0.2204053285868981","0.2204053285868981"
"457","0.16507543084395382","0.16507543084395382","0.16507543084395382","0.18938376855436168","0.18938376855436168","0.18938376855436168","0.22180900114074495","0.22180900114074495","0.22180900114074495"
"458","0.16986979123189302","0.16986979123189302","0.16986979123189302","0.19214125713192798","0.19214125713192798","0.19214125713192798","0.22304326603268224","0.22304326603268224","0.22304326603268224"
"459","0.16695760503512813","0.16695760503512813","0.16695760503512813","0.18968393421494667","0.18968393421494667","0.18968393421494667","0.22192653976041152","0.22192653976041152","0.22192653976041152"
"460","0.16664866260281774","0.16664866260281774","0.16664866260281774","0.18967263795630698","0.18967263795630698","0.18967263795630698","0.2223464974254132","0.2223464974254132","0.2223464974254132"
"461","0.16780026141017132","0.16780026141017132","0.16780026141017132","0.18924468336624437","0.18924468336624437","0.18924468336624437","0.21856513308280456","0.21856513308280456","0.21856513308280456"
"462","0.1684184777286665","0.1684184777286665","0.1684184777286665","0.18998144128734104","0.18998144128734104","0.18998144128734104","0.21901782457448551","0.21901782457448551","0.21901782457448551"
"463","0.1666304388146573","0.1666304388146573","0.1666304388146573","0.18973375995343977","0.18973375995343977","0.18973375995343977","0.22130613750321557","0.22130613750321557","0.22130613750321557"
"464","0.16617499220822246","0.16617499220822246","0.16617499220822246","0.1872949681166799","0.1872949681166799","0.1872949681166799","0.22303330702951232","0.22303330702951232","0.22303330702951232"
"465","0.1629024014235464","0.1629024014235464","0.1629024014235464","0.1859285230006321","0.1859285230006321","0.1859285230006321","0.22257926823487884","0.22257926823487884","0.22257926823487884"
"466","0.16581303388525573","0.16581303388525573","0.16581303388525573","0.19089368220492306","0.19089368220492306","0.19089368220492306","0.21957455254483946","0.21957455254483946","0.21957455254483946"
"467","0.16523814299843018","0.16523814299843018","0.16523814299843018","0.18965544701522252","0.18965544701522252","0.18965544701522252","0.21648926632444956","0.21648926632444956","0.21648926632444956"
"468","0.16894577081209397","0.16894577081209397","0.16894577081209397","0.18852075646217825","0.18852075646217825","0.18852075646217825","0.21659526838986598","0.21659526838986598","0.21659526838986598"
"469","0.16406469007988259","0.16406469007988259","0.16406469007988259","0.1866205146145317","0.1866205146145317","0.1866205146145317","0.2224672832702764","0.2224672832702764","0.2224672832702764"
"470","0.16587051904744549","0.16587051904744549","0.16587051904744549","0.19068811354334816","0.19068811354334816","0.19068811354334816","0.22134694201581293","0.22134694201581293","0.22134694201581293"
"471","0.16763195085992685","0.16763195085992685","0.16763195085992685","0.19269468678134408","0.19269468678134408","0.19269468678134408","0.22526092918966067","0.22526092918966067","0.22526092918966067"
"472","0.16527632303082881","0.16527632303082881","0.16527632303082881","0.19267649026343833","0.19267649026343833","0.19267649026343833","0.21982183863415025","0.21982183863415025","0.21982183863415025"
"473","0.16480709338177424","0.16480709338177424","0.16480709338177424","0.1882667906628223","0.1882667906628223","0.1882667906628223","0.227247907335649","0.227247907335649","0.227247907335649"
"474","0.1655036765100095","0.1655036765100095","0.1655036765100095","0.19151411088970707","0.19151411088970707","0.19151411088970707","0.2167982381898718","0.2167982381898718","0.2167982381898718"
"475","0.1669044569028152","0.1669044569028152","0.1669044569028152","0.18839388893009598","0.18839388893009598","0.18839388893009598","0.21667057681619487","0.21667057681619487","0.21667057681619487"
"476","0.16826790938049782","0.16826790938049782","0.16826790938049782","0.1862745692786096","0.1862745692786096","0.1862745692786096","0.2175854392052952","0.2175854392052952","0.2175854392052952"
"477","0.16766317888486737","0.16766317888486737","0.16766317888486737","0.18440549622975863","0.18440549622975863","0.18440549622975863","0.22331553835629378","0.22331553835629378","0.22331553835629378"
"478","0.16873114008214748","0.16873114008214748","0.16873114008214748","0.18808858316145094","0.18808858316145094","0.18808858316145094","0.21935064887239766","0.21935064887239766","0.21935064887239766"
"479","0.1650978629225706","0.1650978629225706","0.1650978629225706","0.18810809941175102","0.18810809941175102","0.18810809941175102","0.22181420625008252","0.22181420625008252","0.22181420625008252"
"480","0.16592465779800858","0.16592465779800858","0.16592465779800858","0.18596057578943734","0.18596057578943734","0.18596057578943734","0.21374378330208285","0.21374378330208285","0.21374378330208285"
"481","0.16830664833993372","0.16830664833993372","0.16830664833993372","0.19143573724985516","0.19143573724985516","0.19143573724985516","0.2240286631563904","0.2240286631563904","0.2240286631563904"
"482","0.16384221738808907","0.16384221738808907","0.16384221738808907","0.19201273522488913","0.19201273522488913","0.19201273522488913","0.2178879119162985","0.2178879119162985","0.2178879119162985"
"483","0.1686835411015668","0.1686835411015668","0.1686835411015668","0.18724708016545935","0.18724708016545935","0.18724708016545935","0.2127586591405424","0.2127586591405424","0.2127586591405424"
"484","0.16754239348894284","0.16754239348894284","0.16754239348894284","0.1907991699322283","0.1907991699322283","0.1907991699322283","0.2174314662380358","0.2174314662380358","0.2174314662380358"
"485","0.1655485630837071","0.1655485630837071","0.1655485630837071","0.18972396182276388","0.18972396182276388","0.18972396182276388","0.21894917510633674","0.21894917510633674","0.21894917510633674"
"486","0.16577085690755347","0.16577085690755347","0.16577085690755347","0.18713018301226128","0.18713018301226128","0.18713018301226128","0.21982197813973334","0.21982197813973334","0.21982197813973334"
"487","0.16503430081982554","0.16503430081982554","0.16503430081982554","0.18980985728074076","0.18980985728074076","0.18980985728074076","0.21832604278515313","0.21832604278515313","0.21832604278515313"
"488","0.1627196634297757","0.1627196634297757","0.1627196634297757","0.19089914939365893","0.19089914939365893","0.19089914939365893","0.21807594143662032","0.21807594143662032","0.21807594143662032"
"489","0.16502050208242997","0.16502050208242997","0.16502050208242997","0.1894410055625674","0.1894410055625674","0.1894410055625674","0.22274344183245876","0.22274344183245876","0.22274344183245876"
"490","0.16512965960017964","0.16512965960017964","0.16512965960017964","0.1902398709806541","0.1902398709806541","0.1902398709806541","0.2171220707539974","0.2171220707539974","0.2171220707539974"
"491","0.16557010518449136","0.16557010518449136","0.16557010518449136","0.18963958472424633","0.18963958472424633","0.18963958472424633","0.21555845822821215","0.21555845822821215","0.21555845822821215"
"492","0.16412221036667374","0.16412221036667374","0.16412221036667374","0.18940174048290126","0.18940174048290126","0.18940174048290126","0.21383265671525742","0.21383265671525742","0.21383265671525742"
"493","0.16297867834835741","0.16297867834835741","0.16297867834835741","0.19130251065923312","0.19130251065923312","0.19130251065923312","0.2165004289249102","0.2165004289249102","0.2165004289249102"
"494","0.16804832188849905","0.16804832188849905","0.16804832188849905","0.18482031489331585","0.18482031489331585","0.18482031489331585","0.2146394961870872","0.2146394961870872","0.2146394961870872"
"495","0.1642497489118874","0.1642497489118874","0.1642497489118874","0.18552429583398253","0.18552429583398253","0.18552429583398253","0.21765999495436997","0.21765999495436997","0.21765999495436997"
"496","0.1653920007106833","0.1653920007106833","0.1653920007106833","0.1918493393710398","0.1918493393710398","0.1918493393710398","0.21751841565246832","0.21751841565246832","0.21751841565246832"
"497","0.17259638970509275","0.17259638970509275","0.17259638970509275","0.19122805484553906","0.19122805484553906","0.19122805484553906","0.21353300524981708","0.21353300524981708","0.21353300524981708"
"498","0.1686582030768383","0.1686582030768383","0.1686582030768383","0.19334758780539438","0.19334758780539438","0.19334758780539438","0.21627529601568182","0.21627529601568182","0.21627529601568182"
"499","0.1664263593423861","0.1664263593423861","0.1664263593423861","0.19169455086317844","0.19169455086317844","0.19169455086317844","0.21835862391625904","0.21835862391625904","0.21835862391625904"
"500","0.16729428692372142","0.16729428692372142","0.16729428692372142","0.18858384355562952","0.18858384355562952","0.18858384355562952","0.21950762139081895","0.21950762139081895","0.21950762139081895"
"501","0.16409895779470024","0.16409895779470024","0.16409895779470024","0.18890330477732528","0.18890330477732528","0.18890330477732528","0.2170107550363739","0.2170107550363739","0.2170107550363739"
"502","0.16464572190843843","0.16464572190843843","0.16464572190843843","0.19121451423074806","0.19121451423074806","0.19121451423074806","0.22163562857855093","0.22163562857855093","0.22163562857855093"
"503","0.16611164519648655","0.16611164519648655","0.16611164519648655","0.18906558154890618","0.18906558154890618","0.18906558154890618","0.2159879373645092","0.2159879373645092","0.2159879373645092"
"504","0.16607534420530454","0.16607534420530454","0.16607534420530454","0.18975497454240084","0.18975497454240084","0.18975497454240084","0.21692800398398085","0.21692800398398085","0.21692800398398085"
"505","0.16699997905986663","0.16699997905986663","0.16699997905986663","0.18432020274169034","0.18432020274169034","0.18432020274169034","0.22184404105630318","0.22184404105630318","0.22184404105630318"
"506","0.16906231248930367","0.16906231248930367","0.16906231248930367","0.18978347333127732","0.18978347333127732","0.18978347333127732","0.21950896998948768","0.21950896998948768","0.21950896998948768"
"507","0.1666911603132655","0.1666911603132655","0.1666911603132655","0.1868611188542485","0.1868611188542485","0.1868611188542485","0.21966986241720252","0.21966986241720252","0.21966986241720252"
"508","0.1670243026470106","0.1670243026470106","0.1670243026470106","0.1849321827900965","0.1849321827900965","0.1849321827900965","0.22107296130685516","0.22107296130685516","0.22107296130685516"
"509","0.16910819827124948","0.16910819827124948","0.16910819827124948","0.18993054397109455","0.18993054397109455","0.18993054397109455","0.21847431054919017","0.21847431054919017","0.21847431054919017"
"510","0.1697748330617499","0.1697748330617499","0.1697748330617499","0.18856884256967743","0.18856884256967743","0.18856884256967743","0.2199120220837991","0.2199120220837991","0.2199120220837991"
"511","0.16650101601460907","0.16650101601460907","0.16650101601460907","0.19029574057162882","0.19029574057162882","0.19029574057162882","0.218773561898478","0.218773561898478","0.218773561898478"
"512","0.1644946808644905","0.1644946808644905","0.1644946808644905","0.18647464058899274","0.18647464058899274","0.18647464058899274","0.21607454846124274","0.21607454846124274","0.21607454846124274"
"513","0.1659106167466046","0.1659106167466046","0.1659106167466046","0.1898602346610989","0.1898602346610989","0.1898602346610989","0.2153541993756004","0.2153541993756004","0.2153541993756004"
"514","0.1658429954584252","0.1658429954584252","0.1658429954584252","0.18903926319330389","0.18903926319330389","0.18903926319330389","0.21690475285593944","0.21690475285593944","0.21690475285593944"
"515","0.16856170322479247","0.16856170322479247","0.16856170322479247","0.18867310446165944","0.18867310446165944","0.18867310446165944","0.2172352028384712","0.2172352028384712","0.2172352028384712"
"516","0.16757981437001623","0.16757981437001623","0.16757981437001623","0.18857421268453503","0.18857421268453503","0.18857421268453503","0.2191860897567578","0.2191860897567578","0.2191860897567578"
"517","0.16624721366333214","0.16624721366333214","0.16624721366333214","0.18935111063941903","0.18935111063941903","0.18935111063941903","0.21987232344474275","0.21987232344474275","0.21987232344474275"
"518","0.16997140281027767","0.16997140281027767","0.16997140281027767","0.1877418654019669","0.1877418654019669","0.1877418654019669","0.2181319102689598","0.2181319102689598","0.2181319102689598"
"519","0.16684731120013238","0.16684731120013238","0.16684731120013238","0.1903065451707463","0.1903065451707463","0.1903065451707463","0.21670533059515196","0.21670533059515196","0.21670533059515196"
"520","0.16536485532380607","0.16536485532380607","0.16536485532380607","0.18526247666820414","0.18526247666820414","0.18526247666820414","0.2147961470655628","0.2147961470655628","0.2147961470655628"
"521","0.16737361814258547","0.16737361814258547","0.16737361814258547","0.18944708731836232","0.18944708731836232","0.18944708731836232","0.22043094091935775","0.22043094091935775","0.22043094091935775"
"522","0.1656763484070977","0.1656763484070977","0.1656763484070977","0.18497758719917481","0.18497758719917481","0.18497758719917481","0.22209368433992424","0.22209368433992424","0.22209368433992424"
"523","0.1626851829864768","0.1626851829864768","0.1626851829864768","0.18635186740299967","0.18635186740299967","0.18635186740299967","0.2168439505337526","0.2168439505337526","0.2168439505337526"
"524","0.1675107699344227","0.1675107699344227","0.1675107699344227","0.18852377176726084","0.18852377176726084","0.18852377176726084","0.21965898948443527","0.21965898948443527","0.21965898948443527"
"525","0.1634972270754362","0.1634972270754362","0.1634972270754362","0.1867774442566652","0.1867774442566652","0.1867774442566652","0.21448986484701926","0.21448986484701926","0.21448986484701926"
"526","0.16461068810300308","0.16461068810300308","0.16461068810300308","0.18823089908305238","0.18823089908305238","0.18823089908305238","0.2204792164691696","0.2204792164691696","0.2204792164691696"
"527","0.1652115581208931","0.1652115581208931","0.1652115581208931","0.18860911484088153","0.18860911484088153","0.18860911484088153","0.21704492792590924","0.21704492792590924","0.21704492792590924"
"528","0.16554108859066446","0.16554108859066446","0.16554108859066446","0.18553691056984548","0.18553691056984548","0.18553691056984548","0.21219973861007357","0.21219973861007357","0.21219973861007357"
"529","0.16605074371170941","0.16605074371170941","0.16605074371170941","0.19321474303256078","0.19321474303256078","0.19321474303256078","0.22096484560523752","0.22096484560523752","0.22096484560523752"
"530","0.16458904505099067","0.16458904505099067","0.16458904505099067","0.18582679163684637","0.18582679163684637","0.18582679163684637","0.21894922078843126","0.21894922078843126","0.21894922078843126"
"531","0.16850389546244096","0.16850389546244096","0.16850389546244096","0.187624495867699","0.187624495867699","0.187624495867699","0.21552418858950464","0.21552418858950464","0.21552418858950464"
"532","0.1663858020512734","0.1663858020512734","0.1663858020512734","0.18708413371456087","0.18708413371456087","0.18708413371456087","0.21397160200644172","0.21397160200644172","0.21397160200644172"
"533","0.16492304174276726","0.16492304174276726","0.16492304174276726","0.19066496039397754","0.19066496039397754","0.19066496039397754","0.2149363502834237","0.2149363502834237","0.2149363502834237"
"534","0.1660242946331413","0.1660242946331413","0.1660242946331413","0.18979289537110502","0.18979289537110502","0.18979289537110502","0.2154682297149956","0.2154682297149956","0.2154682297149956"
"535","0.16430747061141932","0.16430747061141932","0.16430747061141932","0.18741812821818452","0.18741812821818452","0.18741812821818452","0.22118251801042932","0.22118251801042932","0.22118251801042932"
"536","0.16657670251064985","0.16657670251064985","0.16657670251064985","0.18643102863632569","0.18643102863632569","0.18643102863632569","0.21881542129584441","0.21881542129584441","0.21881542129584441"
"537","0.16645694589891266","0.16645694589891266","0.16645694589891266","0.19351442792581544","0.19351442792581544","0.19351442792581544","0.2207516005351288","0.2207516005351288","0.2207516005351288"
"538","0.16703994279735437","0.16703994279735437","0.16703994279735437","0.18776393353786133","0.18776393353786133","0.18776393353786133","0.21989514962778947","0.21989514962778947","0.21989514962778947"
"539","0.16696597233039748","0.16696597233039748","0.16696597233039748","0.18714878082735656","0.18714878082735656","0.18714878082735656","0.21400467725658123","0.21400467725658123","0.21400467725658123"
"540","0.16558070755635054","0.16558070755635054","0.16558070755635054","0.1891639291804569","0.1891639291804569","0.1891639291804569","0.21659989203863728","0.21659989203863728","0.21659989203863728"
"541","0.1659851787601682","0.1659851787601682","0.1659851787601682","0.18805319371238402","0.18805319371238402","0.18805319371238402","0.21558880653224347","0.21558880653224347","0.21558880653224347"
"542","0.16286213760242438","0.16286213760242438","0.16286213760242438","0.19115189580229522","0.19115189580229522","0.19115189580229522","0.21694545506598825","0.21694545506598825","0.21694545506598825"
"543","0.16950641293791976","0.16950641293791976","0.16950641293791976","0.19093927450325374","0.19093927450325374","0.19093927450325374","0.21722306751287626","0.21722306751287626","0.21722306751287626"
"544","0.16447359808895975","0.16447359808895975","0.16447359808895975","0.1878214176585168","0.1878214176585168","0.1878214176585168","0.21892003269537433","0.21892003269537433","0.21892003269537433"
"545","0.1669141416453238","0.1669141416453238","0.1669141416453238","0.1844760983608431","0.1844760983608431","0.1844760983608431","0.21257601940867085","0.21257601940867085","0.21257601940867085"
"546","0.16752894736300492","0.16752894736300492","0.16752894736300492","0.18947795584272376","0.18947795584272376","0.18947795584272376","0.21514005359699387","0.21514005359699387","0.21514005359699387"
"547","0.16530465845880973","0.16530465845880973","0.16530465845880973","0.1864164183678426","0.1864164183678426","0.1864164183678426","0.2150942596297879","0.2150942596297879","0.2150942596297879"
"548","0.16983727203878654","0.16983727203878654","0.16983727203878654","0.18475362919512292","0.18475362919512292","0.18475362919512292","0.21610417889425196","0.21610417889425196","0.21610417889425196"
"549","0.16705260282758613","0.16705260282758613","0.16705260282758613","0.1890362596349844","0.1890362596349844","0.1890362596349844","0.21366222822994765","0.21366222822994765","0.21366222822994765"
"550","0.16534100237492533","0.16534100237492533","0.16534100237492533","0.18641475964128154","0.18641475964128154","0.18641475964128154","0.21463086371664822","0.21463086371664822","0.21463086371664822"
"551","0.16647662975823613","0.16647662975823613","0.16647662975823613","0.186533451190488","0.186533451190488","0.186533451190488","0.2155791945631257","0.2155791945631257","0.2155791945631257"
"552","0.16356951989570115","0.16356951989570115","0.16356951989570115","0.18821590489344708","0.18821590489344708","0.18821590489344708","0.21792545013063838","0.21792545013063838","0.21792545013063838"
"553","0.16849983352090966","0.16849983352090966","0.16849983352090966","0.1914796914211673","0.1914796914211673","0.1914796914211673","0.21805016899394947","0.21805016899394947","0.21805016899394947"
"554","0.16646824875960878","0.16646824875960878","0.16646824875960878","0.18598642101304522","0.18598642101304522","0.18598642101304522","0.21519141468681932","0.21519141468681932","0.21519141468681932"
"555","0.16535157280780757","0.16535157280780757","0.16535157280780757","0.1892692980479975","0.1892692980479975","0.1892692980479975","0.2116502953989178","0.2116502953989178","0.2116502953989178"
"556","0.16615199778407055","0.16615199778407055","0.16615199778407055","0.1882106406752807","0.1882106406752807","0.1882106406752807","0.2186846677818338","0.2186846677818338","0.2186846677818338"
"557","0.16544803448740866","0.16544803448740866","0.16544803448740866","0.18746808301175344","0.18746808301175344","0.18746808301175344","0.21434516773963663","0.21434516773963663","0.21434516773963663"
"558","0.16642102064861028","0.16642102064861028","0.16642102064861028","0.1906358208955432","0.1906358208955432","0.1906358208955432","0.22055661834099624","0.22055661834099624","0.22055661834099624"
"559","0.16707694028572775","0.16707694028572775","0.16707694028572775","0.19128960354392088","0.19128960354392088","0.19128960354392088","0.21516716280436343","0.21516716280436343","0.21516716280436343"
"560","0.1664916204168838","0.1664916204168838","0.1664916204168838","0.1881180116957378","0.1881180116957378","0.1881180116957378","0.21292147929628955","0.21292147929628955","0.21292147929628955"
"561","0.16483947301273752","0.16483947301273752","0.16483947301273752","0.19263895496104266","0.19263895496104266","0.19263895496104266","0.21380522821493733","0.21380522821493733","0.21380522821493733"
"562","0.16571109790570157","0.16571109790570157","0.16571109790570157","0.18982474860475132","0.18982474860475132","0.18982474860475132","0.21579543255799552","0.21579543255799552","0.21579543255799552"
"563","0.16524059333969546","0.16524059333969546","0.16524059333969546","0.18909932650455655","0.18909932650455655","0.18909932650455655","0.21513238428505135","0.21513238428505135","0.21513238428505135"
"564","0.16421397667960855","0.16421397667960855","0.16421397667960855","0.1871528378147541","0.1871528378147541","0.1871528378147541","0.21542158775572054","0.21542158775572054","0.21542158775572054"
"565","0.16844877510033218","0.16844877510033218","0.16844877510033218","0.1834550032606009","0.1834550032606009","0.1834550032606009","0.2161842412919511","0.2161842412919511","0.2161842412919511"
"566","0.16471471911922628","0.16471471911922628","0.16471471911922628","0.1877293008220193","0.1877293008220193","0.1877293008220193","0.21581635197093765","0.21581635197093765","0.21581635197093765"
"567","0.1650866303050633","0.1650866303050633","0.1650866303050633","0.18585033493023084","0.18585033493023084","0.18585033493023084","0.21667416864779945","0.21667416864779945","0.21667416864779945"
"568","0.1662189555399463","0.1662189555399463","0.1662189555399463","0.1862165933101679","0.1862165933101679","0.1862165933101679","0.21889897049880147","0.21889897049880147","0.21889897049880147"
"569","0.16561056181845132","0.16561056181845132","0.16561056181845132","0.18917227923796295","0.18917227923796295","0.18917227923796295","0.22018229679114612","0.22018229679114612","0.22018229679114612"
"570","0.1629152355208284","0.1629152355208284","0.1629152355208284","0.1890636263022665","0.1890636263022665","0.1890636263022665","0.21475271282337235","0.21475271282337235","0.21475271282337235"
"571","0.16958155086995783","0.16958155086995783","0.16958155086995783","0.1843796254694667","0.1843796254694667","0.1843796254694667","0.2155492158636143","0.2155492158636143","0.2155492158636143"
"572","0.1674204264466913","0.1674204264466913","0.1674204264466913","0.19025809203419755","0.19025809203419755","0.19025809203419755","0.217778365750129","0.217778365750129","0.217778365750129"
"573","0.1667086922953334","0.1667086922953334","0.1667086922953334","0.18642570332392042","0.18642570332392042","0.18642570332392042","0.21640283888446935","0.21640283888446935","0.21640283888446935"
"574","0.17046128569038277","0.17046128569038277","0.17046128569038277","0.182080224129025","0.182080224129025","0.182080224129025","0.2116463729876369","0.2116463729876369","0.2116463729876369"
"575","0.16745383161262026","0.16745383161262026","0.16745383161262026","0.1856900289370749","0.1856900289370749","0.1856900289370749","0.21313263540592384","0.21313263540592384","0.21313263540592384"
"576","0.16745588145350984","0.16745588145350984","0.16745588145350984","0.18919984632228937","0.18919984632228937","0.18919984632228937","0.2097759607803795","0.2097759607803795","0.2097759607803795"
"577","0.16522297778591266","0.16522297778591266","0.16522297778591266","0.18710584855790233","0.18710584855790233","0.18710584855790233","0.22118795633789198","0.22118795633789198","0.22118795633789198"
"578","0.16590621336794828","0.16590621336794828","0.16590621336794828","0.1893419216514807","0.1893419216514807","0.1893419216514807","0.21553185754954585","0.21553185754954585","0.21553185754954585"
"579","0.16714330929960697","0.16714330929960697","0.16714330929960697","0.18708343826045362","0.18708343826045362","0.18708343826045362","0.21908435164162632","0.21908435164162632","0.21908435164162632"
"580","0.16723252130900232","0.16723252130900232","0.16723252130900232","0.1861608133828138","0.1861608133828138","0.1861608133828138","0.20981782735790122","0.20981782735790122","0.20981782735790122"
"581","0.16341367688099115","0.16341367688099115","0.16341367688099115","0.1883909809299575","0.1883909809299575","0.1883909809299575","0.21554672587918636","0.21554672587918636","0.21554672587918636"
"582","0.16736574199176726","0.16736574199176726","0.16736574199176726","0.18738260179781216","0.18738260179781216","0.18738260179781216","0.21913120850356657","0.21913120850356657","0.21913120850356657"
"583","0.16502977653637405","0.16502977653637405","0.16502977653637405","0.1873260142322335","0.1873260142322335","0.1873260142322335","0.2169849746237563","0.2169849746237563","0.2169849746237563"
"584","0.16316444822932644","0.16316444822932644","0.16316444822932644","0.1871767445830057","0.1871767445830057","0.1871767445830057","0.21674177797889535","0.21674177797889535","0.21674177797889535"
"585","0.16629549407999264","0.16629549407999264","0.16629549407999264","0.18579596643038776","0.18579596643038776","0.18579596643038776","0.2122984637962235","0.2122984637962235","0.2122984637962235"
"586","0.16590441727018906","0.16590441727018906","0.16590441727018906","0.18740002620602678","0.18740002620602678","0.18740002620602678","0.21755615429240835","0.21755615429240835","0.21755615429240835"
"587","0.16640634419027941","0.16640634419027941","0.16640634419027941","0.18485029261625882","0.18485029261625882","0.18485029261625882","0.21826655730585312","0.21826655730585312","0.21826655730585312"
"588","0.1656901142321985","0.1656901142321985","0.1656901142321985","0.19169289097559608","0.19169289097559608","0.19169289097559608","0.21768666997252295","0.21768666997252295","0.21768666997252295"
"589","0.16581127789517053","0.16581127789517053","0.16581127789517053","0.18990833284909803","0.18990833284909803","0.18990833284909803","0.21420015937347703","0.21420015937347703","0.21420015937347703"
"590","0.16805050761507156","0.16805050761507156","0.16805050761507156","0.1854537662239275","0.1854537662239275","0.1854537662239275","0.21930333577827454","0.21930333577827454","0.21930333577827454"
"591","0.16641060398113924","0.16641060398113924","0.16641060398113924","0.18606461812963535","0.18606461812963535","0.18606461812963535","0.2138525478171284","0.2138525478171284","0.2138525478171284"
"592","0.16828194691509832","0.16828194691509832","0.16828194691509832","0.18625971225177995","0.18625971225177995","0.18625971225177995","0.2155907899959821","0.2155907899959821","0.2155907899959821"
"593","0.16729973140553686","0.16729973140553686","0.16729973140553686","0.1898371237399985","0.1898371237399985","0.1898371237399985","0.2124874315593536","0.2124874315593536","0.2124874315593536"
"594","0.16309176779534787","0.16309176779534787","0.16309176779534787","0.191389391933398","0.191389391933398","0.191389391933398","0.21348896492786137","0.21348896492786137","0.21348896492786137"
"595","0.16607521939145586","0.16607521939145586","0.16607521939145586","0.18940700018840642","0.18940700018840642","0.18940700018840642","0.21626984750368142","0.21626984750368142","0.21626984750368142"
"596","0.16851965985996886","0.16851965985996886","0.16851965985996886","0.18766303724560582","0.18766303724560582","0.18766303724560582","0.2155809106454798","0.2155809106454798","0.2155809106454798"
"597","0.16645270737072035","0.16645270737072035","0.16645270737072035","0.19004415483104983","0.19004415483104983","0.19004415483104983","0.21680741792103544","0.21680741792103544","0.21680741792103544"
"598","0.1662453157760976","0.1662453157760976","0.1662453157760976","0.1918950010552368","0.1918950010552368","0.1918950010552368","0.2130935886349495","0.2130935886349495","0.2130935886349495"
"599","0.16706303852432558","0.16706303852432558","0.16706303852432558","0.1871553840611079","0.1871553840611079","0.1871553840611079","0.2163492998025225","0.2163492998025225","0.2163492998025225"
"600","0.16637200769940327","0.16637200769940327","0.16637200769940327","0.18532306709931068","0.18532306709931068","0.18532306709931068","0.21081007209136363","0.21081007209136363","0.21081007209136363"
"601","0.16387729617804261","0.16387729617804261","0.16387729617804261","0.18642173683263105","0.18642173683263105","0.18642173683263105","0.213297196966011","0.213297196966011","0.213297196966011"
"602","0.1659191562747134","0.1659191562747134","0.1659191562747134","0.18666812206003622","0.18666812206003622","0.18666812206003622","0.21401001768547165","0.21401001768547165","0.21401001768547165"
"603","0.16253679344736957","0.16253679344736957","0.16253679344736957","0.18903658138745386","0.18903658138745386","0.18903658138745386","0.20981106708458208","0.20981106708458208","0.20981106708458208"
"604","0.16486569184121555","0.16486569184121555","0.16486569184121555","0.19035956747466698","0.19035956747466698","0.19035956747466698","0.21361969659255817","0.21361969659255817","0.21361969659255817"
"605","0.16616547959007924","0.16616547959007924","0.16616547959007924","0.1854047971219206","0.1854047971219206","0.1854047971219206","0.21554815392764878","0.21554815392764878","0.21554815392764878"
"606","0.16531944852150435","0.16531944852150435","0.16531944852150435","0.18618165701578038","0.18618165701578038","0.18618165701578038","0.21234345002827112","0.21234345002827112","0.21234345002827112"
"607","0.1670969377522","0.1670969377522","0.1670969377522","0.18549002001119083","0.18549002001119083","0.18549002001119083","0.21658011779193487","0.21658011779193487","0.21658011779193487"
"608","0.16522752088709977","0.16522752088709977","0.16522752088709977","0.18646954634811677","0.18646954634811677","0.18646954634811677","0.21578209209188962","0.21578209209188962","0.21578209209188962"
"609","0.16797036593388207","0.16797036593388207","0.16797036593388207","0.18658930469364257","0.18658930469364257","0.18658930469364257","0.21305308870151926","0.21305308870151926","0.21305308870151926"
"610","0.16597504136740437","0.16597504136740437","0.16597504136740437","0.18666446073431034","0.18666446073431034","0.18666446073431034","0.21563322167381713","0.21563322167381713","0.21563322167381713"
"611","0.1697404446162564","0.1697404446162564","0.1697404446162564","0.1871997463740884","0.1871997463740884","0.1871997463740884","0.2172333640027407","0.2172333640027407","0.2172333640027407"
"612","0.16484145346867596","0.16484145346867596","0.16484145346867596","0.18566606299451763","0.18566606299451763","0.18566606299451763","0.21765877974909842","0.21765877974909842","0.21765877974909842"
"613","0.1697544875646537","0.1697544875646537","0.1697544875646537","0.18787879350864456","0.18787879350864456","0.18787879350864456","0.21385574400412466","0.21385574400412466","0.21385574400412466"
"614","0.16418826686410545","0.16418826686410545","0.16418826686410545","0.18957513274472615","0.18957513274472615","0.18957513274472615","0.21685332418519707","0.21685332418519707","0.21685332418519707"
"615","0.16731818500982396","0.16731818500982396","0.16731818500982396","0.186853366218988","0.186853366218988","0.186853366218988","0.2128181608644797","0.2128181608644797","0.2128181608644797"
"616","0.16571282835410872","0.16571282835410872","0.16571282835410872","0.18613632320063997","0.18613632320063997","0.18613632320063997","0.21226678502702293","0.21226678502702293","0.21226678502702293"
"617","0.16603935425427613","0.16603935425427613","0.16603935425427613","0.18773817042790886","0.18773817042790886","0.18773817042790886","0.2128717326756486","0.2128717326756486","0.2128717326756486"
"618","0.16523672074550552","0.16523672074550552","0.16523672074550552","0.186891757364385","0.186891757364385","0.186891757364385","0.21700444206844613","0.21700444206844613","0.21700444206844613"
"619","0.16454806182148216","0.16454806182148216","0.16454806182148216","0.18226681099263464","0.18226681099263464","0.18226681099263464","0.21551991815974245","0.21551991815974245","0.21551991815974245"
"620","0.16304526027654723","0.16304526027654723","0.16304526027654723","0.18675381621490897","0.18675381621490897","0.18675381621490897","0.21135553564174758","0.21135553564174758","0.21135553564174758"
"621","0.16579743908216135","0.16579743908216135","0.16579743908216135","0.18741240895778458","0.18741240895778458","0.18741240895778458","0.21059515089005754","0.21059515089005754","0.21059515089005754"
"622","0.1647232668097859","0.1647232668097859","0.1647232668097859","0.1878439876196126","0.1878439876196126","0.1878439876196126","0.2131763167518377","0.2131763167518377","0.2131763167518377"
"623","0.16731013866509478","0.16731013866509478","0.16731013866509478","0.18646525835397018","0.18646525835397018","0.18646525835397018","0.21139812857436294","0.21139812857436294","0.21139812857436294"
"624","0.16337602527778444","0.16337602527778444","0.16337602527778444","0.18681794936245266","0.18681794936245266","0.18681794936245266","0.2090624923049159","0.2090624923049159","0.2090624923049159"
"625","0.16606372054645957","0.16606372054645957","0.16606372054645957","0.1854182779668471","0.1854182779668471","0.1854182779668471","0.2120546930298829","0.2120546930298829","0.2120546930298829"
"626","0.16481727672628887","0.16481727672628887","0.16481727672628887","0.19036112651847148","0.19036112651847148","0.19036112651847148","0.21544740278482302","0.21544740278482302","0.21544740278482302"
"627","0.16888433127113078","0.16888433127113078","0.16888433127113078","0.1870112891324742","0.1870112891324742","0.1870112891324742","0.21368429844251446","0.21368429844251446","0.21368429844251446"
"628","0.16826351890045266","0.16826351890045266","0.16826351890045266","0.18634507603078265","0.18634507603078265","0.18634507603078265","0.21569175906379864","0.21569175906379864","0.21569175906379864"
"629","0.16589999170253955","0.16589999170253955","0.16589999170253955","0.18741396758428586","0.18741396758428586","0.18741396758428586","0.211696799068765","0.211696799068765","0.211696799068765"
"630","0.16472882391942345","0.16472882391942345","0.16472882391942345","0.18325760873448438","0.18325760873448438","0.18325760873448438","0.21312327587859714","0.21312327587859714","0.21312327587859714"
"631","0.16298500028026205","0.16298500028026205","0.16298500028026205","0.18583178740976916","0.18583178740976916","0.18583178740976916","0.21376338471473488","0.21376338471473488","0.21376338471473488"
"632","0.16568576905311502","0.16568576905311502","0.16568576905311502","0.18505203597616582","0.18505203597616582","0.18505203597616582","0.213657233645309","0.213657233645309","0.213657233645309"
"633","0.16703975724724404","0.16703975724724404","0.16703975724724404","0.1851740691065573","0.1851740691065573","0.1851740691065573","0.21438701800149787","0.21438701800149787","0.21438701800149787"
"634","0.16502271822932216","0.16502271822932216","0.16502271822932216","0.18065300971837206","0.18065300971837206","0.18065300971837206","0.2147790462107649","0.2147790462107649","0.2147790462107649"
"635","0.16716276286017975","0.16716276286017975","0.16716276286017975","0.19078983803318805","0.19078983803318805","0.19078983803318805","0.21703223195744548","0.21703223195744548","0.21703223195744548"
"636","0.16473296433481255","0.16473296433481255","0.16473296433481255","0.1860977272009016","0.1860977272009016","0.1860977272009016","0.2138011895473828","0.2138011895473828","0.2138011895473828"
"637","0.16551464846080233","0.16551464846080233","0.16551464846080233","0.18732034706618242","0.18732034706618242","0.18732034706618242","0.22115287489344423","0.22115287489344423","0.22115287489344423"
"638","0.16431958824164697","0.16431958824164697","0.16431958824164697","0.18713617314181927","0.18713617314181927","0.18713617314181927","0.21451731665354004","0.21451731665354004","0.21451731665354004"
"639","0.16467099639475788","0.16467099639475788","0.16467099639475788","0.18573703443011766","0.18573703443011766","0.18573703443011766","0.2149227405275043","0.2149227405275043","0.2149227405275043"
"640","0.16737798499202625","0.16737798499202625","0.16737798499202625","0.18862236936662277","0.18862236936662277","0.18862236936662277","0.21654242708386626","0.21654242708386626","0.21654242708386626"
"641","0.16815919350712116","0.16815919350712116","0.16815919350712116","0.188564581917255","0.188564581917255","0.188564581917255","0.21682529294950048","0.21682529294950048","0.21682529294950048"
"642","0.16458676175160655","0.16458676175160655","0.16458676175160655","0.18797562607339557","0.18797562607339557","0.18797562607339557","0.21452470012630523","0.21452470012630523","0.21452470012630523"
"643","0.16544565232104733","0.16544565232104733","0.16544565232104733","0.18612958410366234","0.18612958410366234","0.18612958410366234","0.21011227010073139","0.21011227010073139","0.21011227010073139"
"644","0.16800538471926427","0.16800538471926427","0.16800538471926427","0.19016831051952132","0.19016831051952132","0.19016831051952132","0.21899765922756645","0.21899765922756645","0.21899765922756645"
"645","0.16830520607671326","0.16830520607671326","0.16830520607671326","0.18806579325184383","0.18806579325184383","0.18806579325184383","0.21472294367287004","0.21472294367287004","0.21472294367287004"
"646","0.16899305042760956","0.16899305042760956","0.16899305042760956","0.1900364239796873","0.1900364239796873","0.1900364239796873","0.21388829116828548","0.21388829116828548","0.21388829116828548"
"647","0.167125545140565","0.167125545140565","0.167125545140565","0.1846636780962999","0.1846636780962999","0.1846636780962999","0.20892063287111726","0.20892063287111726","0.20892063287111726"
"648","0.16621081250606076","0.16621081250606076","0.16621081250606076","0.1821540626488307","0.1821540626488307","0.1821540626488307","0.2122846936965261","0.2122846936965261","0.2122846936965261"
"649","0.1672894304557011","0.1672894304557011","0.1672894304557011","0.18615071959621646","0.18615071959621646","0.18615071959621646","0.21246130884498116","0.21246130884498116","0.21246130884498116"
"650","0.16676041824669893","0.16676041824669893","0.16676041824669893","0.18634543295589026","0.18634543295589026","0.18634543295589026","0.21264133798451526","0.21264133798451526","0.21264133798451526"
"651","0.1623986427638042","0.1623986427638042","0.1623986427638042","0.18745368826269962","0.18745368826269962","0.18745368826269962","0.2136940462124721","0.2136940462124721","0.2136940462124721"
"652","0.1632790742839344","0.1632790742839344","0.1632790742839344","0.182968643305131","0.182968643305131","0.182968643305131","0.21329557339077124","0.21329557339077124","0.21329557339077124"
"653","0.1659024317787049","0.1659024317787049","0.1659024317787049","0.18859384515759667","0.18859384515759667","0.18859384515759667","0.21365728372407414","0.21365728372407414","0.21365728372407414"
"654","0.1642731171801781","0.1642731171801781","0.1642731171801781","0.184574067277023","0.184574067277023","0.184574067277023","0.21191091725603248","0.21191091725603248","0.21191091725603248"
"655","0.16622820842803596","0.16622820842803596","0.16622820842803596","0.183646887364873","0.183646887364873","0.183646887364873","0.21298203216384662","0.21298203216384662","0.21298203216384662"
"656","0.16511683544126884","0.16511683544126884","0.16511683544126884","0.19016916154156283","0.19016916154156283","0.19016916154156283","0.21469006237697472","0.21469006237697472","0.21469006237697472"
"657","0.1631669412920155","0.1631669412920155","0.1631669412920155","0.187014411763841","0.187014411763841","0.187014411763841","0.21624457571367242","0.21624457571367242","0.21624457571367242"
"658","0.16472956294321142","0.16472956294321142","0.16472956294321142","0.18369103773928663","0.18369103773928663","0.18369103773928663","0.21093675437012419","0.21093675437012419","0.21093675437012419"
"659","0.1635060621776271","0.1635060621776271","0.1635060621776271","0.18852584152802673","0.18852584152802673","0.18852584152802673","0.21293874230264884","0.21293874230264884","0.21293874230264884"
"660","0.16364303542957548","0.16364303542957548","0.16364303542957548","0.18438406758816986","0.18438406758816986","0.18438406758816986","0.21182837098764687","0.21182837098764687","0.21182837098764687"
"661","0.16707019326180025","0.16707019326180025","0.16707019326180025","0.185793527077626","0.185793527077626","0.185793527077626","0.2137784966843074","0.2137784966843074","0.2137784966843074"
"662","0.16520403363804073","0.16520403363804073","0.16520403363804073","0.18720112491787022","0.18720112491787022","0.18720112491787022","0.2131719583477132","0.2131719583477132","0.2131719583477132"
"663","0.16599983889211764","0.16599983889211764","0.16599983889211764","0.186288511358811","0.186288511358811","0.186288511358811","0.21073516483540736","0.21073516483540736","0.21073516483540736"
"664","0.1659855920701301","0.1659855920701301","0.1659855920701301","0.18321333222862268","0.18321333222862268","0.18321333222862268","0.2147979404083057","0.2147979404083057","0.2147979404083057"
"665","0.16585966572397784","0.16585966572397784","0.16585966572397784","0.1814592773936536","0.1814592773936536","0.1814592773936536","0.20768085752593832","0.20768085752593832","0.20768085752593832"
"666","0.1654992542056764","0.1654992542056764","0.1654992542056764","0.18971725397252362","0.18971725397252362","0.18971725397252362","0.21181233963099996","0.21181233963099996","0.21181233963099996"
"667","0.16253301814112417","0.16253301814112417","0.16253301814112417","0.18822907281168946","0.18822907281168946","0.18822907281168946","0.20831209703142947","0.20831209703142947","0.20831209703142947"
"668","0.16596862011064265","0.16596862011064265","0.16596862011064265","0.18445851842540636","0.18445851842540636","0.18445851842540636","0.21406858161123843","0.21406858161123843","0.21406858161123843"
"669","0.16720282058343253","0.16720282058343253","0.16720282058343253","0.18518581422705105","0.18518581422705105","0.18518581422705105","0.21548112328248104","0.21548112328248104","0.21548112328248104"
"670","0.16662006667998383","0.16662006667998383","0.16662006667998383","0.18615639323575653","0.18615639323575653","0.18615639323575653","0.2132296376039948","0.2132296376039948","0.2132296376039948"
"671","0.16449017341509486","0.16449017341509486","0.16449017341509486","0.18668126625117876","0.18668126625117876","0.18668126625117876","0.21034348211400875","0.21034348211400875","0.21034348211400875"
"672","0.16578561913386222","0.16578561913386222","0.16578561913386222","0.1863635798903475","0.1863635798903475","0.1863635798903475","0.20833475521463676","0.20833475521463676","0.20833475521463676"
"673","0.1673800477304509","0.1673800477304509","0.1673800477304509","0.1862650726522838","0.1862650726522838","0.1862650726522838","0.2128652894934655","0.2128652894934655","0.2128652894934655"
"674","0.16706052207511946","0.16706052207511946","0.16706052207511946","0.18483335995230876","0.18483335995230876","0.18483335995230876","0.21286392365300566","0.21286392365300566","0.21286392365300566"
"675","0.16419745349803652","0.16419745349803652","0.16419745349803652","0.18600173390884553","0.18600173390884553","0.18600173390884553","0.21748629648082338","0.21748629648082338","0.21748629648082338"
"676","0.16773321930521143","0.16773321930521143","0.16773321930521143","0.18422313673799162","0.18422313673799162","0.18422313673799162","0.20772309653176138","0.20772309653176138","0.20772309653176138"
"677","0.16503269853308758","0.16503269853308758","0.16503269853308758","0.18423094775174728","0.18423094775174728","0.18423094775174728","0.21178374801922858","0.21178374801922858","0.21178374801922858"
"678","0.16300049666980562","0.16300049666980562","0.16300049666980562","0.1843615068935771","0.1843615068935771","0.1843615068935771","0.209577158470357","0.209577158470357","0.209577158470357"
"679","0.16598221555707451","0.16598221555707451","0.16598221555707451","0.18496341068266428","0.18496341068266428","0.18496341068266428","0.20730276799842132","0.20730276799842132","0.20730276799842132"
"680","0.16253628470160483","0.16253628470160483","0.16253628470160483","0.18844657604354256","0.18844657604354256","0.18844657604354256","0.21471797273876833","0.21471797273876833","0.21471797273876833"
"681","0.1655775789835171","0.1655775789835171","0.1655775789835171","0.18767888472465488","0.18767888472465488","0.18767888472465488","0.20960955142239487","0.20960955142239487","0.20960955142239487"
"682","0.16687686907019195","0.16687686907019195","0.16687686907019195","0.187255950202036","0.187255950202036","0.187255950202036","0.21289852795737144","0.21289852795737144","0.21289852795737144"
"683","0.16741751907105826","0.16741751907105826","0.16741751907105826","0.1849128896582997","0.1849128896582997","0.1849128896582997","0.21156946576976762","0.21156946576976762","0.21156946576976762"
"684","0.16722300495398054","0.16722300495398054","0.16722300495398054","0.1847045007913745","0.1847045007913745","0.1847045007913745","0.21244312033496063","0.21244312033496063","0.21244312033496063"
"685","0.16505741808654656","0.16505741808654656","0.16505741808654656","0.18380682831481154","0.18380682831481154","0.18380682831481154","0.2082834438666512","0.2082834438666512","0.2082834438666512"
"686","0.16551735991906166","0.16551735991906166","0.16551735991906166","0.18421758238409516","0.18421758238409516","0.18421758238409516","0.2116690068046361","0.2116690068046361","0.2116690068046361"
"687","0.16648431903387942","0.16648431903387942","0.16648431903387942","0.18224737949279424","0.18224737949279424","0.18224737949279424","0.21194620368511774","0.21194620368511774","0.21194620368511774"
"688","0.16652638143574125","0.16652638143574125","0.16652638143574125","0.18643232706044163","0.18643232706044163","0.18643232706044163","0.2073203786555257","0.2073203786555257","0.2073203786555257"
"689","0.16471316402335112","0.16471316402335112","0.16471316402335112","0.19050680914334028","0.19050680914334028","0.19050680914334028","0.20697657441178363","0.20697657441178363","0.20697657441178363"
"690","0.16617153299616894","0.16617153299616894","0.16617153299616894","0.18269072022348898","0.18269072022348898","0.18269072022348898","0.21112915030232338","0.21112915030232338","0.21112915030232338"
"691","0.16621377770264906","0.16621377770264906","0.16621377770264906","0.1867633124417483","0.1867633124417483","0.1867633124417483","0.20874637330791346","0.20874637330791346","0.20874637330791346"
"692","0.1635384994901992","0.1635384994901992","0.1635384994901992","0.18502056719710577","0.18502056719710577","0.18502056719710577","0.21243592904465095","0.21243592904465095","0.21243592904465095"
"693","0.16732474151371843","0.16732474151371843","0.16732474151371843","0.18364411566729233","0.18364411566729233","0.18364411566729233","0.21646568657785745","0.21646568657785745","0.21646568657785745"
"694","0.16908814228151461","0.16908814228151461","0.16908814228151461","0.1922603105942224","0.1922603105942224","0.1922603105942224","0.2099159077533551","0.2099159077533551","0.2099159077533551"
"695","0.16552094131074416","0.16552094131074416","0.16552094131074416","0.1863276936278284","0.1863276936278284","0.1863276936278284","0.21177937011148826","0.21177937011148826","0.21177937011148826"
"696","0.16903937025737162","0.16903937025737162","0.16903937025737162","0.18478562206612503","0.18478562206612503","0.18478562206612503","0.20634023605439608","0.20634023605439608","0.20634023605439608"
"697","0.1657694405798267","0.1657694405798267","0.1657694405798267","0.18683894259014297","0.18683894259014297","0.18683894259014297","0.2130615599287149","0.2130615599287149","0.2130615599287149"
"698","0.16385559704844518","0.16385559704844518","0.16385559704844518","0.18687596710398346","0.18687596710398346","0.18687596710398346","0.2131911790322353","0.2131911790322353","0.2131911790322353"
"699","0.16467673792650592","0.16467673792650592","0.16467673792650592","0.18260838840087282","0.18260838840087282","0.18260838840087282","0.21035488121435356","0.21035488121435356","0.21035488121435356"
"700","0.16689792009319213","0.16689792009319213","0.16689792009319213","0.1883326603470895","0.1883326603470895","0.1883326603470895","0.21198416563056752","0.21198416563056752","0.21198416563056752"
"701","0.16425779105430235","0.16425779105430235","0.16425779105430235","0.1851558034127847","0.1851558034127847","0.1851558034127847","0.2114882359201422","0.2114882359201422","0.2114882359201422"
"702","0.16145344911945278","0.16145344911945278","0.16145344911945278","0.18315987862197636","0.18315987862197636","0.18315987862197636","0.21009843349499527","0.21009843349499527","0.21009843349499527"
"703","0.1638408037450012","0.1638408037450012","0.1638408037450012","0.1823237669787314","0.1823237669787314","0.1823237669787314","0.20571304194432738","0.20571304194432738","0.20571304194432738"
"704","0.16562006334405155","0.16562006334405155","0.16562006334405155","0.18182254281067103","0.18182254281067103","0.18182254281067103","0.20662072782286625","0.20662072782286625","0.20662072782286625"
"705","0.1678787911112608","0.1678787911112608","0.1678787911112608","0.1849821087294259","0.1849821087294259","0.1849821087294259","0.20941947946718034","0.20941947946718034","0.20941947946718034"
"706","0.16560757672797213","0.16560757672797213","0.16560757672797213","0.18147064360455087","0.18147064360455087","0.18147064360455087","0.2111669434626924","0.2111669434626924","0.2111669434626924"
"707","0.167509939457703","0.167509939457703","0.167509939457703","0.18674746306837853","0.18674746306837853","0.18674746306837853","0.2082337650464664","0.2082337650464664","0.2082337650464664"
"708","0.16465425356939103","0.16465425356939103","0.16465425356939103","0.1831327646085689","0.1831327646085689","0.1831327646085689","0.2096955933606178","0.2096955933606178","0.2096955933606178"
"709","0.16334204430277502","0.16334204430277502","0.16334204430277502","0.18599618803133544","0.18599618803133544","0.18599618803133544","0.21108273738132108","0.21108273738132108","0.21108273738132108"
"710","0.16601808946786317","0.16601808946786317","0.16601808946786317","0.18723658761234885","0.18723658761234885","0.18723658761234885","0.21178566594248857","0.21178566594248857","0.21178566594248857"
"711","0.16956354412511362","0.16956354412511362","0.16956354412511362","0.18322531709344173","0.18322531709344173","0.18322531709344173","0.21227396352308855","0.21227396352308855","0.21227396352308855"
"712","0.16723478457979776","0.16723478457979776","0.16723478457979776","0.17861989350505017","0.17861989350505017","0.17861989350505017","0.21256084546285994","0.21256084546285994","0.21256084546285994"
"713","0.16462108550103308","0.16462108550103308","0.16462108550103308","0.18482524160105404","0.18482524160105404","0.18482524160105404","0.2119588092005813","0.2119588092005813","0.2119588092005813"
"714","0.16479063782455447","0.16479063782455447","0.16479063782455447","0.17886875949909445","0.17886875949909445","0.17886875949909445","0.2091212394552334","0.2091212394552334","0.2091212394552334"
"715","0.1646167530198188","0.1646167530198188","0.1646167530198188","0.17917134722188102","0.17917134722188102","0.17917134722188102","0.20822198336700784","0.20822198336700784","0.20822198336700784"
"716","0.16602167735364304","0.16602167735364304","0.16602167735364304","0.18452058456412226","0.18452058456412226","0.18452058456412226","0.21108737693046112","0.21108737693046112","0.21108737693046112"
"717","0.16763460668964525","0.16763460668964525","0.16763460668964525","0.18691395699878735","0.18691395699878735","0.18691395699878735","0.20785048439366335","0.20785048439366335","0.20785048439366335"
"718","0.1652478077540969","0.1652478077540969","0.1652478077540969","0.1863329722641105","0.1863329722641105","0.1863329722641105","0.20961020026066102","0.20961020026066102","0.20961020026066102"
"719","0.16775602233042608","0.16775602233042608","0.16775602233042608","0.18697421519458568","0.18697421519458568","0.18697421519458568","0.21202791331622536","0.21202791331622536","0.21202791331622536"
"720","0.16428831949722766","0.16428831949722766","0.16428831949722766","0.183417576527844","0.183417576527844","0.183417576527844","0.2136576646994621","0.2136576646994621","0.2136576646994621"
"721","0.16248510013600387","0.16248510013600387","0.16248510013600387","0.18475723557360532","0.18475723557360532","0.18475723557360532","0.2093188905834635","0.2093188905834635","0.2093188905834635"
"722","0.1683600216446696","0.1683600216446696","0.1683600216446696","0.18653787530818922","0.18653787530818922","0.18653787530818922","0.20942263944043857","0.20942263944043857","0.20942263944043857"
"723","0.16437134568118372","0.16437134568118372","0.16437134568118372","0.18579557995306628","0.18579557995306628","0.18579557995306628","0.20905143435067033","0.20905143435067033","0.20905143435067033"
"724","0.16559778366008462","0.16559778366008462","0.16559778366008462","0.18573059698978164","0.18573059698978164","0.18573059698978164","0.20659172602209966","0.20659172602209966","0.20659172602209966"
"725","0.16295510447835612","0.16295510447835612","0.16295510447835612","0.18602809776761617","0.18602809776761617","0.18602809776761617","0.20844892348466867","0.20844892348466867","0.20844892348466867"
"726","0.1671992386700043","0.1671992386700043","0.1671992386700043","0.1853217066324958","0.1853217066324958","0.1853217066324958","0.20882956907518443","0.20882956907518443","0.20882956907518443"
"727","0.16530506305912","0.16530506305912","0.16530506305912","0.18426496241650325","0.18426496241650325","0.18426496241650325","0.20955770046347932","0.20955770046347932","0.20955770046347932"
"728","0.16664688172920522","0.16664688172920522","0.16664688172920522","0.18085565436335535","0.18085565436335535","0.18085565436335535","0.20909089640450415","0.20909089640450415","0.20909089640450415"
"729","0.16487013967982353","0.16487013967982353","0.16487013967982353","0.18528621767628442","0.18528621767628442","0.18528621767628442","0.2092011293379801","0.2092011293379801","0.2092011293379801"
"730","0.16581230728576005","0.16581230728576005","0.16581230728576005","0.18572264229947236","0.18572264229947236","0.18572264229947236","0.2078056515828359","0.2078056515828359","0.2078056515828359"
"731","0.1672755310448553","0.1672755310448553","0.1672755310448553","0.1838266337030011","0.1838266337030011","0.1838266337030011","0.20818055388696086","0.20818055388696086","0.20818055388696086"
"732","0.16564791315975627","0.16564791315975627","0.16564791315975627","0.18548404847087582","0.18548404847087582","0.18548404847087582","0.20640591443046716","0.20640591443046716","0.20640591443046716"
"733","0.16270628424649972","0.16270628424649972","0.16270628424649972","0.18330653131807137","0.18330653131807137","0.18330653131807137","0.20917592521048536","0.20917592521048536","0.20917592521048536"
"734","0.16554275413797973","0.16554275413797973","0.16554275413797973","0.18711883088854198","0.18711883088854198","0.18711883088854198","0.21137865567761818","0.21137865567761818","0.21137865567761818"
"735","0.16347328361018795","0.16347328361018795","0.16347328361018795","0.18332176338354153","0.18332176338354153","0.18332176338354153","0.20743858047670052","0.20743858047670052","0.20743858047670052"
"736","0.1641189470599918","0.1641189470599918","0.1641189470599918","0.18359768425014747","0.18359768425014747","0.18359768425014747","0.21456544702752914","0.21456544702752914","0.21456544702752914"
"737","0.16468056420185198","0.16468056420185198","0.16468056420185198","0.18462867888313025","0.18462867888313025","0.18462867888313025","0.20421009785747415","0.20421009785747415","0.20421009785747415"
"738","0.16581282200484754","0.16581282200484754","0.16581282200484754","0.18422612928573912","0.18422612928573912","0.18422612928573912","0.2113384185903944","0.2113384185903944","0.2113384185903944"
"739","0.16542546768689187","0.16542546768689187","0.16542546768689187","0.18431666267259758","0.18431666267259758","0.18431666267259758","0.2077661785657922","0.2077661785657922","0.2077661785657922"
"740","0.16468826840097717","0.16468826840097717","0.16468826840097717","0.18385576366728193","0.18385576366728193","0.18385576366728193","0.2093433828509427","0.2093433828509427","0.2093433828509427"
"741","0.16666284212643184","0.16666284212643184","0.16666284212643184","0.18578460594269294","0.18578460594269294","0.18578460594269294","0.20775229539286091","0.20775229539286091","0.20775229539286091"
"742","0.16267084789754252","0.16267084789754252","0.16267084789754252","0.1870777949244793","0.1870777949244793","0.1870777949244793","0.21305421381072231","0.21305421381072231","0.21305421381072231"
"743","0.16560090303793645","0.16560090303793645","0.16560090303793645","0.183915751835078","0.183915751835078","0.183915751835078","0.21072828239554667","0.21072828239554667","0.21072828239554667"
"744","0.16671367001227966","0.16671367001227966","0.16671367001227966","0.1827908722343016","0.1827908722343016","0.1827908722343016","0.2124413931266671","0.2124413931266671","0.2124413931266671"
"745","0.16289221897584055","0.16289221897584055","0.16289221897584055","0.18126316610726478","0.18126316610726478","0.18126316610726478","0.20806888408349467","0.20806888408349467","0.20806888408349467"
"746","0.1649651516307202","0.1649651516307202","0.1649651516307202","0.18485658373944233","0.18485658373944233","0.18485658373944233","0.2081462760353555","0.2081462760353555","0.2081462760353555"
"747","0.16767747494997184","0.16767747494997184","0.16767747494997184","0.18711449754742984","0.18711449754742984","0.18711449754742984","0.213197947449396","0.213197947449396","0.213197947449396"
"748","0.16594610054557876","0.16594610054557876","0.16594610054557876","0.18535348625106943","0.18535348625106943","0.18535348625106943","0.21034539426435583","0.21034539426435583","0.21034539426435583"
"749","0.1625078669566094","0.1625078669566094","0.1625078669566094","0.18354649023478087","0.18354649023478087","0.18354649023478087","0.21111360198010887","0.21111360198010887","0.21111360198010887"
"750","0.16542074707393034","0.16542074707393034","0.16542074707393034","0.18517362735916665","0.18517362735916665","0.18517362735916665","0.2070957199150195","0.2070957199150195","0.2070957199150195"
"751","0.16345535510928047","0.16345535510928047","0.16345535510928047","0.1830383196291966","0.1830383196291966","0.1830383196291966","0.2093842157534124","0.2093842157534124","0.2093842157534124"
"752","0.1648354168201531","0.1648354168201531","0.1648354168201531","0.18381384547334","0.18381384547334","0.18381384547334","0.2100581281733119","0.2100581281733119","0.2100581281733119"
"753","0.1645677367626998","0.1645677367626998","0.1645677367626998","0.18693241308437603","0.18693241308437603","0.18693241308437603","0.20819779451927198","0.20819779451927198","0.20819779451927198"
"754","0.16519282709306465","0.16519282709306465","0.16519282709306465","0.18410280585209327","0.18410280585209327","0.18410280585209327","0.2105555120564855","0.2105555120564855","0.2105555120564855"
"755","0.16712900611897283","0.16712900611897283","0.16712900611897283","0.180481661562835","0.180481661562835","0.180481661562835","0.21118449972957418","0.21118449972957418","0.21118449972957418"
"756","0.16619987479890838","0.16619987479890838","0.16619987479890838","0.18750967376467545","0.18750967376467545","0.18750967376467545","0.20361001520520036","0.20361001520520036","0.20361001520520036"
"757","0.16515063190503912","0.16515063190503912","0.16515063190503912","0.18337045994156667","0.18337045994156667","0.18337045994156667","0.20842341030365352","0.20842341030365352","0.20842341030365352"
"758","0.16563714944748817","0.16563714944748817","0.16563714944748817","0.1845784156644149","0.1845784156644149","0.1845784156644149","0.2049960258216659","0.2049960258216659","0.2049960258216659"
"759","0.1652500908145695","0.1652500908145695","0.1652500908145695","0.18100970606911937","0.18100970606911937","0.18100970606911937","0.20936339235207965","0.20936339235207965","0.20936339235207965"
"760","0.16729755515683423","0.16729755515683423","0.16729755515683423","0.18265258054791075","0.18265258054791075","0.18265258054791075","0.21203638890825946","0.21203638890825946","0.21203638890825946"
"761","0.1645874457247453","0.1645874457247453","0.1645874457247453","0.1874189141450584","0.1874189141450584","0.1874189141450584","0.20802326660030543","0.20802326660030543","0.20802326660030543"
"762","0.16678576420805655","0.16678576420805655","0.16678576420805655","0.18704237441561597","0.18704237441561597","0.18704237441561597","0.20994390123047477","0.20994390123047477","0.20994390123047477"
"763","0.1640819268519872","0.1640819268519872","0.1640819268519872","0.18523414801565596","0.18523414801565596","0.18523414801565596","0.20778107206668897","0.20778107206668897","0.20778107206668897"
"764","0.16486221724033265","0.16486221724033265","0.16486221724033265","0.18475823189719945","0.18475823189719945","0.18475823189719945","0.21171424691144705","0.21171424691144705","0.21171424691144705"
"765","0.16691569163904887","0.16691569163904887","0.16691569163904887","0.18749014083734716","0.18749014083734716","0.18749014083734716","0.20591570818685714","0.20591570818685714","0.20591570818685714"
"766","0.16242084672754367","0.16242084672754367","0.16242084672754367","0.1867878638056771","0.1867878638056771","0.1867878638056771","0.21108243877215302","0.21108243877215302","0.21108243877215302"
"767","0.16505062509992222","0.16505062509992222","0.16505062509992222","0.18718611619568662","0.18718611619568662","0.18718611619568662","0.20678092759833885","0.20678092759833885","0.20678092759833885"
"768","0.16537581942038815","0.16537581942038815","0.16537581942038815","0.1829557610845517","0.1829557610845517","0.1829557610845517","0.2111209096088329","0.2111209096088329","0.2111209096088329"
"769","0.16645837562307836","0.16645837562307836","0.16645837562307836","0.18245127284677434","0.18245127284677434","0.18245127284677434","0.20846631744089625","0.20846631744089625","0.20846631744089625"
"770","0.1647163467522718","0.1647163467522718","0.1647163467522718","0.18358853987765286","0.18358853987765286","0.18358853987765286","0.2058633583223334","0.2058633583223334","0.2058633583223334"
"771","0.16231915365603686","0.16231915365603686","0.16231915365603686","0.18476566264545122","0.18476566264545122","0.18476566264545122","0.2098010860966729","0.2098010860966729","0.2098010860966729"
"772","0.16602458709855403","0.16602458709855403","0.16602458709855403","0.1822356528084604","0.1822356528084604","0.1822356528084604","0.20909032880412423","0.20909032880412423","0.20909032880412423"
"773","0.16781371888700944","0.16781371888700944","0.16781371888700944","0.18526672410639602","0.18526672410639602","0.18526672410639602","0.20676944618690152","0.20676944618690152","0.20676944618690152"
"774","0.1678211203335521","0.1678211203335521","0.1678211203335521","0.18312941087489962","0.18312941087489962","0.18312941087489962","0.20573596495697688","0.20573596495697688","0.20573596495697688"
"775","0.16302747477589788","0.16302747477589788","0.16302747477589788","0.18299430776861078","0.18299430776861078","0.18299430776861078","0.2077439129423524","0.2077439129423524","0.2077439129423524"
"776","0.16371996834558766","0.16371996834558766","0.16371996834558766","0.18047680331870966","0.18047680331870966","0.18047680331870966","0.2108539697512637","0.2108539697512637","0.2108539697512637"
"777","0.1651033471424749","0.1651033471424749","0.1651033471424749","0.18742653038693632","0.18742653038693632","0.18742653038693632","0.21152522564670326","0.21152522564670326","0.21152522564670326"
"778","0.16410289631625902","0.16410289631625902","0.16410289631625902","0.18717031576860102","0.18717031576860102","0.18717031576860102","0.20765458220443497","0.20765458220443497","0.20765458220443497"
"779","0.1641157644312852","0.1641157644312852","0.1641157644312852","0.18494838898834517","0.18494838898834517","0.18494838898834517","0.20861176576273763","0.20861176576273763","0.20861176576273763"
"780","0.16631619005706724","0.16631619005706724","0.16631619005706724","0.18358653631649938","0.18358653631649938","0.18358653631649938","0.20800231718116916","0.20800231718116916","0.20800231718116916"
"781","0.16773926002375197","0.16773926002375197","0.16773926002375197","0.18598544215232918","0.18598544215232918","0.18598544215232918","0.2087117099931374","0.2087117099931374","0.2087117099931374"
"782","0.1660828749487173","0.1660828749487173","0.1660828749487173","0.18813040754826404","0.18813040754826404","0.18813040754826404","0.20488161343692346","0.20488161343692346","0.20488161343692346"
"783","0.1679753929806691","0.1679753929806691","0.1679753929806691","0.18347942440272325","0.18347942440272325","0.18347942440272325","0.2065152929702436","0.2065152929702436","0.2065152929702436"
"784","0.1629929687305506","0.1629929687305506","0.1629929687305506","0.181262454974726","0.181262454974726","0.181262454974726","0.20855353722985473","0.20855353722985473","0.20855353722985473"
"785","0.16642434153998967","0.16642434153998967","0.16642434153998967","0.1837911856215716","0.1837911856215716","0.1837911856215716","0.21143246093553336","0.21143246093553336","0.21143246093553336"
"786","0.1628018622595096","0.1628018622595096","0.1628018622595096","0.1859366692717066","0.1859366692717066","0.1859366692717066","0.20276887277512665","0.20276887277512665","0.20276887277512665"
"787","0.16396829595353574","0.16396829595353574","0.16396829595353574","0.18492263213018448","0.18492263213018448","0.18492263213018448","0.20925323120182582","0.20925323120182582","0.20925323120182582"
"788","0.16861394861458479","0.16861394861458479","0.16861394861458479","0.18441686685969236","0.18441686685969236","0.18441686685969236","0.2093641162117528","0.2093641162117528","0.2093641162117528"
"789","0.1667017951490792","0.1667017951490792","0.1667017951490792","0.1844795260404961","0.1844795260404961","0.1844795260404961","0.20361713660125416","0.20361713660125416","0.20361713660125416"
"790","0.16410463399027303","0.16410463399027303","0.16410463399027303","0.18413396324825662","0.18413396324825662","0.18413396324825662","0.21052798313717","0.21052798313717","0.21052798313717"
"791","0.16820619580722848","0.16820619580722848","0.16820619580722848","0.18227025785438136","0.18227025785438136","0.18227025785438136","0.2052536307390189","0.2052536307390189","0.2052536307390189"
"792","0.16540314583421548","0.16540314583421548","0.16540314583421548","0.18358094829144533","0.18358094829144533","0.18358094829144533","0.2092916937818481","0.2092916937818481","0.2092916937818481"
"793","0.16190396730954773","0.16190396730954773","0.16190396730954773","0.18299676227325215","0.18299676227325215","0.18299676227325215","0.20566510561907067","0.20566510561907067","0.20566510561907067"
"794","0.16285488066531648","0.16285488066531648","0.16285488066531648","0.18031133501123997","0.18031133501123997","0.18031133501123997","0.20707585537365772","0.20707585537365772","0.20707585537365772"
"795","0.16642553794548268","0.16642553794548268","0.16642553794548268","0.1847549761199958","0.1847549761199958","0.1847549761199958","0.21086952654853355","0.21086952654853355","0.21086952654853355"
"796","0.167151171368399","0.167151171368399","0.167151171368399","0.18655990616993937","0.18655990616993937","0.18655990616993937","0.2018450652688291","0.2018450652688291","0.2018450652688291"
"797","0.16674644268915806","0.16674644268915806","0.16674644268915806","0.1854401321133875","0.1854401321133875","0.1854401321133875","0.20877625216860818","0.20877625216860818","0.20877625216860818"
"798","0.16584921790730237","0.16584921790730237","0.16584921790730237","0.18415375812631996","0.18415375812631996","0.18415375812631996","0.20682162011957797","0.20682162011957797","0.20682162011957797"
"799","0.1672195961001811","0.1672195961001811","0.1672195961001811","0.18213735980581425","0.18213735980581425","0.18213735980581425","0.20502008583252596","0.20502008583252596","0.20502008583252596"
"800","0.16727888301993174","0.16727888301993174","0.16727888301993174","0.1831132703506295","0.1831132703506295","0.1831132703506295","0.2080520316299598","0.2080520316299598","0.2080520316299598"
"801","0.16619443150316385","0.16619443150316385","0.16619443150316385","0.18460188406060585","0.18460188406060585","0.18460188406060585","0.20653539065603058","0.20653539065603058","0.20653539065603058"
"802","0.16295780813775215","0.16295780813775215","0.16295780813775215","0.18421201139833052","0.18421201139833052","0.18421201139833052","0.20681030826908683","0.20681030826908683","0.20681030826908683"
"803","0.16569842279042818","0.16569842279042818","0.16569842279042818","0.18087628724117008","0.18087628724117008","0.18087628724117008","0.20774234367763864","0.20774234367763864","0.20774234367763864"
"804","0.16150798248203058","0.16150798248203058","0.16150798248203058","0.18335581886896113","0.18335581886896113","0.18335581886896113","0.20839759620396248","0.20839759620396248","0.20839759620396248"
"805","0.16587166191909405","0.16587166191909405","0.16587166191909405","0.1839975706558048","0.1839975706558048","0.1839975706558048","0.2096703999631555","0.2096703999631555","0.2096703999631555"
"806","0.16663074535779704","0.16663074535779704","0.16663074535779704","0.18406032760273397","0.18406032760273397","0.18406032760273397","0.2045083398905171","0.2045083398905171","0.2045083398905171"
"807","0.16228367463444215","0.16228367463444215","0.16228367463444215","0.18504142129925452","0.18504142129925452","0.18504142129925452","0.20339031619646622","0.20339031619646622","0.20339031619646622"
"808","0.16462997021534856","0.16462997021534856","0.16462997021534856","0.1853259889508425","0.1853259889508425","0.1853259889508425","0.2115487980365489","0.2115487980365489","0.2115487980365489"
"809","0.1629137175900569","0.1629137175900569","0.1629137175900569","0.18376696716590968","0.18376696716590968","0.18376696716590968","0.21172772045889085","0.21172772045889085","0.21172772045889085"
"810","0.16260157656543386","0.16260157656543386","0.16260157656543386","0.1858229921344414","0.1858229921344414","0.1858229921344414","0.21107014272792646","0.21107014272792646","0.21107014272792646"
"811","0.1657833882255486","0.1657833882255486","0.1657833882255486","0.18344081436196005","0.18344081436196005","0.18344081436196005","0.20699664344063498","0.20699664344063498","0.20699664344063498"
"812","0.16349152196282252","0.16349152196282252","0.16349152196282252","0.18200081052087677","0.18200081052087677","0.18200081052087677","0.2053747557957479","0.2053747557957479","0.2053747557957479"
"813","0.16546777058943882","0.16546777058943882","0.16546777058943882","0.1852908503658803","0.1852908503658803","0.1852908503658803","0.2089660616108099","0.2089660616108099","0.2089660616108099"
"814","0.16425563505561647","0.16425563505561647","0.16425563505561647","0.1797001516557818","0.1797001516557818","0.1797001516557818","0.20707946818651898","0.20707946818651898","0.20707946818651898"
"815","0.165145067121391","0.165145067121391","0.165145067121391","0.18582518550231086","0.18582518550231086","0.18582518550231086","0.21071959207963933","0.21071959207963933","0.21071959207963933"
"816","0.16080363112890075","0.16080363112890075","0.16080363112890075","0.18600478914935462","0.18600478914935462","0.18600478914935462","0.20677617514134036","0.20677617514134036","0.20677617514134036"
"817","0.1643298919566165","0.1643298919566165","0.1643298919566165","0.1881079795010122","0.1881079795010122","0.1881079795010122","0.21034328603629804","0.21034328603629804","0.21034328603629804"
"818","0.16377168780294857","0.16377168780294857","0.16377168780294857","0.18321722161052537","0.18321722161052537","0.18321722161052537","0.2077738115313218","0.2077738115313218","0.2077738115313218"
"819","0.16603034335570047","0.16603034335570047","0.16603034335570047","0.18384595627209274","0.18384595627209274","0.18384595627209274","0.20885659641263743","0.20885659641263743","0.20885659641263743"
"820","0.16773741970618947","0.16773741970618947","0.16773741970618947","0.18494373008611661","0.18494373008611661","0.18494373008611661","0.2087307988094681","0.2087307988094681","0.2087307988094681"
"821","0.16576660957582207","0.16576660957582207","0.16576660957582207","0.18244808582062655","0.18244808582062655","0.18244808582062655","0.2036722460141315","0.2036722460141315","0.2036722460141315"
"822","0.16685226975926123","0.16685226975926123","0.16685226975926123","0.18457639242176682","0.18457639242176682","0.18457639242176682","0.2093696278373429","0.2093696278373429","0.2093696278373429"
"823","0.16895972860690925","0.16895972860690925","0.16895972860690925","0.18649591568325471","0.18649591568325471","0.18649591568325471","0.2069474675453257","0.2069474675453257","0.2069474675453257"
"824","0.16735785003240042","0.16735785003240042","0.16735785003240042","0.18641087725554628","0.18641087725554628","0.18641087725554628","0.20953531656692684","0.20953531656692684","0.20953531656692684"
"825","0.16801808867346668","0.16801808867346668","0.16801808867346668","0.18325348078187906","0.18325348078187906","0.18325348078187906","0.20530618256312663","0.20530618256312663","0.20530618256312663"
"826","0.16305630743232438","0.16305630743232438","0.16305630743232438","0.18500246011950353","0.18500246011950353","0.18500246011950353","0.20658799072657943","0.20658799072657943","0.20658799072657943"
"827","0.16285742654256832","0.16285742654256832","0.16285742654256832","0.18078046041294274","0.18078046041294274","0.18078046041294274","0.2053633211571697","0.2053633211571697","0.2053633211571697"
"828","0.16433148588546317","0.16433148588546317","0.16433148588546317","0.18707665699480355","0.18707665699480355","0.18707665699480355","0.20373663884927762","0.20373663884927762","0.20373663884927762"
"829","0.16720702093754472","0.16720702093754472","0.16720702093754472","0.1828411429788307","0.1828411429788307","0.1828411429788307","0.20715257244022522","0.20715257244022522","0.20715257244022522"
"830","0.16744610042724886","0.16744610042724886","0.16744610042724886","0.17997822751024697","0.17997822751024697","0.17997822751024697","0.2046532241796101","0.2046532241796101","0.2046532241796101"
"831","0.1631305187123796","0.1631305187123796","0.1631305187123796","0.18486743001053638","0.18486743001053638","0.18486743001053638","0.20609134433118945","0.20609134433118945","0.20609134433118945"
"832","0.16400853161959972","0.16400853161959972","0.16400853161959972","0.18246615392382404","0.18246615392382404","0.18246615392382404","0.20841983146218843","0.20841983146218843","0.20841983146218843"
"833","0.16584268053940251","0.16584268053940251","0.16584268053940251","0.1785095991200385","0.1785095991200385","0.1785095991200385","0.20977605145148645","0.20977605145148645","0.20977605145148645"
"834","0.16779458899414765","0.16779458899414765","0.16779458899414765","0.18448957568438862","0.18448957568438862","0.18448957568438862","0.20654807528686422","0.20654807528686422","0.20654807528686422"
"835","0.1645510186000122","0.1645510186000122","0.1645510186000122","0.1872557584109729","0.1872557584109729","0.1872557584109729","0.20600092656264893","0.20600092656264893","0.20600092656264893"
"836","0.1639410569080843","0.1639410569080843","0.1639410569080843","0.18132624093127622","0.18132624093127622","0.18132624093127622","0.20680554856993683","0.20680554856993683","0.20680554856993683"
"837","0.16971134790636108","0.16971134790636108","0.16971134790636108","0.1803198206878953","0.1803198206878953","0.1803198206878953","0.20803556604280782","0.20803556604280782","0.20803556604280782"
"838","0.1677172692171098","0.1677172692171098","0.1677172692171098","0.18164273292068042","0.18164273292068042","0.18164273292068042","0.205794821107256","0.205794821107256","0.205794821107256"
"839","0.16493718399608884","0.16493718399608884","0.16493718399608884","0.1844134234080185","0.1844134234080185","0.1844134234080185","0.20339058103907873","0.20339058103907873","0.20339058103907873"
"840","0.16613292299101776","0.16613292299101776","0.16613292299101776","0.18479936567679492","0.18479936567679492","0.18479936567679492","0.2036036596187072","0.2036036596187072","0.2036036596187072"
"841","0.1656776409984699","0.1656776409984699","0.1656776409984699","0.18794894880778792","0.18794894880778792","0.18794894880778792","0.20509047191892218","0.20509047191892218","0.20509047191892218"
"842","0.16376142502954802","0.16376142502954802","0.16376142502954802","0.18613131544198883","0.18613131544198883","0.18613131544198883","0.2051611214992244","0.2051611214992244","0.2051611214992244"
"843","0.16676896295333485","0.16676896295333485","0.16676896295333485","0.18217439333027433","0.18217439333027433","0.18217439333027433","0.20363363435713508","0.20363363435713508","0.20363363435713508"
"844","0.164755392737424","0.164755392737424","0.164755392737424","0.1809985710509123","0.1809985710509123","0.1809985710509123","0.2041088430066622","0.2041088430066622","0.2041088430066622"
"845","0.1635856549890163","0.1635856549890163","0.1635856549890163","0.18049051331545407","0.18049051331545407","0.18049051331545407","0.2096300732779993","0.2096300732779993","0.2096300732779993"
"846","0.1622441417199533","0.1622441417199533","0.1622441417199533","0.17980232611451633","0.17980232611451633","0.17980232611451633","0.21102127384222347","0.21102127384222347","0.21102127384222347"
"847","0.16488630086401615","0.16488630086401615","0.16488630086401615","0.18469557500954625","0.18469557500954625","0.18469557500954625","0.2099248216772428","0.2099248216772428","0.2099248216772428"
"848","0.16585587962078502","0.16585587962078502","0.16585587962078502","0.18347453190834942","0.18347453190834942","0.18347453190834942","0.21330575415189976","0.21330575415189976","0.21330575415189976"
"849","0.1650481351443582","0.1650481351443582","0.1650481351443582","0.18421680754720982","0.18421680754720982","0.18421680754720982","0.2050415017698665","0.2050415017698665","0.2050415017698665"
"850","0.1645649492968749","0.1645649492968749","0.1645649492968749","0.18362744629422278","0.18362744629422278","0.18362744629422278","0.209017619508849","0.209017619508849","0.209017619508849"
"851","0.16292152933944676","0.16292152933944676","0.16292152933944676","0.18488613515723382","0.18488613515723382","0.18488613515723382","0.20627966804335254","0.20627966804335254","0.20627966804335254"
"852","0.16286219634993118","0.16286219634993118","0.16286219634993118","0.18380993365437123","0.18380993365437123","0.18380993365437123","0.20217004418332832","0.20217004418332832","0.20217004418332832"
"853","0.16667170759731742","0.16667170759731742","0.16667170759731742","0.17835528226419614","0.17835528226419614","0.17835528226419614","0.2093997942894585","0.2093997942894585","0.2093997942894585"
"854","0.1655689638076179","0.1655689638076179","0.1655689638076179","0.18562223836067934","0.18562223836067934","0.18562223836067934","0.20807568014382963","0.20807568014382963","0.20807568014382963"
"855","0.16784480593402906","0.16784480593402906","0.16784480593402906","0.18220541137274895","0.18220541137274895","0.18220541137274895","0.20894730245928742","0.20894730245928742","0.20894730245928742"
"856","0.16270187014772905","0.16270187014772905","0.16270187014772905","0.18113925007642798","0.18113925007642798","0.18113925007642798","0.208250751010106","0.208250751010106","0.208250751010106"
"857","0.1644082201349587","0.1644082201349587","0.1644082201349587","0.1815519375608575","0.1815519375608575","0.1815519375608575","0.20796659843084775","0.20796659843084775","0.20796659843084775"
"858","0.16521516725539945","0.16521516725539945","0.16521516725539945","0.18493906064776097","0.18493906064776097","0.18493906064776097","0.2047145910551781","0.2047145910551781","0.2047145910551781"
"859","0.16407211611325004","0.16407211611325004","0.16407211611325004","0.18729991009943373","0.18729991009943373","0.18729991009943373","0.20415488044724872","0.20415488044724872","0.20415488044724872"
"860","0.16604310636916889","0.16604310636916889","0.16604310636916889","0.18363510271012115","0.18363510271012115","0.18363510271012115","0.2069055810953727","0.2069055810953727","0.2069055810953727"
"861","0.16595890275125702","0.16595890275125702","0.16595890275125702","0.18377171678588325","0.18377171678588325","0.18377171678588325","0.20356112221678904","0.20356112221678904","0.20356112221678904"
"862","0.16686854827598344","0.16686854827598344","0.16686854827598344","0.18523173117160385","0.18523173117160385","0.18523173117160385","0.2025974346715744","0.2025974346715744","0.2025974346715744"
"863","0.164454508884089","0.164454508884089","0.164454508884089","0.17936479669113434","0.17936479669113434","0.17936479669113434","0.20338051947333505","0.20338051947333505","0.20338051947333505"
"864","0.16721649887237997","0.16721649887237997","0.16721649887237997","0.18096153770600562","0.18096153770600562","0.18096153770600562","0.2047171739160348","0.2047171739160348","0.2047171739160348"
"865","0.16352525146502975","0.16352525146502975","0.16352525146502975","0.1808491361948069","0.1808491361948069","0.1808491361948069","0.2025272160061035","0.2025272160061035","0.2025272160061035"
"866","0.1664582551837167","0.1664582551837167","0.1664582551837167","0.183806732640182","0.183806732640182","0.183806732640182","0.2068895834101766","0.2068895834101766","0.2068895834101766"
"867","0.16741374852450183","0.16741374852450183","0.16741374852450183","0.18150853067269068","0.18150853067269068","0.18150853067269068","0.20392368605278902","0.20392368605278902","0.20392368605278902"
"868","0.16985041761267225","0.16985041761267225","0.16985041761267225","0.18410952004757933","0.18410952004757933","0.18410952004757933","0.2043425814423708","0.2043425814423708","0.2043425814423708"
"869","0.16854915286444272","0.16854915286444272","0.16854915286444272","0.18309658156127437","0.18309658156127437","0.18309658156127437","0.20625370033203705","0.20625370033203705","0.20625370033203705"
"870","0.1645605039018193","0.1645605039018193","0.1645605039018193","0.18449741143446965","0.18449741143446965","0.18449741143446965","0.2082373240780383","0.2082373240780383","0.2082373240780383"
"871","0.16514989576036004","0.16514989576036004","0.16514989576036004","0.18292155953441055","0.18292155953441055","0.18292155953441055","0.20674019342062355","0.20674019342062355","0.20674019342062355"
"872","0.1639012640645916","0.1639012640645916","0.1639012640645916","0.184985124752866","0.184985124752866","0.184985124752866","0.20343770269929332","0.20343770269929332","0.20343770269929332"
"873","0.1644166801747012","0.1644166801747012","0.1644166801747012","0.18287755720472754","0.18287755720472754","0.18287755720472754","0.2052934597299656","0.2052934597299656","0.2052934597299656"
"874","0.16537441192955707","0.16537441192955707","0.16537441192955707","0.18480404509245066","0.18480404509245066","0.18480404509245066","0.20577424910744255","0.20577424910744255","0.20577424910744255"
"875","0.1657247748470073","0.1657247748470073","0.1657247748470073","0.18313125863204313","0.18313125863204313","0.18313125863204313","0.2029290578953061","0.2029290578953061","0.2029290578953061"
"876","0.1671054461678901","0.1671054461678901","0.1671054461678901","0.18484833058189354","0.18484833058189354","0.18484833058189354","0.20447472154683918","0.20447472154683918","0.20447472154683918"
"877","0.16559883277699333","0.16559883277699333","0.16559883277699333","0.18100986229360969","0.18100986229360969","0.18100986229360969","0.20275085853749095","0.20275085853749095","0.20275085853749095"
"878","0.160977095988266","0.160977095988266","0.160977095988266","0.1813925525235376","0.1813925525235376","0.1813925525235376","0.20344826469538255","0.20344826469538255","0.20344826469538255"
"879","0.16144446345237243","0.16144446345237243","0.16144446345237243","0.18155724528913963","0.18155724528913963","0.18155724528913963","0.20294715913768677","0.20294715913768677","0.20294715913768677"
"880","0.16661827971125254","0.16661827971125254","0.16661827971125254","0.18439329308268493","0.18439329308268493","0.18439329308268493","0.2114221439317586","0.2114221439317586","0.2114221439317586"
"881","0.16518565551908063","0.16518565551908063","0.16518565551908063","0.18543619171283543","0.18543619171283543","0.18543619171283543","0.20262300887203868","0.20262300887203868","0.20262300887203868"
"882","0.16641813066996478","0.16641813066996478","0.16641813066996478","0.1840624195992342","0.1840624195992342","0.1840624195992342","0.2073561945150426","0.2073561945150426","0.2073561945150426"
"883","0.1653638134762456","0.1653638134762456","0.1653638134762456","0.18106933903410014","0.18106933903410014","0.18106933903410014","0.20820758282114604","0.20820758282114604","0.20820758282114604"
"884","0.1645106918839546","0.1645106918839546","0.1645106918839546","0.18186241393172606","0.18186241393172606","0.18186241393172606","0.2034020406694607","0.2034020406694607","0.2034020406694607"
"885","0.16515551487553556","0.16515551487553556","0.16515551487553556","0.1829551460006814","0.1829551460006814","0.1829551460006814","0.20434555591077894","0.20434555591077894","0.20434555591077894"
"886","0.16650061825832843","0.16650061825832843","0.16650061825832843","0.18409745701241945","0.18409745701241945","0.18409745701241945","0.20144307514025647","0.20144307514025647","0.20144307514025647"
"887","0.166989590180175","0.166989590180175","0.166989590180175","0.18072580699424076","0.18072580699424076","0.18072580699424076","0.20295225777712456","0.20295225777712456","0.20295225777712456"
"888","0.1664649503439471","0.1664649503439471","0.1664649503439471","0.18583669429131996","0.18583669429131996","0.18583669429131996","0.20561089403587465","0.20561089403587465","0.20561089403587465"
"889","0.16599169104119443","0.16599169104119443","0.16599169104119443","0.18591645532519904","0.18591645532519904","0.18591645532519904","0.2059790983443658","0.2059790983443658","0.2059790983443658"
"890","0.1680943594902897","0.1680943594902897","0.1680943594902897","0.18431550732754873","0.18431550732754873","0.18431550732754873","0.2062174598338726","0.2062174598338726","0.2062174598338726"
"891","0.16696260215311112","0.16696260215311112","0.16696260215311112","0.1817212818392069","0.1817212818392069","0.1817212818392069","0.2017826771960621","0.2017826771960621","0.2017826771960621"
"892","0.16267059896048017","0.16267059896048017","0.16267059896048017","0.17866836288245147","0.17866836288245147","0.17866836288245147","0.20916490356910408","0.20916490356910408","0.20916490356910408"
"893","0.16614799213022888","0.16614799213022888","0.16614799213022888","0.18374030614280437","0.18374030614280437","0.18374030614280437","0.2009529964645839","0.2009529964645839","0.2009529964645839"
"894","0.1660613605635384","0.1660613605635384","0.1660613605635384","0.18279658507289973","0.18279658507289973","0.18279658507289973","0.20270027295884083","0.20270027295884083","0.20270027295884083"
"895","0.16432742956287122","0.16432742956287122","0.16432742956287122","0.18092788909157762","0.18092788909157762","0.18092788909157762","0.2054136764609008","0.2054136764609008","0.2054136764609008"
"896","0.16697160458155155","0.16697160458155155","0.16697160458155155","0.18252847144445963","0.18252847144445963","0.18252847144445963","0.20325475054572784","0.20325475054572784","0.20325475054572784"
"897","0.16587749564450113","0.16587749564450113","0.16587749564450113","0.18028179604165992","0.18028179604165992","0.18028179604165992","0.2050939625252821","0.2050939625252821","0.2050939625252821"
"898","0.1653343327820558","0.1653343327820558","0.1653343327820558","0.1815501438502846","0.1815501438502846","0.1815501438502846","0.2033957112463266","0.2033957112463266","0.2033957112463266"
"899","0.16647980367816403","0.16647980367816403","0.16647980367816403","0.1832671309812849","0.1832671309812849","0.1832671309812849","0.20782773558085355","0.20782773558085355","0.20782773558085355"
"900","0.1654065091121526","0.1654065091121526","0.1654065091121526","0.18396884270091837","0.18396884270091837","0.18396884270091837","0.20172392017998567","0.20172392017998567","0.20172392017998567"
"901","0.1631159044398188","0.1631159044398188","0.1631159044398188","0.17643274589624683","0.17643274589624683","0.17643274589624683","0.20567783795367692","0.20567783795367692","0.20567783795367692"
"902","0.1639662665084449","0.1639662665084449","0.1639662665084449","0.1856301106806342","0.1856301106806342","0.1856301106806342","0.2043100382059672","0.2043100382059672","0.2043100382059672"
"903","0.16520329703344167","0.16520329703344167","0.16520329703344167","0.1811806089894872","0.1811806089894872","0.1811806089894872","0.19901889341440135","0.19901889341440135","0.19901889341440135"
"904","0.1681900004308958","0.1681900004308958","0.1681900004308958","0.18183445099851028","0.18183445099851028","0.18183445099851028","0.20546427464630654","0.20546427464630654","0.20546427464630654"
"905","0.1676012730078572","0.1676012730078572","0.1676012730078572","0.18613122247145097","0.18613122247145097","0.18613122247145097","0.20566764199979948","0.20566764199979948","0.20566764199979948"
"906","0.16601778180844143","0.16601778180844143","0.16601778180844143","0.18324213684092727","0.18324213684092727","0.18324213684092727","0.20488199743879842","0.20488199743879842","0.20488199743879842"
"907","0.16839644402477794","0.16839644402477794","0.16839644402477794","0.18051950031094663","0.18051950031094663","0.18051950031094663","0.2063504938329013","0.2063504938329013","0.2063504938329013"
"908","0.16441140863870954","0.16441140863870954","0.16441140863870954","0.18102580087473588","0.18102580087473588","0.18102580087473588","0.20296096254022547","0.20296096254022547","0.20296096254022547"
"909","0.16673953639814465","0.16673953639814465","0.16673953639814465","0.17675675799935933","0.17675675799935933","0.17675675799935933","0.20366799738249042","0.20366799738249042","0.20366799738249042"
"910","0.16464364205530466","0.16464364205530466","0.16464364205530466","0.18369061121010036","0.18369061121010036","0.18369061121010036","0.20316326383051753","0.20316326383051753","0.20316326383051753"
"911","0.16426496982790537","0.16426496982790537","0.16426496982790537","0.1806826702303268","0.1806826702303268","0.1806826702303268","0.20010072951385963","0.20010072951385963","0.20010072951385963"
"912","0.16473575195068227","0.16473575195068227","0.16473575195068227","0.18599068268749264","0.18599068268749264","0.18599068268749264","0.2048491769366452","0.2048491769366452","0.2048491769366452"
"913","0.16771038315597345","0.16771038315597345","0.16771038315597345","0.18005542631474158","0.18005542631474158","0.18005542631474158","0.2035421624782748","0.2035421624782748","0.2035421624782748"
"914","0.1658168151106758","0.1658168151106758","0.1658168151106758","0.18527248764485119","0.18527248764485119","0.18527248764485119","0.19952074392980176","0.19952074392980176","0.19952074392980176"
"915","0.1621616612506749","0.1621616612506749","0.1621616612506749","0.1820013612177743","0.1820013612177743","0.1820013612177743","0.2058797838266653","0.2058797838266653","0.2058797838266653"
"916","0.16246375546491731","0.16246375546491731","0.16246375546491731","0.18355564436787122","0.18355564436787122","0.18355564436787122","0.2035432458738997","0.2035432458738997","0.2035432458738997"
"917","0.1633018081674161","0.1633018081674161","0.1633018081674161","0.17895108816689767","0.17895108816689767","0.17895108816689767","0.19982619517505965","0.19982619517505965","0.19982619517505965"
"918","0.16508571647450906","0.16508571647450906","0.16508571647450906","0.1846584877212064","0.1846584877212064","0.1846584877212064","0.20191898417241347","0.20191898417241347","0.20191898417241347"
"919","0.1662395600876415","0.1662395600876415","0.1662395600876415","0.18471029775035688","0.18471029775035688","0.18471029775035688","0.20476354029835017","0.20476354029835017","0.20476354029835017"
"920","0.16436882894150298","0.16436882894150298","0.16436882894150298","0.18524139524785152","0.18524139524785152","0.18524139524785152","0.20349259395783295","0.20349259395783295","0.20349259395783295"
"921","0.16310105985615622","0.16310105985615622","0.16310105985615622","0.18399318164146783","0.18399318164146783","0.18399318164146783","0.19897041491588685","0.19897041491588685","0.19897041491588685"
"922","0.16707605237623804","0.16707605237623804","0.16707605237623804","0.18442780254851768","0.18442780254851768","0.18442780254851768","0.20104564322659058","0.20104564322659058","0.20104564322659058"
"923","0.16461285119688912","0.16461285119688912","0.16461285119688912","0.18031581115116901","0.18031581115116901","0.18031581115116901","0.20198604304941703","0.20198604304941703","0.20198604304941703"
"924","0.163202068861374","0.163202068861374","0.163202068861374","0.17826613210036013","0.17826613210036013","0.17826613210036013","0.20403419175567516","0.20403419175567516","0.20403419175567516"
"925","0.16513134720628783","0.16513134720628783","0.16513134720628783","0.18337529271984007","0.18337529271984007","0.18337529271984007","0.2056716184949304","0.2056716184949304","0.2056716184949304"
"926","0.16499591331250016","0.16499591331250016","0.16499591331250016","0.18312797177374118","0.18312797177374118","0.18312797177374118","0.1995314752871844","0.1995314752871844","0.1995314752871844"
"927","0.1660047726997246","0.1660047726997246","0.1660047726997246","0.1845249011492656","0.1845249011492656","0.1845249011492656","0.20331062380192413","0.20331062380192413","0.20331062380192413"
"928","0.16782613721335524","0.16782613721335524","0.16782613721335524","0.18075131743341058","0.18075131743341058","0.18075131743341058","0.19975685793348416","0.19975685793348416","0.19975685793348416"
"929","0.16596936246325592","0.16596936246325592","0.16596936246325592","0.18439829309005532","0.18439829309005532","0.18439829309005532","0.2011685514142236","0.2011685514142236","0.2011685514142236"
"930","0.16248673834146987","0.16248673834146987","0.16248673834146987","0.18233605676995376","0.18233605676995376","0.18233605676995376","0.20388909101277844","0.20388909101277844","0.20388909101277844"
"931","0.16310465573004113","0.16310465573004113","0.16310465573004113","0.18000898920965","0.18000898920965","0.18000898920965","0.19808729614500134","0.19808729614500134","0.19808729614500134"
"932","0.16482572813207616","0.16482572813207616","0.16482572813207616","0.18105927071098138","0.18105927071098138","0.18105927071098138","0.20400652272981756","0.20400652272981756","0.20400652272981756"
"933","0.16270270033321899","0.16270270033321899","0.16270270033321899","0.18320403465398885","0.18320403465398885","0.18320403465398885","0.20411351355089655","0.20411351355089655","0.20411351355089655"
"934","0.16341629634144758","0.16341629634144758","0.16341629634144758","0.18383061076925564","0.18383061076925564","0.18383061076925564","0.20442749839817362","0.20442749839817362","0.20442749839817362"
"935","0.16412128819671717","0.16412128819671717","0.16412128819671717","0.18444791943709146","0.18444791943709146","0.18444791943709146","0.2057921324274187","0.2057921324274187","0.2057921324274187"
"936","0.16557506203537484","0.16557506203537484","0.16557506203537484","0.1846976471815663","0.1846976471815663","0.1846976471815663","0.20356393026839972","0.20356393026839972","0.20356393026839972"
"937","0.1633609976713131","0.1633609976713131","0.1633609976713131","0.18413315068058614","0.18413315068058614","0.18413315068058614","0.19920926272473907","0.19920926272473907","0.19920926272473907"
"938","0.16560239781705158","0.16560239781705158","0.16560239781705158","0.1823301537535732","0.1823301537535732","0.1823301537535732","0.20133925454857357","0.20133925454857357","0.20133925454857357"
"939","0.16453869635067145","0.16453869635067145","0.16453869635067145","0.18179148064389325","0.18179148064389325","0.18179148064389325","0.20467876614655464","0.20467876614655464","0.20467876614655464"
"940","0.16474542567860645","0.16474542567860645","0.16474542567860645","0.18156988233444174","0.18156988233444174","0.18156988233444174","0.20313488571566762","0.20313488571566762","0.20313488571566762"
"941","0.1634928434734035","0.1634928434734035","0.1634928434734035","0.18262416995853092","0.18262416995853092","0.18262416995853092","0.20485376897183397","0.20485376897183397","0.20485376897183397"
"942","0.16323784772272457","0.16323784772272457","0.16323784772272457","0.18070475411591005","0.18070475411591005","0.18070475411591005","0.20482982657707652","0.20482982657707652","0.20482982657707652"
"943","0.16439326707385363","0.16439326707385363","0.16439326707385363","0.1815844210396922","0.1815844210396922","0.1815844210396922","0.2032893464484622","0.2032893464484622","0.2032893464484622"
"944","0.1638307892337689","0.1638307892337689","0.1638307892337689","0.18403990707481863","0.18403990707481863","0.18403990707481863","0.2035719878443416","0.2035719878443416","0.2035719878443416"
"945","0.1614210274230334","0.1614210274230334","0.1614210274230334","0.18133807745981367","0.18133807745981367","0.18133807745981367","0.20297406248235805","0.20297406248235805","0.20297406248235805"
"946","0.1653441531197792","0.1653441531197792","0.1653441531197792","0.17999302635610423","0.17999302635610423","0.17999302635610423","0.20275838303902197","0.20275838303902197","0.20275838303902197"
"947","0.16379224849972585","0.16379224849972585","0.16379224849972585","0.1815413764763487","0.1815413764763487","0.1815413764763487","0.20460953059536394","0.20460953059536394","0.20460953059536394"
"948","0.1642175057132414","0.1642175057132414","0.1642175057132414","0.1812770326132138","0.1812770326132138","0.1812770326132138","0.20321949262029274","0.20321949262029274","0.20321949262029274"
"949","0.16619109975157623","0.16619109975157623","0.16619109975157623","0.17767205757370141","0.17767205757370141","0.17767205757370141","0.19876976411979186","0.19876976411979186","0.19876976411979186"
"950","0.16392131811059493","0.16392131811059493","0.16392131811059493","0.18237362122816567","0.18237362122816567","0.18237362122816567","0.20285644049739968","0.20285644049739968","0.20285644049739968"
"951","0.16280166678382338","0.16280166678382338","0.16280166678382338","0.17915762364115115","0.17915762364115115","0.17915762364115115","0.19807240739176304","0.19807240739176304","0.19807240739176304"
"952","0.1639864141295225","0.1639864141295225","0.1639864141295225","0.179943147886252","0.179943147886252","0.179943147886252","0.20211900390550916","0.20211900390550916","0.20211900390550916"
"953","0.16459207513870674","0.16459207513870674","0.16459207513870674","0.17960214010986406","0.17960214010986406","0.17960214010986406","0.2027332171220111","0.2027332171220111","0.2027332171220111"
"954","0.16711987532921638","0.16711987532921638","0.16711987532921638","0.18087626406037347","0.18087626406037347","0.18087626406037347","0.20624647237794214","0.20624647237794214","0.20624647237794214"
"955","0.16945609484938065","0.16945609484938065","0.16945609484938065","0.18533071715830393","0.18533071715830393","0.18533071715830393","0.20134074139094807","0.20134074139094807","0.20134074139094807"
"956","0.1636247892609232","0.1636247892609232","0.1636247892609232","0.1811723632157766","0.1811723632157766","0.1811723632157766","0.20160129550953634","0.20160129550953634","0.20160129550953634"
"957","0.1675221086645824","0.1675221086645824","0.1675221086645824","0.1863147231484287","0.1863147231484287","0.1863147231484287","0.2018196686112854","0.2018196686112854","0.2018196686112854"
"958","0.16614842295029564","0.16614842295029564","0.16614842295029564","0.18101157528304582","0.18101157528304582","0.18101157528304582","0.20399548890085742","0.20399548890085742","0.20399548890085742"
"959","0.1633859122665583","0.1633859122665583","0.1633859122665583","0.18599754227042162","0.18599754227042162","0.18599754227042162","0.20322454978156756","0.20322454978156756","0.20322454978156756"
"960","0.166150462670062","0.166150462670062","0.166150462670062","0.1808492923809398","0.1808492923809398","0.1808492923809398","0.1965066400451373","0.1965066400451373","0.1965066400451373"
"961","0.16231327333282058","0.16231327333282058","0.16231327333282058","0.183134753771203","0.183134753771203","0.183134753771203","0.20192018680717325","0.20192018680717325","0.20192018680717325"
"962","0.1656438236491311","0.1656438236491311","0.1656438236491311","0.18084769010719828","0.18084769010719828","0.18084769010719828","0.2047624925470195","0.2047624925470195","0.2047624925470195"
"963","0.16749115789673988","0.16749115789673988","0.16749115789673988","0.17975463363717284","0.17975463363717284","0.17975463363717284","0.2020012383058815","0.2020012383058815","0.2020012383058815"
"964","0.16242194643981822","0.16242194643981822","0.16242194643981822","0.1820757857759324","0.1820757857759324","0.1820757857759324","0.20440361544558816","0.20440361544558816","0.20440361544558816"
"965","0.16543597087983752","0.16543597087983752","0.16543597087983752","0.18165115566023615","0.18165115566023615","0.18165115566023615","0.20444090608704127","0.20444090608704127","0.20444090608704127"
"966","0.16587004311864328","0.16587004311864328","0.16587004311864328","0.18361160209574892","0.18361160209574892","0.18361160209574892","0.19930850708540518","0.19930850708540518","0.19930850708540518"
"967","0.16680202845988779","0.16680202845988779","0.16680202845988779","0.18113586929258954","0.18113586929258954","0.18113586929258954","0.19850486970656125","0.19850486970656125","0.19850486970656125"
"968","0.1651460895390456","0.1651460895390456","0.1651460895390456","0.18422529095001164","0.18422529095001164","0.18422529095001164","0.2046405087820559","0.2046405087820559","0.2046405087820559"
"969","0.16610851109506927","0.16610851109506927","0.16610851109506927","0.1779474727303758","0.1779474727303758","0.1779474727303758","0.2022307396121994","0.2022307396121994","0.2022307396121994"
"970","0.1674666711524854","0.1674666711524854","0.1674666711524854","0.1804815580478738","0.1804815580478738","0.1804815580478738","0.20280472802271413","0.20280472802271413","0.20280472802271413"
"971","0.16203550843440673","0.16203550843440673","0.16203550843440673","0.18067711868374556","0.18067711868374556","0.18067711868374556","0.19731912375150015","0.19731912375150015","0.19731912375150015"
"972","0.16366230587063754","0.16366230587063754","0.16366230587063754","0.1792973800231057","0.1792973800231057","0.1792973800231057","0.20240893650071035","0.20240893650071035","0.20240893650071035"
"973","0.16466996990484187","0.16466996990484187","0.16466996990484187","0.18255914265014273","0.18255914265014273","0.18255914265014273","0.2008398435492503","0.2008398435492503","0.2008398435492503"
"974","0.16709570812779415","0.16709570812779415","0.16709570812779415","0.1792282594289024","0.1792282594289024","0.1792282594289024","0.2003564279591685","0.2003564279591685","0.2003564279591685"
"975","0.16317241849350908","0.16317241849350908","0.16317241849350908","0.1843522465192935","0.1843522465192935","0.1843522465192935","0.20055226955350924","0.20055226955350924","0.20055226955350924"
"976","0.16078059895139146","0.16078059895139146","0.16078059895139146","0.18316204307095552","0.18316204307095552","0.18316204307095552","0.20098584078655155","0.20098584078655155","0.20098584078655155"
"977","0.16570885327551224","0.16570885327551224","0.16570885327551224","0.18247673353291485","0.18247673353291485","0.18247673353291485","0.19900214622705922","0.19900214622705922","0.19900214622705922"
"978","0.16711641483573428","0.16711641483573428","0.16711641483573428","0.1791434128489181","0.1791434128489181","0.1791434128489181","0.2040962096605632","0.2040962096605632","0.2040962096605632"
"979","0.16443213580319044","0.16443213580319044","0.16443213580319044","0.18072759752098577","0.18072759752098577","0.18072759752098577","0.20654075586425424","0.20654075586425424","0.20654075586425424"
"980","0.16521452775869638","0.16521452775869638","0.16521452775869638","0.18120394784110982","0.18120394784110982","0.18120394784110982","0.20011919833209912","0.20011919833209912","0.20011919833209912"
"981","0.16132758491966268","0.16132758491966268","0.16132758491966268","0.18159705829383985","0.18159705829383985","0.18159705829383985","0.20642793514340604","0.20642793514340604","0.20642793514340604"
"982","0.16646755765791146","0.16646755765791146","0.16646755765791146","0.17584715897493544","0.17584715897493544","0.17584715897493544","0.20308067919154119","0.20308067919154119","0.20308067919154119"
"983","0.16671643730901445","0.16671643730901445","0.16671643730901445","0.18031760674296757","0.18031760674296757","0.18031760674296757","0.20163072911193478","0.20163072911193478","0.20163072911193478"
"984","0.1619506307293331","0.1619506307293331","0.1619506307293331","0.17899912295188217","0.17899912295188217","0.17899912295188217","0.2020943750279326","0.2020943750279326","0.2020943750279326"
"985","0.16389387597719585","0.16389387597719585","0.16389387597719585","0.18185691302052928","0.18185691302052928","0.18185691302052928","0.19970643555587464","0.19970643555587464","0.19970643555587464"
"986","0.16618429216351568","0.16618429216351568","0.16618429216351568","0.18114812341195888","0.18114812341195888","0.18114812341195888","0.2020814448415822","0.2020814448415822","0.2020814448415822"
"987","0.16357191379756844","0.16357191379756844","0.16357191379756844","0.17865288801833024","0.17865288801833024","0.17865288801833024","0.20008096846442994","0.20008096846442994","0.20008096846442994"
"988","0.16515584691435622","0.16515584691435622","0.16515584691435622","0.18094852653321528","0.18094852653321528","0.18094852653321528","0.2018856428145733","0.2018856428145733","0.2018856428145733"
"989","0.16617125452448983","0.16617125452448983","0.16617125452448983","0.17789468003918252","0.17789468003918252","0.17789468003918252","0.20385728388762236","0.20385728388762236","0.20385728388762236"
"990","0.1666710589598548","0.1666710589598548","0.1666710589598548","0.18192327482595183","0.18192327482595183","0.18192327482595183","0.20074870900327102","0.20074870900327102","0.20074870900327102"
"991","0.1658720674612411","0.1658720674612411","0.1658720674612411","0.1865297936214365","0.1865297936214365","0.1865297936214365","0.200925825216564","0.200925825216564","0.200925825216564"
"992","0.1679677995144974","0.1679677995144974","0.1679677995144974","0.18164509697310274","0.18164509697310274","0.18164509697310274","0.20141261312634687","0.20141261312634687","0.20141261312634687"
"993","0.1618586176978001","0.1618586176978001","0.1618586176978001","0.17621109949226046","0.17621109949226046","0.17621109949226046","0.20358138338561935","0.20358138338561935","0.20358138338561935"
"994","0.16228462005339508","0.16228462005339508","0.16228462005339508","0.182374379126737","0.182374379126737","0.182374379126737","0.20481631309406156","0.20481631309406156","0.20481631309406156"
"995","0.16591674815712906","0.16591674815712906","0.16591674815712906","0.17922303079510846","0.17922303079510846","0.17922303079510846","0.20238523523158802","0.20238523523158802","0.20238523523158802"
"996","0.16397609479710576","0.16397609479710576","0.16397609479710576","0.1817686114076135","0.1817686114076135","0.1817686114076135","0.2056778647599401","0.2056778647599401","0.2056778647599401"
"997","0.16488628327911367","0.16488628327911367","0.16488628327911367","0.18183907027485066","0.18183907027485066","0.18183907027485066","0.19926530157977543","0.19926530157977543","0.19926530157977543"
"998","0.16765060070135263","0.16765060070135263","0.16765060070135263","0.18171257033869528","0.18171257033869528","0.18171257033869528","0.2030625186791087","0.2030625186791087","0.2030625186791087"
"999","0.1684519818119409","0.1684519818119409","0.1684519818119409","0.1808306446765934","0.1808306446765934","0.1808306446765934","0.20221255143794228","0.20221255143794228","0.20221255143794228"
"1000","0.1697126245387637","0.1697126245387637","0.1697126245387637","0.1851483478250738","0.1851483478250738","0.1851483478250738","0.19821174807912864","0.19821174807912864","0.19821174807912864"
"1001","0.1614941286455989","0.1614941286455989","0.1614941286455989","0.1815157134491667","0.1815157134491667","0.1815157134491667","0.20376808312822733","0.20376808312822733","0.20376808312822733"
"1002","0.16284310383638773","0.16284310383638773","0.16284310383638773","0.18321828792978748","0.18321828792978748","0.18321828792978748","0.20392323957411254","0.20392323957411254","0.20392323957411254"
"1003","0.1637494497780741","0.1637494497780741","0.1637494497780741","0.1803629704095574","0.1803629704095574","0.1803629704095574","0.19894998513612835","0.19894998513612835","0.19894998513612835"
"1004","0.1625823283973109","0.1625823283973109","0.1625823283973109","0.17672742324872062","0.17672742324872062","0.17672742324872062","0.19861670214597693","0.19861670214597693","0.19861670214597693"
"1005","0.16514176506661055","0.16514176506661055","0.16514176506661055","0.18152030554891121","0.18152030554891121","0.18152030554891121","0.19992165163436784","0.19992165163436784","0.19992165163436784"
"1006","0.16544681906070777","0.16544681906070777","0.16544681906070777","0.18205061241120682","0.18205061241120682","0.18205061241120682","0.2046800631145763","0.2046800631145763","0.2046800631145763"
"1007","0.16554359041341446","0.16554359041341446","0.16554359041341446","0.18347507541570085","0.18347507541570085","0.18347507541570085","0.2051566741100926","0.2051566741100926","0.2051566741100926"
"1008","0.16224841225308062","0.16224841225308062","0.16224841225308062","0.17976586677137632","0.17976586677137632","0.17976586677137632","0.2004941232659171","0.2004941232659171","0.2004941232659171"
"1009","0.16587563934943653","0.16587563934943653","0.16587563934943653","0.1802542936251977","0.1802542936251977","0.1802542936251977","0.20195930883550992","0.20195930883550992","0.20195930883550992"
"1010","0.1666715158949903","0.1666715158949903","0.1666715158949903","0.17655542361935309","0.17655542361935309","0.17655542361935309","0.2016058231536174","0.2016058231536174","0.2016058231536174"
"1011","0.16634573403325062","0.16634573403325062","0.16634573403325062","0.18391415399086788","0.18391415399086788","0.18391415399086788","0.2030818671573703","0.2030818671573703","0.2030818671573703"
"1012","0.16415393489716354","0.16415393489716354","0.16415393489716354","0.1797370941454126","0.1797370941454126","0.1797370941454126","","",""
"1013","0.1623504986695875","0.1623504986695875","0.1623504986695875","0.18070241303870552","0.18070241303870552","0.18070241303870552","","",""
"1014","0.1640213747436935","0.1640213747436935","0.1640213747436935","0.18366463467515826","0.18366463467515826","0.18366463467515826","","",""
"1015","0.1625246756681914","0.1625246756681914","0.1625246756681914","0.18022578313485194","0.18022578313485194","0.18022578313485194","","",""
"1016","0.1639271049123682","0.1639271049123682","0.1639271049123682","0.1810608575322212","0.1810608575322212","0.1810608575322212","","",""
"1017","0.16682665305899483","0.16682665305899483","0.16682665305899483","0.17864916852770815","0.17864916852770815","0.17864916852770815","","",""
"1018","0.1647350273283311","0.1647350273283311","0.1647350273283311","0.18084285273528342","0.18084285273528342","0.18084285273528342","","",""
"1019","0.16506008767488656","0.16506008767488656","0.16506008767488656","0.18358109201688552","0.18358109201688552","0.18358109201688552","","",""
"1020","0.16628220363941457","0.16628220363941457","0.16628220363941457","0.1828111840900318","0.1828111840900318","0.1828111840900318","","",""
"1021","0.16499711496858935","0.16499711496858935","0.16499711496858935","0.18183796029302537","0.18183796029302537","0.18183796029302537","","",""
"1022","0.16623029084469956","0.16623029084469956","0.16623029084469956","0.18065553595631648","0.18065553595631648","0.18065553595631648","","",""
"1023","0.16285112616889208","0.16285112616889208","0.16285112616889208","0.1789977232293811","0.1789977232293811","0.1789977232293811","","",""
"1024","0.16463869370161835","0.16463869370161835","0.16463869370161835","0.18285193703837865","0.18285193703837865","0.18285193703837865","","",""
"1025","0.16422769060163536","0.16422769060163536","0.16422769060163536","0.181999407850752","0.181999407850752","0.181999407850752","","",""
"1026","0.16582806687354626","0.16582806687354626","0.16582806687354626","0.18074092544791856","0.18074092544791856","0.18074092544791856","","",""
"1027","0.16491162910461724","0.16491162910461724","0.16491162910461724","0.18227493397815156","0.18227493397815156","0.18227493397815156","","",""
"1028","0.16550185354771293","0.16550185354771293","0.16550185354771293","0.17707753961051517","0.17707753961051517","0.17707753961051517","","",""
"1029","0.16460554152362547","0.16460554152362547","0.16460554152362547","0.18273655236404993","0.18273655236404993","0.18273655236404993","","",""
"1030","0.1651820783927195","0.1651820783927195","0.1651820783927195","0.17943256541824545","0.17943256541824545","0.17943256541824545","","",""
"1031","0.16375347777468865","0.16375347777468865","0.16375347777468865","0.1796110218214467","0.1796110218214467","0.1796110218214467","","",""
"1032","0.16723076804875014","0.16723076804875014","0.16723076804875014","0.18310717612862926","0.18310717612862926","0.18310717612862926","","",""
"1033","0.16549052777609757","0.16549052777609757","0.16549052777609757","0.1834288436323593","0.1834288436323593","0.1834288436323593","","",""
"1034","0.1608842034088344","0.1608842034088344","0.1608842034088344","0.1797983896109172","0.1797983896109172","0.1797983896109172","","",""
"1035","0.16361579411434532","0.16361579411434532","0.16361579411434532","0.1819467536656214","0.1819467536656214","0.1819467536656214","","",""
"1036","0.16249205689917454","0.16249205689917454","0.16249205689917454","0.1785173433898322","0.1785173433898322","0.1785173433898322","","",""
"1037","0.16409589591803467","0.16409589591803467","0.16409589591803467","0.1803284962654612","0.1803284962654612","0.1803284962654612","","",""
"1038","0.16533738106052692","0.16533738106052692","0.16533738106052692","0.1757509673393596","0.1757509673393596","0.1757509673393596","","",""
"1039","0.16260432742949524","0.16260432742949524","0.16260432742949524","0.17592262041605355","0.17592262041605355","0.17592262041605355","","",""
"1040","0.1655006476951896","0.1655006476951896","0.1655006476951896","0.18166058484193884","0.18166058484193884","0.18166058484193884","","",""
"1041","0.16328557340589903","0.16328557340589903","0.16328557340589903","0.1791601488371005","0.1791601488371005","0.1791601488371005","","",""
"1042","0.16506821022053766","0.16506821022053766","0.16506821022053766","0.17884785528357003","0.17884785528357003","0.17884785528357003","","",""
"1043","0.16466273219888877","0.16466273219888877","0.16466273219888877","0.17981945319151368","0.17981945319151368","0.17981945319151368","","",""
"1044","0.16482789596255062","0.16482789596255062","0.16482789596255062","0.1831594708644967","0.1831594708644967","0.1831594708644967","","",""
"1045","0.16824353719305885","0.16824353719305885","0.16824353719305885","0.1798244501742933","0.1798244501742933","0.1798244501742933","","",""
"1046","0.1635998882018254","0.1635998882018254","0.1635998882018254","0.1817391448201394","0.1817391448201394","0.1817391448201394","","",""
"1047","0.16627503288808598","0.16627503288808598","0.16627503288808598","0.18087901675060788","0.18087901675060788","0.18087901675060788","","",""
"1048","0.1652756475843244","0.1652756475843244","0.1652756475843244","0.18064129666175843","0.18064129666175843","0.18064129666175843","","",""
"1049","0.16849672297981214","0.16849672297981214","0.16849672297981214","0.17932128817522575","0.17932128817522575","0.17932128817522575","","",""
"1050","0.16315258076943848","0.16315258076943848","0.16315258076943848","0.17781787113730227","0.17781787113730227","0.17781787113730227","","",""
"1051","0.16050930729914292","0.16050930729914292","0.16050930729914292","0.1810713039945228","0.1810713039945228","0.1810713039945228","","",""
"1052","0.1650653239005506","0.1650653239005506","0.1650653239005506","0.1823710901765165","0.1823710901765165","0.1823710901765165","","",""
"1053","0.1635693607077661","0.1635693607077661","0.1635693607077661","0.18493011981105056","0.18493011981105056","0.18493011981105056","","",""
"1054","0.16072329627836038","0.16072329627836038","0.16072329627836038","0.18344588120653696","0.18344588120653696","0.18344588120653696","","",""
"1055","0.166716760750143","0.166716760750143","0.166716760750143","0.1795212321264714","0.1795212321264714","0.1795212321264714","","",""
"1056","0.16169694197491424","0.16169694197491424","0.16169694197491424","0.17807488115266368","0.17807488115266368","0.17807488115266368","","",""
"1057","0.16287613291298222","0.16287613291298222","0.16287613291298222","0.18136609845681698","0.18136609845681698","0.18136609845681698","","",""
"1058","0.16478175650463284","0.16478175650463284","0.16478175650463284","0.18000774787267274","0.18000774787267274","0.18000774787267274","","",""
"1059","0.16690199421817406","0.16690199421817406","0.16690199421817406","0.17939677037540122","0.17939677037540122","0.17939677037540122","","",""
"1060","0.1646192811033611","0.1646192811033611","0.1646192811033611","0.181576012784239","0.181576012784239","0.181576012784239","","",""
"1061","0.16270420986701542","0.16270420986701542","0.16270420986701542","0.18122489274914347","0.18122489274914347","0.18122489274914347","","",""
"1062","0.16412346677850084","0.16412346677850084","0.16412346677850084","0.1799985126461049","0.1799985126461049","0.1799985126461049","","",""
"1063","0.16750964379457964","0.16750964379457964","0.16750964379457964","0.1794612936377196","0.1794612936377196","0.1794612936377196","","",""
"1064","0.16243429920964228","0.16243429920964228","0.16243429920964228","0.1803670080608238","0.1803670080608238","0.1803670080608238","","",""
"1065","0.1644774244412847","0.1644774244412847","0.1644774244412847","0.1844122051154868","0.1844122051154868","0.1844122051154868","","",""
"1066","0.1648677011090969","0.1648677011090969","0.1648677011090969","0.1763114842396869","0.1763114842396869","0.1763114842396869","","",""
"1067","0.16512862939882214","0.16512862939882214","0.16512862939882214","0.18074669758765324","0.18074669758765324","0.18074669758765324","","",""
"1068","0.1659256479584519","0.1659256479584519","0.1659256479584519","0.1802428268546359","0.1802428268546359","0.1802428268546359","","",""
"1069","0.1646758304653999","0.1646758304653999","0.1646758304653999","0.1778229856539205","0.1778229856539205","0.1778229856539205","","",""
"1070","0.16448720127678282","0.16448720127678282","0.16448720127678282","0.17778350313452707","0.17778350313452707","0.17778350313452707","","",""
"1071","0.16468125146128068","0.16468125146128068","0.16468125146128068","0.18057849326085051","0.18057849326085051","0.18057849326085051","","",""
"1072","0.1640721879866273","0.1640721879866273","0.1640721879866273","0.18052627197914317","0.18052627197914317","0.18052627197914317","","",""
"1073","0.16341124355152006","0.16341124355152006","0.16341124355152006","0.18019143716788658","0.18019143716788658","0.18019143716788658","","",""
"1074","0.16564825593748658","0.16564825593748658","0.16564825593748658","0.18112089707472115","0.18112089707472115","0.18112089707472115","","",""
"1075","0.16528679378211236","0.16528679378211236","0.16528679378211236","0.17733461354401145","0.17733461354401145","0.17733461354401145","","",""
"1076","0.16208172795662693","0.16208172795662693","0.16208172795662693","0.18116021726953446","0.18116021726953446","0.18116021726953446","","",""
"1077","0.16491364766610253","0.16491364766610253","0.16491364766610253","0.1810214719208565","0.1810214719208565","0.1810214719208565","","",""
"1078","0.16459058512846106","0.16459058512846106","0.16459058512846106","0.17667762788272415","0.17667762788272415","0.17667762788272415","","",""
"1079","0.16209445483652332","0.16209445483652332","0.16209445483652332","0.18076765808853354","0.18076765808853354","0.18076765808853354","","",""
"1080","0.16252715926736785","0.16252715926736785","0.16252715926736785","0.1801835740784081","0.1801835740784081","0.1801835740784081","","",""
"1081","0.16304874025375818","0.16304874025375818","0.16304874025375818","0.18274225749728681","0.18274225749728681","0.18274225749728681","","",""
"1082","0.16565568378138948","0.16565568378138948","0.16565568378138948","0.18057128069156428","0.18057128069156428","0.18057128069156428","","",""
"1083","0.16508564844909548","0.16508564844909548","0.16508564844909548","0.18093019614497807","0.18093019614497807","0.18093019614497807","","",""
"1084","0.16441063565797992","0.16441063565797992","0.16441063565797992","0.17820845111304606","0.17820845111304606","0.17820845111304606","","",""
"1085","0.16469938330460576","0.16469938330460576","0.16469938330460576","0.18228758770911843","0.18228758770911843","0.18228758770911843","","",""
"1086","0.16449516011500198","0.16449516011500198","0.16449516011500198","0.17605312517085872","0.17605312517085872","0.17605312517085872","","",""
"1087","0.1628190389699291","0.1628190389699291","0.1628190389699291","0.18076433024262825","0.18076433024262825","0.18076433024262825","","",""
"1088","0.16254913536548302","0.16254913536548302","0.16254913536548302","0.177228181907677","0.177228181907677","0.177228181907677","","",""
"1089","0.16493615690929678","0.16493615690929678","0.16493615690929678","0.17490055866617793","0.17490055866617793","0.17490055866617793","","",""
"1090","0.1636198391718516","0.1636198391718516","0.1636198391718516","0.17990189083602406","0.17990189083602406","0.17990189083602406","","",""
"1091","0.16619112324671795","0.16619112324671795","0.16619112324671795","0.18108990538859782","0.18108990538859782","0.18108990538859782","","",""
"1092","0.16544829010195308","0.16544829010195308","0.16544829010195308","0.17568826228163703","0.17568826228163703","0.17568826228163703","","",""
"1093","0.16255152165311268","0.16255152165311268","0.16255152165311268","0.1779008952101727","0.1779008952101727","0.1779008952101727","","",""
"1094","0.1638031839978817","0.1638031839978817","0.1638031839978817","0.1816465331288286","0.1816465331288286","0.1816465331288286","","",""
"1095","0.16702828049856625","0.16702828049856625","0.16702828049856625","0.17788798818954624","0.17788798818954624","0.17788798818954624","","",""
"1096","0.16372444713065382","0.16372444713065382","0.16372444713065382","0.1794223229874361","0.1794223229874361","0.1794223229874361","","",""
"1097","0.1653037046804288","0.1653037046804288","0.1653037046804288","0.18004200161979747","0.18004200161979747","0.18004200161979747","","",""
"1098","0.16575801695530487","0.16575801695530487","0.16575801695530487","0.18180018227402228","0.18180018227402228","0.18180018227402228","","",""
"1099","0.16409437905215457","0.16409437905215457","0.16409437905215457","0.18039185622410045","0.18039185622410045","0.18039185622410045","","",""
"1100","0.16331439950007623","0.16331439950007623","0.16331439950007623","0.1796864915509099","0.1796864915509099","0.1796864915509099","","",""
"1101","0.1638011595351351","0.1638011595351351","0.1638011595351351","0.17957476861479896","0.17957476861479896","0.17957476861479896","","",""
"1102","0.16463148886717385","0.16463148886717385","0.16463148886717385","0.17795350516712302","0.17795350516712302","0.17795350516712302","","",""
"1103","0.16273572811712858","0.16273572811712858","0.16273572811712858","0.18043807245387553","0.18043807245387553","0.18043807245387553","","",""
"1104","0.16693306253902185","0.16693306253902185","0.16693306253902185","0.17853097434893397","0.17853097434893397","0.17853097434893397","","",""
"1105","0.1642630304601085","0.1642630304601085","0.1642630304601085","0.1809254784705722","0.1809254784705722","0.1809254784705722","","",""
"1106","0.16413308368898358","0.16413308368898358","0.16413308368898358","0.18026866947475959","0.18026866947475959","0.18026866947475959","","",""
"1107","0.1658704926039916","0.1658704926039916","0.1658704926039916","0.18160511900300416","0.18160511900300416","0.18160511900300416","","",""
"1108","0.16556811903283128","0.16556811903283128","0.16556811903283128","0.17865744292732536","0.17865744292732536","0.17865744292732536","","",""
"1109","0.16370561393976774","0.16370561393976774","0.16370561393976774","0.1800703664258877","0.1800703664258877","0.1800703664258877","","",""
"1110","0.16539154503262377","0.16539154503262377","0.16539154503262377","0.1789799500045578","0.1789799500045578","0.1789799500045578","","",""
"1111","0.1651972742633602","0.1651972742633602","0.1651972742633602","0.1812598411332175","0.1812598411332175","0.1812598411332175","","",""
"1112","0.16482480231765928","0.16482480231765928","0.16482480231765928","0.18010363185148381","0.18010363185148381","0.18010363185148381","","",""
"1113","0.16620879036498207","0.16620879036498207","0.16620879036498207","0.1800812153464972","0.1800812153464972","0.1800812153464972","","",""
"1114","0.16384375618459165","0.16384375618459165","0.16384375618459165","0.18055083306087324","0.18055083306087324","0.18055083306087324","","",""
"1115","0.16063711879684758","0.16063711879684758","0.16063711879684758","0.17881706195619437","0.17881706195619437","0.17881706195619437","","",""
"1116","0.1673571964085476","0.1673571964085476","0.1673571964085476","0.1795417724158542","0.1795417724158542","0.1795417724158542","","",""
"1117","0.16414819064659988","0.16414819064659988","0.16414819064659988","0.17938280301000983","0.17938280301000983","0.17938280301000983","","",""
"1118","0.16208983634966886","0.16208983634966886","0.16208983634966886","0.17760115995873027","0.17760115995873027","0.17760115995873027","","",""
"1119","0.16424571537610555","0.16424571537610555","0.16424571537610555","0.18173285736569345","0.18173285736569345","0.18173285736569345","","",""
"1120","0.16357057893090585","0.16357057893090585","0.16357057893090585","0.1808309621037598","0.1808309621037598","0.1808309621037598","","",""
"1121","0.16496113936295273","0.16496113936295273","0.16496113936295273","0.18073339202015096","0.18073339202015096","0.18073339202015096","","",""
"1122","0.1657551221192125","0.1657551221192125","0.1657551221192125","0.18046326188526676","0.18046326188526676","0.18046326188526676","","",""
"1123","0.16079218965228245","0.16079218965228245","0.16079218965228245","0.18101831573004026","0.18101831573004026","0.18101831573004026","","",""
"1124","0.16624819012987746","0.16624819012987746","0.16624819012987746","0.17576486700677552","0.17576486700677552","0.17576486700677552","","",""
"1125","0.16344332543641737","0.16344332543641737","0.16344332543641737","0.1857427777861617","0.1857427777861617","0.1857427777861617","","",""
"1126","0.1659911667484761","0.1659911667484761","0.1659911667484761","0.18136442420739704","0.18136442420739704","0.18136442420739704","","",""
"1127","0.16405203094609963","0.16405203094609963","0.16405203094609963","0.1754869350710868","0.1754869350710868","0.1754869350710868","","",""
"1128","0.16206738399823864","0.16206738399823864","0.16206738399823864","0.1778877199242089","0.1778877199242089","0.1778877199242089","","",""
"1129","0.16182282472674062","0.16182282472674062","0.16182282472674062","0.1789049039006431","0.1789049039006431","0.1789049039006431","","",""
"1130","0.16311480381348561","0.16311480381348561","0.16311480381348561","0.17886137146200287","0.17886137146200287","0.17886137146200287","","",""
"1131","0.16435227857935472","0.16435227857935472","0.16435227857935472","0.1768515694754632","0.1768515694754632","0.1768515694754632","","",""
"1132","0.16188859195638725","0.16188859195638725","0.16188859195638725","0.18216524051533736","0.18216524051533736","0.18216524051533736","","",""
"1133","0.1666717832334201","0.1666717832334201","0.1666717832334201","0.1738935693149605","0.1738935693149605","0.1738935693149605","","",""
"1134","0.1632844226241618","0.1632844226241618","0.1632844226241618","0.18025369407538303","0.18025369407538303","0.18025369407538303","","",""
"1135","0.16225611404834786","0.16225611404834786","0.16225611404834786","0.1793158690033534","0.1793158690033534","0.1793158690033534","","",""
"1136","0.16550981691518835","0.16550981691518835","0.16550981691518835","0.1796448516335978","0.1796448516335978","0.1796448516335978","","",""
"1137","0.16662695544680783","0.16662695544680783","0.16662695544680783","0.17796465424741084","0.17796465424741084","0.17796465424741084","","",""
"1138","0.1657405122541261","0.1657405122541261","0.1657405122541261","0.1808468964256668","0.1808468964256668","0.1808468964256668","","",""
"1139","0.16425588455625217","0.16425588455625217","0.16425588455625217","0.18103812489063395","0.18103812489063395","0.18103812489063395","","",""
"1140","0.16388988455829875","0.16388988455829875","0.16388988455829875","0.1794899853663285","0.1794899853663285","0.1794899853663285","","",""
"1141","0.16325570359780664","0.16325570359780664","0.16325570359780664","0.1767741729957608","0.1767741729957608","0.1767741729957608","","",""
"1142","0.16741827479903584","0.16741827479903584","0.16741827479903584","0.17709524608691174","0.17709524608691174","0.17709524608691174","","",""
"1143","0.16606804641687503","0.16606804641687503","0.16606804641687503","0.1772298702340207","0.1772298702340207","0.1772298702340207","","",""
"1144","0.1639236302624982","0.1639236302624982","0.1639236302624982","0.17975168716707288","0.17975168716707288","0.17975168716707288","","",""
"1145","0.16590613948185226","0.16590613948185226","0.16590613948185226","0.17705101235124424","0.17705101235124424","0.17705101235124424","","",""
"1146","0.1645899320000043","0.1645899320000043","0.1645899320000043","0.1784869400949648","0.1784869400949648","0.1784869400949648","","",""
"1147","0.1619115418103501","0.1619115418103501","0.1619115418103501","0.18294652639777734","0.18294652639777734","0.18294652639777734","","",""
"1148","0.16288120932521064","0.16288120932521064","0.16288120932521064","0.18034433897230953","0.18034433897230953","0.18034433897230953","","",""
"1149","0.16287272595099445","0.16287272595099445","0.16287272595099445","0.1782323833181749","0.1782323833181749","0.1782323833181749","","",""
"1150","0.1640976276899064","0.1640976276899064","0.1640976276899064","0.17987458400120301","0.17987458400120301","0.17987458400120301","","",""
"1151","0.16452691176201167","0.16452691176201167","0.16452691176201167","0.17531912807199002","0.17531912807199002","0.17531912807199002","","",""
"1152","0.1641913641170018","0.1641913641170018","0.1641913641170018","0.1768736054154776","0.1768736054154776","0.1768736054154776","","",""
"1153","0.16308766842718933","0.16308766842718933","0.16308766842718933","0.18008215133825908","0.18008215133825908","0.18008215133825908","","",""
"1154","0.16447699822388842","0.16447699822388842","0.16447699822388842","0.18038135782785772","0.18038135782785772","0.18038135782785772","","",""
"1155","0.16278164623368674","0.16278164623368674","0.16278164623368674","0.17940152873175041","0.17940152873175041","0.17940152873175041","","",""
"1156","0.1660649307231955","0.1660649307231955","0.1660649307231955","0.17974147818442635","0.17974147818442635","0.17974147818442635","","",""
"1157","0.16184937122207674","0.16184937122207674","0.16184937122207674","0.18024116444520236","0.18024116444520236","0.18024116444520236","","",""
"1158","0.16392360001840578","0.16392360001840578","0.16392360001840578","0.178847703801599","0.178847703801599","0.178847703801599","","",""
"1159","0.16348696503829668","0.16348696503829668","0.16348696503829668","0.18051852478702432","0.18051852478702432","0.18051852478702432","","",""
"1160","0.16200204307819965","0.16200204307819965","0.16200204307819965","0.18030248046175334","0.18030248046175334","0.18030248046175334","","",""
"1161","0.1620109096054392","0.1620109096054392","0.1620109096054392","0.17946527210799212","0.17946527210799212","0.17946527210799212","","",""
"1162","0.16441973884612354","0.16441973884612354","0.16441973884612354","0.17999276986398527","0.17999276986398527","0.17999276986398527","","",""
"1163","0.16269170566765934","0.16269170566765934","0.16269170566765934","0.17913122357611974","0.17913122357611974","0.17913122357611974","","",""
"1164","0.1666878424016324","0.1666878424016324","0.1666878424016324","0.17992405944676682","0.17992405944676682","0.17992405944676682","","",""
"1165","0.1621326645918176","0.1621326645918176","0.1621326645918176","0.17852540156012572","0.17852540156012572","0.17852540156012572","","",""
"1166","0.1635245763090027","0.1635245763090027","0.1635245763090027","0.1749615411204909","0.1749615411204909","0.1749615411204909","","",""
"1167","0.16388168589216534","0.16388168589216534","0.16388168589216534","0.1756217484968253","0.1756217484968253","0.1756217484968253","","",""
"1168","0.16516433664640387","0.16516433664640387","0.16516433664640387","0.18252540761058242","0.18252540761058242","0.18252540761058242","","",""
"1169","0.1624581816960533","0.1624581816960533","0.1624581816960533","0.17629675967675149","0.17629675967675149","0.17629675967675149","","",""
"1170","0.16511515763903037","0.16511515763903037","0.16511515763903037","0.1760800709651844","0.1760800709651844","0.1760800709651844","","",""
"1171","0.16495233161314504","0.16495233161314504","0.16495233161314504","0.17842600089373936","0.17842600089373936","0.17842600089373936","","",""
"1172","0.16254945027957704","0.16254945027957704","0.16254945027957704","0.17904797910531933","0.17904797910531933","0.17904797910531933","","",""
"1173","0.16290422755097825","0.16290422755097825","0.16290422755097825","0.1833415796595599","0.1833415796595599","0.1833415796595599","","",""
"1174","0.1633232377886563","0.1633232377886563","0.1633232377886563","0.1785993423285092","0.1785993423285092","0.1785993423285092","","",""
"1175","0.16504567815756865","0.16504567815756865","0.16504567815756865","0.1776344677819138","0.1776344677819138","0.1776344677819138","","",""
"1176","0.16286363679832358","0.16286363679832358","0.16286363679832358","0.17793142829468866","0.17793142829468866","0.17793142829468866","","",""
"1177","0.16656682428293945","0.16656682428293945","0.16656682428293945","0.1834476040008702","0.1834476040008702","0.1834476040008702","","",""
"1178","0.16332882083810266","0.16332882083810266","0.16332882083810266","0.18118569259169282","0.18118569259169282","0.18118569259169282","","",""
"1179","0.164024521840485","0.164024521840485","0.164024521840485","0.176252436005896","0.176252436005896","0.176252436005896","","",""
"1180","0.16363633358764965","0.16363633358764965","0.16363633358764965","0.17633133273860122","0.17633133273860122","0.17633133273860122","","",""
"1181","0.16384618141600568","0.16384618141600568","0.16384618141600568","0.17858201986290012","0.17858201986290012","0.17858201986290012","","",""
"1182","0.1648894282381207","0.1648894282381207","0.1648894282381207","0.17510584559012268","0.17510584559012268","0.17510584559012268","","",""
"1183","0.1627854326786542","0.1627854326786542","0.1627854326786542","0.1794482135594606","0.1794482135594606","0.1794482135594606","","",""
"1184","0.16675414743725203","0.16675414743725203","0.16675414743725203","0.1770724515799472","0.1770724515799472","0.1770724515799472","","",""
"1185","0.16503677658770932","0.16503677658770932","0.16503677658770932","0.1797557938187017","0.1797557938187017","0.1797557938187017","","",""
"1186","0.1676680148219081","0.1676680148219081","0.1676680148219081","0.17680149520656796","0.17680149520656796","0.17680149520656796","","",""
"1187","0.16345973333700065","0.16345973333700065","0.16345973333700065","0.17701051729579187","0.17701051729579187","0.17701051729579187","","",""
"1188","0.16151463925283724","0.16151463925283724","0.16151463925283724","0.1751741368951608","0.1751741368951608","0.1751741368951608","","",""
"1189","0.16373872717862836","0.16373872717862836","0.16373872717862836","0.17830948807800204","0.17830948807800204","0.17830948807800204","","",""
"1190","0.16799695913186116","0.16799695913186116","0.16799695913186116","0.17764259137636862","0.17764259137636862","0.17764259137636862","","",""
"1191","0.1688424899708503","0.1688424899708503","0.1688424899708503","0.18172202731057016","0.18172202731057016","0.18172202731057016","","",""
"1192","0.16311382437821256","0.16311382437821256","0.16311382437821256","0.18419812358973287","0.18419812358973287","0.18419812358973287","","",""
"1193","0.16332011058233256","0.16332011058233256","0.16332011058233256","0.17710134150608095","0.17710134150608095","0.17710134150608095","","",""
"1194","0.1653008387034043","0.1653008387034043","0.1653008387034043","0.17923331462879266","0.17923331462879266","0.17923331462879266","","",""
"1195","0.1629241523382123","0.1629241523382123","0.1629241523382123","0.17881413077024974","0.17881413077024974","0.17881413077024974","","",""
"1196","0.1646725386781617","0.1646725386781617","0.1646725386781617","0.17908740865564896","0.17908740865564896","0.17908740865564896","","",""
"1197","0.1654943781949751","0.1654943781949751","0.1654943781949751","0.18020902427120167","0.18020902427120167","0.18020902427120167","","",""
"1198","0.16569894443049868","0.16569894443049868","0.16569894443049868","0.17887105368091794","0.17887105368091794","0.17887105368091794","","",""
"1199","0.16384715987757334","0.16384715987757334","0.16384715987757334","0.18009896669680978","0.18009896669680978","0.18009896669680978","","",""
"1200","0.1653182401066722","0.1653182401066722","0.1653182401066722","0.17785774429815493","0.17785774429815493","0.17785774429815493","","",""
"1201","0.1633973782614692","0.1633973782614692","0.1633973782614692","0.1791875618704497","0.1791875618704497","0.1791875618704497","","",""
"1202","0.16289893444538808","0.16289893444538808","0.16289893444538808","0.18013213313539733","0.18013213313539733","0.18013213313539733","","",""
"1203","0.16249323313965544","0.16249323313965544","0.16249323313965544","0.17844747271819217","0.17844747271819217","0.17844747271819217","","",""
"1204","0.16553274789614109","0.16553274789614109","0.16553274789614109","0.17669251045884057","0.17669251045884057","0.17669251045884057","","",""
"1205","0.16643070050535752","0.16643070050535752","0.16643070050535752","0.17490936488867584","0.17490936488867584","0.17490936488867584","","",""
"1206","0.16227990647624826","0.16227990647624826","0.16227990647624826","0.17672291360331452","0.17672291360331452","0.17672291360331452","","",""
"1207","0.1614623600942848","0.1614623600942848","0.1614623600942848","0.18029089188318478","0.18029089188318478","0.18029089188318478","","",""
"1208","0.16489062795918688","0.16489062795918688","0.16489062795918688","0.17878478720247662","0.17878478720247662","0.17878478720247662","","",""
"1209","0.16178641435340227","0.16178641435340227","0.16178641435340227","0.17508538383722824","0.17508538383722824","0.17508538383722824","","",""
"1210","0.16500979059701162","0.16500979059701162","0.16500979059701162","0.17935825930012897","0.17935825930012897","0.17935825930012897","","",""
"1211","0.1619612856943258","0.1619612856943258","0.1619612856943258","0.17855848000682426","0.17855848000682426","0.17855848000682426","","",""
"1212","0.16698919074069807","0.16698919074069807","0.16698919074069807","0.18217042011650644","0.18217042011650644","0.18217042011650644","","",""
"1213","0.16207589187655336","0.16207589187655336","0.16207589187655336","0.17840344060389865","0.17840344060389865","0.17840344060389865","","",""
"1214","0.1617207418425648","0.1617207418425648","0.1617207418425648","0.17934451340449062","0.17934451340449062","0.17934451340449062","","",""
"1215","0.16411336793102435","0.16411336793102435","0.16411336793102435","0.17826182551855188","0.17826182551855188","0.17826182551855188","","",""
"1216","0.1618704426334196","0.1618704426334196","0.1618704426334196","0.1766602262978322","0.1766602262978322","0.1766602262978322","","",""
"1217","0.16454060454905026","0.16454060454905026","0.16454060454905026","0.17722300390149037","0.17722300390149037","0.17722300390149037","","",""
"1218","0.16311456695033877","0.16311456695033877","0.16311456695033877","0.17707692934184402","0.17707692934184402","0.17707692934184402","","",""
"1219","0.16380821501876766","0.16380821501876766","0.16380821501876766","0.17744028169041837","0.17744028169041837","0.17744028169041837","","",""
"1220","0.1640011950452599","0.1640011950452599","0.1640011950452599","0.17683130420039736","0.17683130420039736","0.17683130420039736","","",""
"1221","0.16555051313161276","0.16555051313161276","0.16555051313161276","0.17943113606135377","0.17943113606135377","0.17943113606135377","","",""
"1222","0.16318762522493277","0.16318762522493277","0.16318762522493277","0.18091300769450888","0.18091300769450888","0.18091300769450888","","",""
"1223","0.16369873845097482","0.16369873845097482","0.16369873845097482","0.1787363941723198","0.1787363941723198","0.1787363941723198","","",""
"1224","0.16298006786098357","0.16298006786098357","0.16298006786098357","0.17916175576506913","0.17916175576506913","0.17916175576506913","","",""
"1225","0.16444249228731497","0.16444249228731497","0.16444249228731497","0.17829708066241753","0.17829708066241753","0.17829708066241753","","",""
"1226","0.16062377417898602","0.16062377417898602","0.16062377417898602","0.17809159649341613","0.17809159649341613","0.17809159649341613","","",""
"1227","0.1644428791990747","0.1644428791990747","0.1644428791990747","0.17718865495279246","0.17718865495279246","0.17718865495279246","","",""
"1228","0.16193370700472678","0.16193370700472678","0.16193370700472678","0.17743036827623418","0.17743036827623418","0.17743036827623418","","",""
"1229","0.16090559013106878","0.16090559013106878","0.16090559013106878","0.17952171342250253","0.17952171342250253","0.17952171342250253","","",""
"1230","0.16199849107310854","0.16199849107310854","0.16199849107310854","0.1802585479793873","0.1802585479793873","0.1802585479793873","","",""
"1231","0.16440116622936582","0.16440116622936582","0.16440116622936582","0.1753790193098724","0.1753790193098724","0.1753790193098724","","",""
"1232","0.16626093359271327","0.16626093359271327","0.16626093359271327","0.18156538250445942","0.18156538250445942","0.18156538250445942","","",""
"1233","0.1653427084644434","0.1653427084644434","0.1653427084644434","0.180594643617614","0.180594643617614","0.180594643617614","","",""
"1234","0.1653104270472914","0.1653104270472914","0.1653104270472914","0.1753008204008071","0.1753008204008071","0.1753008204008071","","",""
"1235","0.16464827060666118","0.16464827060666118","0.16464827060666118","0.1805440428699557","0.1805440428699557","0.1805440428699557","","",""
"1236","0.16216183406006227","0.16216183406006227","0.16216183406006227","0.1769023353985192","0.1769023353985192","0.1769023353985192","","",""
"1237","0.1629496930804176","0.1629496930804176","0.1629496930804176","0.17308162386566273","0.17308162386566273","0.17308162386566273","","",""
"1238","0.16425927279186356","0.16425927279186356","0.16425927279186356","0.1788007243901135","0.1788007243901135","0.1788007243901135","","",""
"1239","0.16526402382946206","0.16526402382946206","0.16526402382946206","0.177763705661932","0.177763705661932","0.177763705661932","","",""
"1240","0.16281848927919546","0.16281848927919546","0.16281848927919546","0.18158864661828086","0.18158864661828086","0.18158864661828086","","",""
"1241","0.16197902789882881","0.16197902789882881","0.16197902789882881","0.1744647556809049","0.1744647556809049","0.1744647556809049","","",""
"1242","0.16378142516871738","0.16378142516871738","0.16378142516871738","0.17732057036804905","0.17732057036804905","0.17732057036804905","","",""
"1243","0.16364791513171606","0.16364791513171606","0.16364791513171606","0.18037777001607871","0.18037777001607871","0.18037777001607871","","",""
"1244","0.16297538958558322","0.16297538958558322","0.16297538958558322","0.17679921527738104","0.17679921527738104","0.17679921527738104","","",""
"1245","0.16356000003141716","0.16356000003141716","0.16356000003141716","0.1767360150767119","0.1767360150767119","0.1767360150767119","","",""
"1246","0.16231228509424336","0.16231228509424336","0.16231228509424336","0.1823565179668829","0.1823565179668829","0.1823565179668829","","",""
"1247","0.16231712114194682","0.16231712114194682","0.16231712114194682","0.17556087283597344","0.17556087283597344","0.17556087283597344","","",""
"1248","0.1629123638823188","0.1629123638823188","0.1629123638823188","0.17902035121923154","0.17902035121923154","0.17902035121923154","","",""
"1249","0.16534214920675858","0.16534214920675858","0.16534214920675858","0.17605925046738438","0.17605925046738438","0.17605925046738438","","",""
"1250","0.1631650902712639","0.1631650902712639","0.1631650902712639","0.1763080487124811","0.1763080487124811","0.1763080487124811","","",""
"1251","0.16410255311004404","0.16410255311004404","0.16410255311004404","0.17956807161936336","0.17956807161936336","0.17956807161936336","","",""
"1252","0.16279624173472015","0.16279624173472015","0.16279624173472015","0.18102097453810026","0.18102097453810026","0.18102097453810026","","",""
"1253","0.1628051102625275","0.1628051102625275","0.1628051102625275","0.17863154781997384","0.17863154781997384","0.17863154781997384","","",""
"1254","0.16515026146231798","0.16515026146231798","0.16515026146231798","0.1790070989173267","0.1790070989173267","0.1790070989173267","","",""
"1255","0.16328091741070286","0.16328091741070286","0.16328091741070286","0.17947770463910373","0.17947770463910373","0.17947770463910373","","",""
"1256","0.1625754562908751","0.1625754562908751","0.1625754562908751","0.17813113145020262","0.17813113145020262","0.17813113145020262","","",""
"1257","0.16375563642907245","0.16375563642907245","0.16375563642907245","0.177765753677261","0.177765753677261","0.177765753677261","","",""
"1258","0.16303648403766582","0.16303648403766582","0.16303648403766582","0.17601997104430264","0.17601997104430264","0.17601997104430264","","",""
"1259","0.16433056054381354","0.16433056054381354","0.16433056054381354","0.1776253202876008","0.1776253202876008","0.1776253202876008","","",""
"1260","0.16764275281781693","0.16764275281781693","0.16764275281781693","0.18055648512795344","0.18055648512795344","0.18055648512795344","","",""
"1261","0.15953583070452154","0.15953583070452154","0.15953583070452154","0.1792969336692772","0.1792969336692772","0.1792969336692772","","",""
"1262","0.165096595846341","0.165096595846341","0.165096595846341","0.17926919097882052","0.17926919097882052","0.17926919097882052","","",""
"1263","0.16341145958672104","0.16341145958672104","0.16341145958672104","0.17902548927686665","0.17902548927686665","0.17902548927686665","","",""
"1264","0.16422693593141433","0.16422693593141433","0.16422693593141433","0.178585476145953","0.178585476145953","0.178585476145953","","",""
"1265","0.16196388957270905","0.16196388957270905","0.16196388957270905","0.1760381870946469","0.1760381870946469","0.1760381870946469","","",""
"1266","0.16479983045475446","0.16479983045475446","0.16479983045475446","0.17836880091848406","0.17836880091848406","0.17836880091848406","","",""
"1267","0.16145951424826502","0.16145951424826502","0.16145951424826502","0.17568320178888366","0.17568320178888366","0.17568320178888366","","",""
"1268","0.16478404498535898","0.16478404498535898","0.16478404498535898","0.17986198538493992","0.17986198538493992","0.17986198538493992","","",""
"1269","0.1625266562424355","0.1625266562424355","0.1625266562424355","0.17959919504440772","0.17959919504440772","0.17959919504440772","","",""
"1270","0.16318815191559813","0.16318815191559813","0.16318815191559813","0.17862367125050674","0.17862367125050674","0.17862367125050674","","",""
"1271","0.16329324172144516","0.16329324172144516","0.16329324172144516","0.1746725949137323","0.1746725949137323","0.1746725949137323","","",""
"1272","0.16154615660733","0.16154615660733","0.16154615660733","0.17518407781972858","0.17518407781972858","0.17518407781972858","","",""
"1273","0.16035719928897677","0.16035719928897677","0.16035719928897677","0.17661813266090798","0.17661813266090798","0.17661813266090798","","",""
"1274","0.16314175582225235","0.16314175582225235","0.16314175582225235","0.17969418703050274","0.17969418703050274","0.17969418703050274","","",""
"1275","0.16449012403358063","0.16449012403358063","0.16449012403358063","0.17856475140953806","0.17856475140953806","0.17856475140953806","","",""
"1276","0.16531523525073674","0.16531523525073674","0.16531523525073674","0.17919068973445298","0.17919068973445298","0.17919068973445298","","",""
"1277","0.1646423741946039","0.1646423741946039","0.1646423741946039","0.17683498385215699","0.17683498385215699","0.17683498385215699","","",""
"1278","0.1644489481981453","0.1644489481981453","0.1644489481981453","0.17669947608479342","0.17669947608479342","0.17669947608479342","","",""
"1279","0.16479844048790504","0.16479844048790504","0.16479844048790504","0.17928670077866946","0.17928670077866946","0.17928670077866946","","",""
"1280","0.16359692080326096","0.16359692080326096","0.16359692080326096","0.1812839195325112","0.1812839195325112","0.1812839195325112","","",""
"1281","0.16508547536292048","0.16508547536292048","0.16508547536292048","0.17541464281483157","0.17541464281483157","0.17541464281483157","","",""
"1282","0.16565954161916152","0.16565954161916152","0.16565954161916152","0.17762513405745237","0.17762513405745237","0.17762513405745237","","",""
"1283","0.16583864256449196","0.16583864256449196","0.16583864256449196","0.17987647639908547","0.17987647639908547","0.17987647639908547","","",""
"1284","0.1633303026275539","0.1633303026275539","0.1633303026275539","0.17636047849822512","0.17636047849822512","0.17636047849822512","","",""
"1285","0.16579002169628423","0.16579002169628423","0.16579002169628423","0.17898704560985337","0.17898704560985337","0.17898704560985337","","",""
"1286","0.16329937281332058","0.16329937281332058","0.16329937281332058","0.17941263231305526","0.17941263231305526","0.17941263231305526","","",""
"1287","0.16476440093209188","0.16476440093209188","0.16476440093209188","0.18153734699116342","0.18153734699116342","0.18153734699116342","","",""
"1288","0.16301240114051177","0.16301240114051177","0.16301240114051177","0.17929158860894426","0.17929158860894426","0.17929158860894426","","",""
"1289","0.16375873221242312","0.16375873221242312","0.16375873221242312","0.1778831680589353","0.1778831680589353","0.1778831680589353","","",""
"1290","0.16162937522966178","0.16162937522966178","0.16162937522966178","0.17931024641876192","0.17931024641876192","0.17931024641876192","","",""
"1291","0.1633462911165917","0.1633462911165917","0.1633462911165917","0.17513311558977565","0.17513311558977565","0.17513311558977565","","",""
"1292","0.16467729851237958","0.16467729851237958","0.16467729851237958","0.17567400454100265","0.17567400454100265","0.17567400454100265","","",""
"1293","0.16384948455398562","0.16384948455398562","0.16384948455398562","0.17426225202967013","0.17426225202967013","0.17426225202967013","","",""
"1294","0.16574102461353138","0.16574102461353138","0.16574102461353138","0.17787507524957544","0.17787507524957544","0.17787507524957544","","",""
"1295","0.16480086289222387","0.16480086289222387","0.16480086289222387","0.17527401307710022","0.17527401307710022","0.17527401307710022","","",""
"1296","0.16437279042176892","0.16437279042176892","0.16437279042176892","0.1777901898381408","0.1777901898381408","0.1777901898381408","","",""
"1297","0.16556803015376523","0.16556803015376523","0.16556803015376523","0.17979023061332045","0.17979023061332045","0.17979023061332045","","",""
"1298","0.16053304022262174","0.16053304022262174","0.16053304022262174","0.1798810649907986","0.1798810649907986","0.1798810649907986","","",""
"1299","0.1663096330433756","0.1663096330433756","0.1663096330433756","0.1808527160116211","0.1808527160116211","0.1808527160116211","","",""
"1300","0.16457001863272838","0.16457001863272838","0.16457001863272838","0.17967511060107377","0.17967511060107377","0.17967511060107377","","",""
"1301","0.1629301992645427","0.1629301992645427","0.1629301992645427","0.17447985633700946","0.17447985633700946","0.17447985633700946","","",""
"1302","0.1643859709387301","0.1643859709387301","0.1643859709387301","0.1786192277445969","0.1786192277445969","0.1786192277445969","","",""
"1303","0.16524699917499322","0.16524699917499322","0.16524699917499322","0.17834001909880884","0.17834001909880884","0.17834001909880884","","",""
"1304","0.16506195212072816","0.16506195212072816","0.16506195212072816","0.17898024549688876","0.17898024549688876","0.17898024549688876","","",""
"1305","0.16529311159778518","0.16529311159778518","0.16529311159778518","0.18006308812070107","0.18006308812070107","0.18006308812070107","","",""
"1306","0.16474514448355904","0.16474514448355904","0.16474514448355904","0.1757179616262674","0.1757179616262674","0.1757179616262674","","",""
"1307","0.16257754646241013","0.16257754646241013","0.16257754646241013","0.17498822034956796","0.17498822034956796","0.17498822034956796","","",""
"1308","0.16407593611137203","0.16407593611137203","0.16407593611137203","0.17611940940860402","0.17611940940860402","0.17611940940860402","","",""
"1309","0.16369235544322522","0.16369235544322522","0.16369235544322522","0.17893213161084698","0.17893213161084698","0.17893213161084698","","",""
"1310","0.164091850380271","0.164091850380271","0.164091850380271","0.17750490860755141","0.17750490860755141","0.17750490860755141","","",""
"1311","0.16576006074520325","0.16576006074520325","0.16576006074520325","0.18041118494707634","0.18041118494707634","0.18041118494707634","","",""
"1312","0.16272291182952678","0.16272291182952678","0.16272291182952678","0.17658329345373344","0.17658329345373344","0.17658329345373344","","",""
"1313","0.1677851837132773","0.1677851837132773","0.1677851837132773","0.17675879052814122","0.17675879052814122","0.17675879052814122","","",""
"1314","0.1612821141085283","0.1612821141085283","0.1612821141085283","0.17273882992004788","0.17273882992004788","0.17273882992004788","","",""
"1315","0.1635921442229553","0.1635921442229553","0.1635921442229553","0.17603856611674218","0.17603856611674218","0.17603856611674218","","",""
"1316","0.16346207200387114","0.16346207200387114","0.16346207200387114","0.17951413436840616","0.17951413436840616","0.17951413436840616","","",""
"1317","0.16430684334819357","0.16430684334819357","0.16430684334819357","0.17729741248340777","0.17729741248340777","0.17729741248340777","","",""
"1318","0.16416701557055108","0.16416701557055108","0.16416701557055108","0.1746914398827765","0.1746914398827765","0.1746914398827765","","",""
"1319","0.16294132232661027","0.16294132232661027","0.16294132232661027","0.17708134669149386","0.17708134669149386","0.17708134669149386","","",""
"1320","0.1642835141004156","0.1642835141004156","0.1642835141004156","0.17729303564970633","0.17729303564970633","0.17729303564970633","","",""
"1321","0.1606195871170108","0.1606195871170108","0.1606195871170108","0.17770958468963519","0.17770958468963519","0.17770958468963519","","",""
"1322","0.1628588639686476","0.1628588639686476","0.1628588639686476","0.17529181336926877","0.17529181336926877","0.17529181336926877","","",""
"1323","0.16245323830353978","0.16245323830353978","0.16245323830353978","0.17680019187913432","0.17680019187913432","0.17680019187913432","","",""
"1324","0.16575107609912168","0.16575107609912168","0.16575107609912168","0.17681065154340678","0.17681065154340678","0.17681065154340678","","",""
"1325","0.1646974659266242","0.1646974659266242","0.1646974659266242","0.1767273405640679","0.1767273405640679","0.1767273405640679","","",""
"1326","0.1645250910521758","0.1645250910521758","0.1645250910521758","0.1821554644176068","0.1821554644176068","0.1821554644176068","","",""
"1327","0.16179937224119714","0.16179937224119714","0.16179937224119714","0.17860563316124087","0.17860563316124087","0.17860563316124087","","",""
"1328","0.16368461079274604","0.16368461079274604","0.16368461079274604","0.17759553892899757","0.17759553892899757","0.17759553892899757","","",""
"1329","0.1622412415941912","0.1622412415941912","0.1622412415941912","0.178653899483879","0.178653899483879","0.178653899483879","","",""
"1330","0.16318780616200648","0.16318780616200648","0.16318780616200648","0.17537218169034344","0.17537218169034344","0.17537218169034344","","",""
"1331","0.16196169343987288","0.16196169343987288","0.16196169343987288","0.17633444786594568","0.17633444786594568","0.17633444786594568","","",""
"1332","0.16190049004359303","0.16190049004359303","0.16190049004359303","0.1782917452015156","0.1782917452015156","0.1782917452015156","","",""
"1333","0.1608761521574212","0.1608761521574212","0.1608761521574212","0.1777672866541458","0.1777672866541458","0.1777672866541458","","",""
"1334","0.16222164231064481","0.16222164231064481","0.16222164231064481","0.17734398108684943","0.17734398108684943","0.17734398108684943","","",""
"1335","0.1610528639498016","0.1610528639498016","0.1610528639498016","0.17504330098350632","0.17504330098350632","0.17504330098350632","","",""
"1336","0.16395616940059513","0.16395616940059513","0.16395616940059513","0.17401401179790024","0.17401401179790024","0.17401401179790024","","",""
"1337","0.16224479721246543","0.16224479721246543","0.16224479721246543","0.17745523261655838","0.17745523261655838","0.17745523261655838","","",""
"1338","0.16333285864176209","0.16333285864176209","0.16333285864176209","0.17679820897674128","0.17679820897674128","0.17679820897674128","","",""
"1339","0.16286643202986092","0.16286643202986092","0.16286643202986092","0.1768685917136716","0.1768685917136716","0.1768685917136716","","",""
"1340","0.1654848984799068","0.1654848984799068","0.1654848984799068","0.17538153007677626","0.17538153007677626","0.17538153007677626","","",""
"1341","0.1651051900540467","0.1651051900540467","0.1651051900540467","0.1721313301254982","0.1721313301254982","0.1721313301254982","","",""
"1342","0.1629945106921356","0.1629945106921356","0.1629945106921356","0.1777204961959694","0.1777204961959694","0.1777204961959694","","",""
"1343","0.16498803083480987","0.16498803083480987","0.16498803083480987","0.17479685028244038","0.17479685028244038","0.17479685028244038","","",""
"1344","0.16150021871709283","0.16150021871709283","0.16150021871709283","0.17823502402254646","0.17823502402254646","0.17823502402254646","","",""
"1345","0.1635372866649479","0.1635372866649479","0.1635372866649479","0.1771847639781918","0.1771847639781918","0.1771847639781918","","",""
"1346","0.16417953275994035","0.16417953275994035","0.16417953275994035","0.17723016527456492","0.17723016527456492","0.17723016527456492","","",""
"1347","0.16530030464139062","0.16530030464139062","0.16530030464139062","0.17656250186202874","0.17656250186202874","0.17656250186202874","","",""
"1348","0.16568103647781385","0.16568103647781385","0.16568103647781385","0.17755525286250595","0.17755525286250595","0.17755525286250595","","",""
"1349","0.1617689744624006","0.1617689744624006","0.1617689744624006","0.17599629035914607","0.17599629035914607","0.17599629035914607","","",""
"1350","0.16426085965438694","0.16426085965438694","0.16426085965438694","0.17953952793434647","0.17953952793434647","0.17953952793434647","","",""
"1351","0.16574829217985823","0.16574829217985823","0.16574829217985823","0.17615269595151808","0.17615269595151808","0.17615269595151808","","",""
"1352","0.16450042904905057","0.16450042904905057","0.16450042904905057","0.17652983168927341","0.17652983168927341","0.17652983168927341","","",""
"1353","0.16548114391386837","0.16548114391386837","0.16548114391386837","0.1787285349614138","0.1787285349614138","0.1787285349614138","","",""
"1354","0.16098635172151485","0.16098635172151485","0.16098635172151485","0.17862992369225025","0.17862992369225025","0.17862992369225025","","",""
"1355","0.16233097739393737","0.16233097739393737","0.16233097739393737","0.1774425067913915","0.1774425067913915","0.1774425067913915","","",""
"1356","0.16672520542541913","0.16672520542541913","0.16672520542541913","0.1756995940902489","0.1756995940902489","0.1756995940902489","","",""
"1357","0.16422439167346434","0.16422439167346434","0.16422439167346434","0.18152218233303172","0.18152218233303172","0.18152218233303172","","",""
"1358","0.16733350401736005","0.16733350401736005","0.16733350401736005","0.1769480085274313","0.1769480085274313","0.1769480085274313","","",""
"1359","0.1649220474232492","0.1649220474232492","0.1649220474232492","0.17559380679415518","0.17559380679415518","0.17559380679415518","","",""
"1360","0.16730487229040455","0.16730487229040455","0.16730487229040455","0.17926053463683425","0.17926053463683425","0.17926053463683425","","",""
"1361","0.16320096779264223","0.16320096779264223","0.16320096779264223","0.17543708254148063","0.17543708254148063","0.17543708254148063","","",""
"1362","0.1587955749370007","0.1587955749370007","0.1587955749370007","0.17690171792659046","0.17690171792659046","0.17690171792659046","","",""
"1363","0.16333062476618654","0.16333062476618654","0.16333062476618654","0.17719372746555898","0.17719372746555898","0.17719372746555898","","",""
"1364","0.1646654079008672","0.1646654079008672","0.1646654079008672","0.17813280885793956","0.17813280885793956","0.17813280885793956","","",""
"1365","0.16047913547856044","0.16047913547856044","0.16047913547856044","0.17693611894033476","0.17693611894033476","0.17693611894033476","","",""
"1366","0.16279806339964295","0.16279806339964295","0.16279806339964295","0.1767004419237738","0.1767004419237738","0.1767004419237738","","",""
"1367","0.16405995209255345","0.16405995209255345","0.16405995209255345","0.17839589030331737","0.17839589030331737","0.17839589030331737","","",""
"1368","0.1634461912759676","0.1634461912759676","0.1634461912759676","0.17920573661470937","0.17920573661470937","0.17920573661470937","","",""
"1369","0.16403222287846642","0.16403222287846642","0.16403222287846642","0.1767834627473149","0.1767834627473149","0.1767834627473149","","",""
"1370","0.16347824715796988","0.16347824715796988","0.16347824715796988","0.18125781216959516","0.18125781216959516","0.18125781216959516","","",""
"1371","0.16244620614904465","0.16244620614904465","0.16244620614904465","0.17762512796959815","0.17762512796959815","0.17762512796959815","","",""
"1372","0.1649085959252685","0.1649085959252685","0.1649085959252685","0.17442273269615294","0.17442273269615294","0.17442273269615294","","",""
"1373","0.16216307546109712","0.16216307546109712","0.16216307546109712","0.17489667289463653","0.17489667289463653","0.17489667289463653","","",""
"1374","0.16403430866582402","0.16403430866582402","0.16403430866582402","0.17668640674725133","0.17668640674725133","0.17668640674725133","","",""
"1375","0.16262031287081355","0.16262031287081355","0.16262031287081355","0.17898543214334392","0.17898543214334392","0.17898543214334392","","",""
"1376","0.16482524575548899","0.16482524575548899","0.16482524575548899","0.1731466913902936","0.1731466913902936","0.1731466913902936","","",""
"1377","0.16291786496729477","0.16291786496729477","0.16291786496729477","0.17719696747765315","0.17719696747765315","0.17719696747765315","","",""
"1378","0.1631428049454847","0.1631428049454847","0.1631428049454847","0.1742441725848947","0.1742441725848947","0.1742441725848947","","",""
"1379","0.1654185656508313","0.1654185656508313","0.1654185656508313","0.1773720344676979","0.1773720344676979","0.1773720344676979","","",""
"1380","0.16667331103620606","0.16667331103620606","0.16667331103620606","0.17136515203033678","0.17136515203033678","0.17136515203033678","","",""
"1381","0.16418078821643006","0.16418078821643006","0.16418078821643006","0.17850140932278613","0.17850140932278613","0.17850140932278613","","",""
"1382","0.16572995631796236","0.16572995631796236","0.16572995631796236","0.1765847519670171","0.1765847519670171","0.1765847519670171","","",""
"1383","0.16353723464515743","0.16353723464515743","0.16353723464515743","0.1744089971377406","0.1744089971377406","0.1744089971377406","","",""
"1384","0.16150032216057794","0.16150032216057794","0.16150032216057794","0.17758262700951588","0.17758262700951588","0.17758262700951588","","",""
"1385","0.16162252553436132","0.16162252553436132","0.16162252553436132","0.17370641314621305","0.17370641314621305","0.17370641314621305","","",""
"1386","0.16488171557617878","0.16488171557617878","0.16488171557617878","0.17465236786522867","0.17465236786522867","0.17465236786522867","","",""
"1387","0.16276507862009815","0.16276507862009815","0.16276507862009815","0.17748609332794227","0.17748609332794227","0.17748609332794227","","",""
"1388","0.16257766150772823","0.16257766150772823","0.16257766150772823","0.178570339507887","0.178570339507887","0.178570339507887","","",""
"1389","0.1644398904894881","0.1644398904894881","0.1644398904894881","0.17560148330916034","0.17560148330916034","0.17560148330916034","","",""
"1390","0.16327370501062857","0.16327370501062857","0.16327370501062857","0.18035006902786377","0.18035006902786377","0.18035006902786377","","",""
"1391","0.1630403684562168","0.1630403684562168","0.1630403684562168","0.17563074514465393","0.17563074514465393","0.17563074514465393","","",""
"1392","0.16363725531435852","0.16363725531435852","0.16363725531435852","0.17661610793368576","0.17661610793368576","0.17661610793368576","","",""
"1393","0.16349766350492637","0.16349766350492637","0.16349766350492637","0.17602547086305007","0.17602547086305007","0.17602547086305007","","",""
"1394","0.1652320246990339","0.1652320246990339","0.1652320246990339","0.1783301786451419","0.1783301786451419","0.1783301786451419","","",""
"1395","0.1665721980375343","0.1665721980375343","0.1665721980375343","0.1715813112369431","0.1715813112369431","0.1715813112369431","","",""
"1396","0.1651643819436092","0.1651643819436092","0.1651643819436092","0.17410780729422437","0.17410780729422437","0.17410780729422437","","",""
"1397","0.16116618362065255","0.16116618362065255","0.16116618362065255","0.17808150553850607","0.17808150553850607","0.17808150553850607","","",""
"1398","0.16691599917682556","0.16691599917682556","0.16691599917682556","0.1731708008523117","0.1731708008523117","0.1731708008523117","","",""
"1399","0.16378155865568847","0.16378155865568847","0.16378155865568847","0.17738742860780388","0.17738742860780388","0.17738742860780388","","",""
"1400","0.1647136538572199","0.1647136538572199","0.1647136538572199","0.17821400907658816","0.17821400907658816","0.17821400907658816","","",""
"1401","0.16423272991533136","0.16423272991533136","0.16423272991533136","0.17269906354321463","0.17269906354321463","0.17269906354321463","","",""
"1402","0.16491466181644168","0.16491466181644168","0.16491466181644168","0.17708530300976666","0.17708530300976666","0.17708530300976666","","",""
"1403","0.16199795340558124","0.16199795340558124","0.16199795340558124","0.17764213519121366","0.17764213519121366","0.17764213519121366","","",""
"1404","0.16252216695644076","0.16252216695644076","0.16252216695644076","0.1744189115116682","0.1744189115116682","0.1744189115116682","","",""
"1405","0.16546622669846925","0.16546622669846925","0.16546622669846925","0.1784682136805311","0.1784682136805311","0.1784682136805311","","",""
"1406","0.16521467364030643","0.16521467364030643","0.16521467364030643","0.17665293213243627","0.17665293213243627","0.17665293213243627","","",""
"1407","0.16416965858613924","0.16416965858613924","0.16416965858613924","0.1757265590925842","0.1757265590925842","0.1757265590925842","","",""
"1408","0.16049933811868136","0.16049933811868136","0.16049933811868136","0.17731990850038273","0.17731990850038273","0.17731990850038273","","",""
"1409","0.16306956237478895","0.16306956237478895","0.16306956237478895","0.17479309291247755","0.17479309291247755","0.17479309291247755","","",""
"1410","0.1623907976982997","0.1623907976982997","0.1623907976982997","0.1790521318985606","0.1790521318985606","0.1790521318985606","","",""
"1411","0.16225918445013576","0.16225918445013576","0.16225918445013576","0.18093498378443273","0.18093498378443273","0.18093498378443273","","",""
"1412","0.16331413197837732","0.16331413197837732","0.16331413197837732","0.17756658999311367","0.17756658999311367","0.17756658999311367","","",""
"1413","0.16200942395143922","0.16200942395143922","0.16200942395143922","0.17485830149859163","0.17485830149859163","0.17485830149859163","","",""
"1414","0.1627184662275513","0.1627184662275513","0.1627184662275513","0.1757798771527452","0.1757798771527452","0.1757798771527452","","",""
"1415","0.1646843795626863","0.1646843795626863","0.1646843795626863","0.1771485694258849","0.1771485694258849","0.1771485694258849","","",""
"1416","0.16433344558749394","0.16433344558749394","0.16433344558749394","0.17617835301963103","0.17617835301963103","0.17617835301963103","","",""
"1417","0.16227086328355342","0.16227086328355342","0.16227086328355342","0.17372859648298558","0.17372859648298558","0.17372859648298558","","",""
"1418","0.16334617928045422","0.16334617928045422","0.16334617928045422","0.18007814469494499","0.18007814469494499","0.18007814469494499","","",""
"1419","0.16135167910413037","0.16135167910413037","0.16135167910413037","0.17597740684128393","0.17597740684128393","0.17597740684128393","","",""
"1420","0.16197341700847698","0.16197341700847698","0.16197341700847698","0.17287166854048516","0.17287166854048516","0.17287166854048516","","",""
"1421","0.1637574922609855","0.1637574922609855","0.1637574922609855","0.17588297180806697","0.17588297180806697","0.17588297180806697","","",""
"1422","0.16121652481418622","0.16121652481418622","0.16121652481418622","0.17633827502020874","0.17633827502020874","0.17633827502020874","","",""
"1423","0.1607890428485675","0.1607890428485675","0.1607890428485675","0.17572100771448126","0.17572100771448126","0.17572100771448126","","",""
"1424","0.16207887166380017","0.16207887166380017","0.16207887166380017","0.17926352641450782","0.17926352641450782","0.17926352641450782","","",""
"1425","0.16267087638871042","0.16267087638871042","0.16267087638871042","0.17393549392941787","0.17393549392941787","0.17393549392941787","","",""
"1426","0.15927621884708718","0.15927621884708718","0.15927621884708718","0.18000308713796975","0.18000308713796975","0.18000308713796975","","",""
"1427","0.1626246125077954","0.1626246125077954","0.1626246125077954","0.17777452331530175","0.17777452331530175","0.17777452331530175","","",""
"1428","0.1638961206318383","0.1638961206318383","0.1638961206318383","0.17409415813045526","0.17409415813045526","0.17409415813045526","","",""
"1429","0.16331768655849405","0.16331768655849405","0.16331768655849405","0.1755575362286794","0.1755575362286794","0.1755575362286794","","",""
"1430","0.16213629073304867","0.16213629073304867","0.16213629073304867","0.17971883230593103","0.17971883230593103","0.17971883230593103","","",""
"1431","0.16223121703123308","0.16223121703123308","0.16223121703123308","0.17711916792708235","0.17711916792708235","0.17711916792708235","","",""
"1432","0.1637041104064329","0.1637041104064329","0.1637041104064329","0.1772069939017744","0.1772069939017744","0.1772069939017744","","",""
"1433","0.16416303448884734","0.16416303448884734","0.16416303448884734","0.17606654015419299","0.17606654015419299","0.17606654015419299","","",""
"1434","0.16269084224206581","0.16269084224206581","0.16269084224206581","0.17919941311232845","0.17919941311232845","0.17919941311232845","","",""
"1435","0.162661476032726","0.162661476032726","0.162661476032726","0.17621124496472576","0.17621124496472576","0.17621124496472576","","",""
"1436","0.16293059966535225","0.16293059966535225","0.16293059966535225","0.1758185728024606","0.1758185728024606","0.1758185728024606","","",""
"1437","0.16444573365581128","0.16444573365581128","0.16444573365581128","0.1794705253891307","0.1794705253891307","0.1794705253891307","","",""
"1438","0.16314935728175958","0.16314935728175958","0.16314935728175958","0.1767030778948103","0.1767030778948103","0.1767030778948103","","",""
"1439","0.1639542360610944","0.1639542360610944","0.1639542360610944","0.17763156919094084","0.17763156919094084","0.17763156919094084","","",""
"1440","0.1644820111963779","0.1644820111963779","0.1644820111963779","0.17549158678965035","0.17549158678965035","0.17549158678965035","","",""
"1441","0.15994832141356755","0.15994832141356755","0.15994832141356755","0.17310714669831676","0.17310714669831676","0.17310714669831676","","",""
"1442","0.1644523593018445","0.1644523593018445","0.1644523593018445","0.1744745636886137","0.1744745636886137","0.1744745636886137","","",""
"1443","0.16501651939060605","0.16501651939060605","0.16501651939060605","0.17323736471888398","0.17323736471888398","0.17323736471888398","","",""
"1444","0.16543670714460879","0.16543670714460879","0.16543670714460879","0.1776363638025743","0.1776363638025743","0.1776363638025743","","",""
"1445","0.1636437526434781","0.1636437526434781","0.1636437526434781","0.17517306852162007","0.17517306852162007","0.17517306852162007","","",""
"1446","0.16371940148356998","0.16371940148356998","0.16371940148356998","0.17729917035390233","0.17729917035390233","0.17729917035390233","","",""
"1447","0.1630001047310208","0.1630001047310208","0.1630001047310208","0.17789417379266617","0.17789417379266617","0.17789417379266617","","",""
"1448","0.16426399871621325","0.16426399871621325","0.16426399871621325","0.1771112402553107","0.1771112402553107","0.1771112402553107","","",""
"1449","0.1667930010355383","0.1667930010355383","0.1667930010355383","0.1773010747031701","0.1773010747031701","0.1773010747031701","","",""
"1450","0.16250946149779708","0.16250946149779708","0.16250946149779708","0.17878015178632878","0.17878015178632878","0.17878015178632878","","",""
"1451","0.16567548084203126","0.16567548084203126","0.16567548084203126","0.1741496426451293","0.1741496426451293","0.1741496426451293","","",""
"1452","0.1630687981808984","0.1630687981808984","0.1630687981808984","0.17754340053913362","0.17754340053913362","0.17754340053913362","","",""
"1453","0.1625395198452601","0.1625395198452601","0.1625395198452601","0.1740125628820287","0.1740125628820287","0.1740125628820287","","",""
"1454","0.16524177683021413","0.16524177683021413","0.16524177683021413","0.17603330141230447","0.17603330141230447","0.17603330141230447","","",""
"1455","0.16245350950291582","0.16245350950291582","0.16245350950291582","0.18029487453767634","0.18029487453767634","0.18029487453767634","","",""
"1456","0.16693614088914197","0.16693614088914197","0.16693614088914197","0.17728101411167488","0.17728101411167488","0.17728101411167488","","",""
"1457","0.16313885280519358","0.16313885280519358","0.16313885280519358","0.1759788437099011","0.1759788437099011","0.1759788437099011","","",""
"1458","0.16348040289301238","0.16348040289301238","0.16348040289301238","0.17411555295635062","0.17411555295635062","0.17411555295635062","","",""
"1459","0.16118821304064987","0.16118821304064987","0.16118821304064987","0.1762587319351949","0.1762587319351949","0.1762587319351949","","",""
"1460","0.16773557105414835","0.16773557105414835","0.16773557105414835","0.17697406827670026","0.17697406827670026","0.17697406827670026","","",""
"1461","0.16364283866639384","0.16364283866639384","0.16364283866639384","0.17673995344125581","0.17673995344125581","0.17673995344125581","","",""
"1462","0.16358118349103534","0.16358118349103534","0.16358118349103534","0.17373648622900825","0.17373648622900825","0.17373648622900825","","",""
"1463","0.16445111104537072","0.16445111104537072","0.16445111104537072","0.17215278557812183","0.17215278557812183","0.17215278557812183","","",""
"1464","0.16317280022135536","0.16317280022135536","0.16317280022135536","0.17806506879778508","0.17806506879778508","0.17806506879778508","","",""
"1465","0.16628287210497028","0.16628287210497028","0.16628287210497028","0.1779916002462486","0.1779916002462486","0.1779916002462486","","",""
"1466","0.16399210626328195","0.16399210626328195","0.16399210626328195","0.17675015665930846","0.17675015665930846","0.17675015665930846","","",""
"1467","0.16337185620549896","0.16337185620549896","0.16337185620549896","0.17222122525565786","0.17222122525565786","0.17222122525565786","","",""
"1468","0.1644435903593903","0.1644435903593903","0.1644435903593903","0.1769131323410754","0.1769131323410754","0.1769131323410754","","",""
"1469","0.16634853740996156","0.16634853740996156","0.16634853740996156","0.17991184934133078","0.17991184934133078","0.17991184934133078","","",""
"1470","0.16374313483840988","0.16374313483840988","0.16374313483840988","0.1783536431975147","0.1783536431975147","0.1783536431975147","","",""
"1471","0.1630546085699907","0.1630546085699907","0.1630546085699907","0.17657750899196864","0.17657750899196864","0.17657750899196864","","",""
"1472","0.16257093525710178","0.16257093525710178","0.16257093525710178","0.17482551373918298","0.17482551373918298","0.17482551373918298","","",""
"1473","0.16639074450966201","0.16639074450966201","0.16639074450966201","0.17553381094693918","0.17553381094693918","0.17553381094693918","","",""
"1474","0.16208468382444785","0.16208468382444785","0.16208468382444785","0.17376351116654723","0.17376351116654723","0.17376351116654723","","",""
"1475","0.1605526890974178","0.1605526890974178","0.1605526890974178","0.1755629934426224","0.1755629934426224","0.1755629934426224","","",""
"1476","0.16082394686837687","0.16082394686837687","0.16082394686837687","0.17775353385579193","0.17775353385579193","0.17775353385579193","","",""
"1477","0.16080806622291008","0.16080806622291008","0.16080806622291008","0.17529703773064756","0.17529703773064756","0.17529703773064756","","",""
"1478","0.16150704660187934","0.16150704660187934","0.16150704660187934","0.17725630635261472","0.17725630635261472","0.17725630635261472","","",""
"1479","0.16160579340769596","0.16160579340769596","0.16160579340769596","0.1750327494791558","0.1750327494791558","0.1750327494791558","","",""
"1480","0.1600723344015718","0.1600723344015718","0.1600723344015718","0.17675952440292278","0.17675952440292278","0.17675952440292278","","",""
"1481","0.16330048082827783","0.16330048082827783","0.16330048082827783","0.17637293338505397","0.17637293338505397","0.17637293338505397","","",""
"1482","0.16276796261421073","0.16276796261421073","0.16276796261421073","0.17135499520065123","0.17135499520065123","0.17135499520065123","","",""
"1483","0.16550158109672136","0.16550158109672136","0.16550158109672136","0.17800501802713423","0.17800501802713423","0.17800501802713423","","",""
"1484","0.16101949060165344","0.16101949060165344","0.16101949060165344","0.17543109843008511","0.17543109843008511","0.17543109843008511","","",""
"1485","0.16037212176472673","0.16037212176472673","0.16037212176472673","0.17739245807599788","0.17739245807599788","0.17739245807599788","","",""
"1486","0.16468255191619227","0.16468255191619227","0.16468255191619227","0.17839094933578944","0.17839094933578944","0.17839094933578944","","",""
"1487","0.16339558514419256","0.16339558514419256","0.16339558514419256","0.17750444598504786","0.17750444598504786","0.17750444598504786","","",""
"1488","0.16339384229527645","0.16339384229527645","0.16339384229527645","0.17270394194987881","0.17270394194987881","0.17270394194987881","","",""
"1489","0.1652727061648477","0.1652727061648477","0.1652727061648477","0.1763189345636678","0.1763189345636678","0.1763189345636678","","",""
"1490","0.1638214886602324","0.1638214886602324","0.1638214886602324","0.174331195125462","0.174331195125462","0.174331195125462","","",""
"1491","0.163068378254308","0.163068378254308","0.163068378254308","0.17292957960197544","0.17292957960197544","0.17292957960197544","","",""
"1492","0.16288674112437354","0.16288674112437354","0.16288674112437354","0.17621677329960903","0.17621677329960903","0.17621677329960903","","",""
"1493","0.16490608920833563","0.16490608920833563","0.16490608920833563","0.1703722618209803","0.1703722618209803","0.1703722618209803","","",""
"1494","0.16257836127396516","0.16257836127396516","0.16257836127396516","0.17731199922146032","0.17731199922146032","0.17731199922146032","","",""
"1495","0.16071726910805698","0.16071726910805698","0.16071726910805698","0.17571408015066028","0.17571408015066028","0.17571408015066028","","",""
"1496","0.16388806049200202","0.16388806049200202","0.16388806049200202","0.17576648516758517","0.17576648516758517","0.17576648516758517","","",""
"1497","0.16528713524648955","0.16528713524648955","0.16528713524648955","0.17809430041886676","0.17809430041886676","0.17809430041886676","","",""
"1498","0.16394585316031104","0.16394585316031104","0.16394585316031104","0.17549684248364308","0.17549684248364308","0.17549684248364308","","",""
"1499","0.16527138320356796","0.16527138320356796","0.16527138320356796","0.17062461128611048","0.17062461128611048","0.17062461128611048","","",""
"1500","0.16326200299090426","0.16326200299090426","0.16326200299090426","0.1743864222552802","0.1743864222552802","0.1743864222552802","","",""
"1501","0.16365549970748497","0.16365549970748497","0.16365549970748497","0.17782903123177338","0.17782903123177338","0.17782903123177338","","",""
"1502","0.16133322055309537","0.16133322055309537","0.16133322055309537","0.17410752344258898","0.17410752344258898","0.17410752344258898","","",""
"1503","0.16284719547326645","0.16284719547326645","0.16284719547326645","0.175837115952464","0.175837115952464","0.175837115952464","","",""
"1504","0.1618395434881091","0.1618395434881091","0.1618395434881091","0.1762131913778009","0.1762131913778009","0.1762131913778009","","",""
"1505","0.15982344977589255","0.15982344977589255","0.15982344977589255","0.1771259687060098","0.1771259687060098","0.1771259687060098","","",""
"1506","0.16340482137257936","0.16340482137257936","0.16340482137257936","0.1770384478156608","0.1770384478156608","0.1770384478156608","","",""
"1507","0.16425913127964614","0.16425913127964614","0.16425913127964614","0.17513511253337757","0.17513511253337757","0.17513511253337757","","",""
"1508","0.16340994811961226","0.16340994811961226","0.16340994811961226","0.1761913778626366","0.1761913778626366","0.1761913778626366","","",""
"1509","0.16187378152299156","0.16187378152299156","0.16187378152299156","0.17403897182006503","0.17403897182006503","0.17403897182006503","","",""
"1510","0.1648693611742496","0.1648693611742496","0.1648693611742496","0.17864169464353397","0.17864169464353397","0.17864169464353397","","",""
"1511","0.16485093017420374","0.16485093017420374","0.16485093017420374","0.1752026374342833","0.1752026374342833","0.1752026374342833","","",""
"1512","0.16593756447291777","0.16593756447291777","0.16593756447291777","0.1737301412149258","0.1737301412149258","0.1737301412149258","","",""
"1513","0.16347995192781","0.16347995192781","0.16347995192781","0.17451858787890448","0.17451858787890448","0.17451858787890448","","",""
"1514","0.16394894060524193","0.16394894060524193","0.16394894060524193","0.1775533016304962","0.1775533016304962","0.1775533016304962","","",""
"1515","0.16115263735630922","0.16115263735630922","0.16115263735630922","0.17331404660594363","0.17331404660594363","0.17331404660594363","","",""
"1516","0.16559204406123207","0.16559204406123207","0.16559204406123207","0.17439775856820958","0.17439775856820958","0.17439775856820958","","",""
"1517","0.16726176466786227","0.16726176466786227","0.16726176466786227","0.1776070542189029","0.1776070542189029","0.1776070542189029","","",""
"1518","0.16383326214159258","0.16383326214159258","0.16383326214159258","0.1755860705055223","0.1755860705055223","0.1755860705055223","","",""
"1519","0.1655784525943896","0.1655784525943896","0.1655784525943896","0.17496889666986834","0.17496889666986834","0.17496889666986834","","",""
"1520","0.16331937903721236","0.16331937903721236","0.16331937903721236","0.17667673576942547","0.17667673576942547","0.17667673576942547","","",""
"1521","0.1634290586697235","0.1634290586697235","0.1634290586697235","0.17304103332416557","0.17304103332416557","0.17304103332416557","","",""
"1522","0.1658039656938631","0.1658039656938631","0.1658039656938631","0.1772832055273823","0.1772832055273823","0.1772832055273823","","",""
"1523","0.16504979046876736","0.16504979046876736","0.16504979046876736","0.17494571757026375","0.17494571757026375","0.17494571757026375","","",""
"1524","0.16199211248550102","0.16199211248550102","0.16199211248550102","0.17682419580742778","0.17682419580742778","0.17682419580742778","","",""
"1525","0.16361664332108472","0.16361664332108472","0.16361664332108472","0.17495188727520816","0.17495188727520816","0.17495188727520816","","",""
"1526","0.16179311978245692","0.16179311978245692","0.16179311978245692","0.17414455943492946","0.17414455943492946","0.17414455943492946","","",""
"1527","0.16425004049742017","0.16425004049742017","0.16425004049742017","0.1735766391901871","0.1735766391901871","0.1735766391901871","","",""
"1528","0.1653080344727964","0.1653080344727964","0.1653080344727964","0.17919526681939377","0.17919526681939377","0.17919526681939377","","",""
"1529","0.1636212721101595","0.1636212721101595","0.1636212721101595","0.17613868289544188","0.17613868289544188","0.17613868289544188","","",""
"1530","0.16155849470588035","0.16155849470588035","0.16155849470588035","0.1747556802982838","0.1747556802982838","0.1747556802982838","","",""
"1531","0.16413843065782172","0.16413843065782172","0.16413843065782172","0.17852111466075496","0.17852111466075496","0.17852111466075496","","",""
"1532","0.16152359650754905","0.16152359650754905","0.16152359650754905","0.17714660954855335","0.17714660954855335","0.17714660954855335","","",""
"1533","0.16262895311859435","0.16262895311859435","0.16262895311859435","0.17614391843446423","0.17614391843446423","0.17614391843446423","","",""
"1534","0.1627693234270536","0.1627693234270536","0.1627693234270536","0.17768354900585367","0.17768354900585367","0.17768354900585367","","",""
"1535","0.1662353864465932","0.1662353864465932","0.1662353864465932","0.17455750020910618","0.17455750020910618","0.17455750020910618","","",""
"1536","0.16417578035935815","0.16417578035935815","0.16417578035935815","0.1759890541980741","0.1759890541980741","0.1759890541980741","","",""
"1537","0.16460278047312057","0.16460278047312057","0.16460278047312057","0.17444300603556287","0.17444300603556287","0.17444300603556287","","",""
"1538","0.16159925270532977","0.16159925270532977","0.16159925270532977","0.17280150081917856","0.17280150081917856","0.17280150081917856","","",""
"1539","0.16100250093405832","0.16100250093405832","0.16100250093405832","0.17331405518553777","0.17331405518553777","0.17331405518553777","","",""
"1540","0.16377802495234242","0.16377802495234242","0.16377802495234242","0.17327347484523012","0.17327347484523012","0.17327347484523012","","",""
"1541","0.16553113262764577","0.16553113262764577","0.16553113262764577","0.17437318981193592","0.17437318981193592","0.17437318981193592","","",""
"1542","0.1635378389967308","0.1635378389967308","0.1635378389967308","0.17300831417243848","0.17300831417243848","0.17300831417243848","","",""
"1543","0.16422178733473183","0.16422178733473183","0.16422178733473183","0.17566883272486578","0.17566883272486578","0.17566883272486578","","",""
"1544","0.16376652506125006","0.16376652506125006","0.16376652506125006","0.17537953435884066","0.17537953435884066","0.17537953435884066","","",""
"1545","0.1614095292848916","0.1614095292848916","0.1614095292848916","0.17643592736008695","0.17643592736008695","0.17643592736008695","","",""
"1546","0.16119668651903937","0.16119668651903937","0.16119668651903937","0.1766692655309703","0.1766692655309703","0.1766692655309703","","",""
"1547","0.16335337588514892","0.16335337588514892","0.16335337588514892","0.17861226920534","0.17861226920534","0.17861226920534","","",""
"1548","0.16517136131094493","0.16517136131094493","0.16517136131094493","0.1731953091291539","0.1731953091291539","0.1731953091291539","","",""
"1549","0.16460954122080454","0.16460954122080454","0.16460954122080454","0.17546664123041633","0.17546664123041633","0.17546664123041633","","",""
"1550","0.16400678190089724","0.16400678190089724","0.16400678190089724","0.17583057543082195","0.17583057543082195","0.17583057543082195","","",""
"1551","0.16313878792924794","0.16313878792924794","0.16313878792924794","0.17478873155971786","0.17478873155971786","0.17478873155971786","","",""
"1552","0.162002342083968","0.162002342083968","0.162002342083968","0.1746211364815403","0.1746211364815403","0.1746211364815403","","",""
"1553","0.16416987809042816","0.16416987809042816","0.16416987809042816","0.1726461174333045","0.1726461174333045","0.1726461174333045","","",""
"1554","0.1639798142036867","0.1639798142036867","0.1639798142036867","0.17902450438970327","0.17902450438970327","0.17902450438970327","","",""
"1555","0.16430611470494424","0.16430611470494424","0.16430611470494424","0.1783935418698035","0.1783935418698035","0.1783935418698035","","",""
"1556","0.1662376245487472","0.1662376245487472","0.1662376245487472","0.17488112213541462","0.17488112213541462","0.17488112213541462","","",""
"1557","0.1613538869659871","0.1613538869659871","0.1613538869659871","0.17331928747287642","0.17331928747287642","0.17331928747287642","","",""
"1558","0.1603112493262868","0.1603112493262868","0.1603112493262868","0.17445292874739338","0.17445292874739338","0.17445292874739338","","",""
"1559","0.1626177833366714","0.1626177833366714","0.1626177833366714","0.1741256863455404","0.1741256863455404","0.1741256863455404","","",""
"1560","0.1645602865106625","0.1645602865106625","0.1645602865106625","0.1764951168392995","0.1764951168392995","0.1764951168392995","","",""
"1561","0.16407046271736722","0.16407046271736722","0.16407046271736722","0.173995505612203","0.173995505612203","0.173995505612203","","",""
"1562","0.16209183742425043","0.16209183742425043","0.16209183742425043","0.17475167155480453","0.17475167155480453","0.17475167155480453","","",""
"1563","0.1648199169251176","0.1648199169251176","0.1648199169251176","0.17048187592796182","0.17048187592796182","0.17048187592796182","","",""
"1564","0.1644439418294036","0.1644439418294036","0.1644439418294036","0.17511306708345978","0.17511306708345978","0.17511306708345978","","",""
"1565","0.16221813370301816","0.16221813370301816","0.16221813370301816","0.17707162210044117","0.17707162210044117","0.17707162210044117","","",""
"1566","0.16431294591357934","0.16431294591357934","0.16431294591357934","0.17522988254916258","0.17522988254916258","0.17522988254916258","","",""
"1567","0.16081051417041017","0.16081051417041017","0.16081051417041017","0.1778817863134787","0.1778817863134787","0.1778817863134787","","",""
"1568","0.16059670379237104","0.16059670379237104","0.16059670379237104","0.1755596926695776","0.1755596926695776","0.1755596926695776","","",""
"1569","0.1647084180287153","0.1647084180287153","0.1647084180287153","0.1710848967270262","0.1710848967270262","0.1710848967270262","","",""
"1570","0.1644795425317235","0.1644795425317235","0.1644795425317235","0.17731655423479373","0.17731655423479373","0.17731655423479373","","",""
"1571","0.16381884863516263","0.16381884863516263","0.16381884863516263","0.17534237737919453","0.17534237737919453","0.17534237737919453","","",""
"1572","0.16231112880588228","0.16231112880588228","0.16231112880588228","0.17367610875320338","0.17367610875320338","0.17367610875320338","","",""
"1573","0.1634797862027567","0.1634797862027567","0.1634797862027567","0.1767470206031704","0.1767470206031704","0.1767470206031704","","",""
"1574","0.1618471741700862","0.1618471741700862","0.1618471741700862","0.17274903297250985","0.17274903297250985","0.17274903297250985","","",""
"1575","0.1634247127590893","0.1634247127590893","0.1634247127590893","0.17587778518561117","0.17587778518561117","0.17587778518561117","","",""
"1576","0.16486551389739204","0.16486551389739204","0.16486551389739204","0.17476576399956856","0.17476576399956856","0.17476576399956856","","",""
"1577","0.16228429503008623","0.16228429503008623","0.16228429503008623","0.17371906495877595","0.17371906495877595","0.17371906495877595","","",""
"1578","0.16282234642944565","0.16282234642944565","0.16282234642944565","0.175108077273777","0.175108077273777","0.175108077273777","","",""
"1579","0.16089949837074763","0.16089949837074763","0.16089949837074763","0.17222515324746734","0.17222515324746734","0.17222515324746734","","",""
"1580","0.16273272435173947","0.16273272435173947","0.16273272435173947","0.17658018247979157","0.17658018247979157","0.17658018247979157","","",""
"1581","0.16449924795417062","0.16449924795417062","0.16449924795417062","0.17254535562287251","0.17254535562287251","0.17254535562287251","","",""
"1582","0.16211340238666536","0.16211340238666536","0.16211340238666536","0.1722901673284646","0.1722901673284646","0.1722901673284646","","",""
"1583","0.16192235404692248","0.16192235404692248","0.16192235404692248","0.1765830621085772","0.1765830621085772","0.1765830621085772","","",""
"1584","0.1614406913229015","0.1614406913229015","0.1614406913229015","0.1734491989345636","0.1734491989345636","0.1734491989345636","","",""
"1585","0.1630726469508257","0.1630726469508257","0.1630726469508257","0.17794372630618494","0.17794372630618494","0.17794372630618494","","",""
"1586","0.16612456222752667","0.16612456222752667","0.16612456222752667","0.17668670525056526","0.17668670525056526","0.17668670525056526","","",""
"1587","0.16455820852141306","0.16455820852141306","0.16455820852141306","0.17603171337023715","0.17603171337023715","0.17603171337023715","","",""
"1588","0.1627176437112631","0.1627176437112631","0.1627176437112631","0.17777512751969868","0.17777512751969868","0.17777512751969868","","",""
"1589","0.16438677547667443","0.16438677547667443","0.16438677547667443","0.17380796036607585","0.17380796036607585","0.17380796036607585","","",""
"1590","0.16419541369748866","0.16419541369748866","0.16419541369748866","0.17668349538276237","0.17668349538276237","0.17668349538276237","","",""
"1591","0.1631213916547504","0.1631213916547504","0.1631213916547504","0.17483121106736185","0.17483121106736185","0.17483121106736185","","",""
"1592","0.16417209321852824","0.16417209321852824","0.16417209321852824","0.1748795588088643","0.1748795588088643","0.1748795588088643","","",""
"1593","0.16073852661570623","0.16073852661570623","0.16073852661570623","0.17572225704350222","0.17572225704350222","0.17572225704350222","","",""
"1594","0.1622710961572343","0.1622710961572343","0.1622710961572343","0.17846100539161333","0.17846100539161333","0.17846100539161333","","",""
"1595","0.16315884308812015","0.16315884308812015","0.16315884308812015","0.17754350727313314","0.17754350727313314","0.17754350727313314","","",""
"1596","0.16291949251508728","0.16291949251508728","0.16291949251508728","0.17713969161420717","0.17713969161420717","0.17713969161420717","","",""
"1597","0.1619135168618173","0.1619135168618173","0.1619135168618173","0.1749029262858435","0.1749029262858435","0.1749029262858435","","",""
"1598","0.15948672298017166","0.15948672298017166","0.15948672298017166","0.17303468327377639","0.17303468327377639","0.17303468327377639","","",""
"1599","0.1624686150365417","0.1624686150365417","0.1624686150365417","0.1768265047727707","0.1768265047727707","0.1768265047727707","","",""
"1600","0.16303352120680684","0.16303352120680684","0.16303352120680684","0.17443677791236156","0.17443677791236156","0.17443677791236156","","",""
"1601","0.16509919017956023","0.16509919017956023","0.16509919017956023","0.1755039467913161","0.1755039467913161","0.1755039467913161","","",""
"1602","0.1627267546269958","0.1627267546269958","0.1627267546269958","0.17388742524104975","0.17388742524104975","0.17388742524104975","","",""
"1603","0.16167290188950242","0.16167290188950242","0.16167290188950242","0.17094144783639234","0.17094144783639234","0.17094144783639234","","",""
"1604","0.1648950862695651","0.1648950862695651","0.1648950862695651","0.17456895973282838","0.17456895973282838","0.17456895973282838","","",""
"1605","0.16192812910109966","0.16192812910109966","0.16192812910109966","0.1730269706612186","0.1730269706612186","0.1730269706612186","","",""
"1606","0.1610772280053945","0.1610772280053945","0.1610772280053945","0.1778383381398335","0.1778383381398335","0.1778383381398335","","",""
"1607","0.16396726371672163","0.16396726371672163","0.16396726371672163","0.1721138420256342","0.1721138420256342","0.1721138420256342","","",""
"1608","0.1619666388798401","0.1619666388798401","0.1619666388798401","0.17642790760058982","0.17642790760058982","0.17642790760058982","","",""
"1609","0.1654912145054653","0.1654912145054653","0.1654912145054653","0.17334124705023826","0.17334124705023826","0.17334124705023826","","",""
"1610","0.16267119745250838","0.16267119745250838","0.16267119745250838","0.17711060075245563","0.17711060075245563","0.17711060075245563","","",""
"1611","0.16067893660012347","0.16067893660012347","0.16067893660012347","0.17254186825142692","0.17254186825142692","0.17254186825142692","","",""
"1612","0.16335522889911772","0.16335522889911772","0.16335522889911772","0.1721385391051975","0.1721385391051975","0.1721385391051975","","",""
"1613","0.1624165203810597","0.1624165203810597","0.1624165203810597","0.17595428002099986","0.17595428002099986","0.17595428002099986","","",""
"1614","0.16336147342948495","0.16336147342948495","0.16336147342948495","0.17418958530071627","0.17418958530071627","0.17418958530071627","","",""
"1615","0.1628383441314641","0.1628383441314641","0.1628383441314641","0.17315057307213455","0.17315057307213455","0.17315057307213455","","",""
"1616","0.16052057449802262","0.16052057449802262","0.16052057449802262","0.17739939090568188","0.17739939090568188","0.17739939090568188","","",""
"1617","0.1624463579016623","0.1624463579016623","0.1624463579016623","0.17652787635132597","0.17652787635132597","0.17652787635132597","","",""
"1618","0.16351884371333988","0.16351884371333988","0.16351884371333988","0.1729894282912712","0.1729894282912712","0.1729894282912712","","",""
"1619","0.16555261432838875","0.16555261432838875","0.16555261432838875","0.17470561394561723","0.17470561394561723","0.17470561394561723","","",""
"1620","0.16237991832361987","0.16237991832361987","0.16237991832361987","0.17163547873537452","0.17163547873537452","0.17163547873537452","","",""
"1621","0.16349824976587254","0.16349824976587254","0.16349824976587254","0.17294884727796822","0.17294884727796822","0.17294884727796822","","",""
"1622","0.16496237548411383","0.16496237548411383","0.16496237548411383","0.17308661985942872","0.17308661985942872","0.17308661985942872","","",""
"1623","0.1637882549997465","0.1637882549997465","0.1637882549997465","0.1753251057089278","0.1753251057089278","0.1753251057089278","","",""
"1624","0.1612852225410165","0.1612852225410165","0.1612852225410165","0.17493447212674837","0.17493447212674837","0.17493447212674837","","",""
"1625","0.16663750579199413","0.16663750579199413","0.16663750579199413","0.1752364827719107","0.1752364827719107","0.1752364827719107","","",""
"1626","0.16492795625811243","0.16492795625811243","0.16492795625811243","0.17566816223164075","0.17566816223164075","0.17566816223164075","","",""
"1627","0.16231137522193692","0.16231137522193692","0.16231137522193692","0.17567259849183037","0.17567259849183037","0.17567259849183037","","",""
"1628","0.1633924078525292","0.1633924078525292","0.1633924078525292","0.17157101698567487","0.17157101698567487","0.17157101698567487","","",""
"1629","0.16208242799023628","0.16208242799023628","0.16208242799023628","0.17357330308264537","0.17357330308264537","0.17357330308264537","","",""
"1630","0.16514635850875647","0.16514635850875647","0.16514635850875647","0.17285454058917296","0.17285454058917296","0.17285454058917296","","",""
"1631","0.16264394618630404","0.16264394618630404","0.16264394618630404","0.17240483756144573","0.17240483756144573","0.17240483756144573","","",""
"1632","0.16124633175536862","0.16124633175536862","0.16124633175536862","0.17427705633816995","0.17427705633816995","0.17427705633816995","","",""
"1633","0.1666679324833222","0.1666679324833222","0.1666679324833222","0.1728468673005236","0.1728468673005236","0.1728468673005236","","",""
"1634","0.1628138735398157","0.1628138735398157","0.1628138735398157","0.1746742881398927","0.1746742881398927","0.1746742881398927","","",""
"1635","0.16118616117586804","0.16118616117586804","0.16118616117586804","0.1750987056753723","0.1750987056753723","0.1750987056753723","","",""
"1636","0.1625829023983345","0.1625829023983345","0.1625829023983345","0.17190489240098694","0.17190489240098694","0.17190489240098694","","",""
"1637","0.16113819641158325","0.16113819641158325","0.16113819641158325","0.17221851464523177","0.17221851464523177","0.17221851464523177","","",""
"1638","0.16504186079823277","0.16504186079823277","0.16504186079823277","0.1722959016837761","0.1722959016837761","0.1722959016837761","","",""
"1639","0.1635611416168231","0.1635611416168231","0.1635611416168231","0.17270608260764755","0.17270608260764755","0.17270608260764755","","",""
"1640","0.1606545007016553","0.1606545007016553","0.1606545007016553","0.17468637464957085","0.17468637464957085","0.17468637464957085","","",""
"1641","0.16335115292381763","0.16335115292381763","0.16335115292381763","0.1761772145056514","0.1761772145056514","0.1761772145056514","","",""
"1642","0.16209904918014378","0.16209904918014378","0.16209904918014378","0.1718942369270077","0.1718942369270077","0.1718942369270077","","",""
"1643","0.16477828515362655","0.16477828515362655","0.16477828515362655","0.17079675638146327","0.17079675638146327","0.17079675638146327","","",""
"1644","0.16314897401081394","0.16314897401081394","0.16314897401081394","0.1727042534601659","0.1727042534601659","0.1727042534601659","","",""
"1645","0.16312967572943812","0.16312967572943812","0.16312967572943812","0.1756694038413976","0.1756694038413976","0.1756694038413976","","",""
"1646","0.16273181448955779","0.16273181448955779","0.16273181448955779","0.17233437143891614","0.17233437143891614","0.17233437143891614","","",""
"1647","0.1613499364318755","0.1613499364318755","0.1613499364318755","0.17315633440150927","0.17315633440150927","0.17315633440150927","","",""
"1648","0.15945972126353766","0.15945972126353766","0.15945972126353766","0.17603818161642595","0.17603818161642595","0.17603818161642595","","",""
"1649","0.16212303863176933","0.16212303863176933","0.16212303863176933","0.1752355424601414","0.1752355424601414","0.1752355424601414","","",""
"1650","0.16477610783974608","0.16477610783974608","0.16477610783974608","0.1746652047383612","0.1746652047383612","0.1746652047383612","","",""
"1651","0.1601531096239318","0.1601531096239318","0.1601531096239318","0.17781579433477757","0.17781579433477757","0.17781579433477757","","",""
"1652","0.15985192036774107","0.15985192036774107","0.15985192036774107","0.1767733745944707","0.1767733745944707","0.1767733745944707","","",""
"1653","0.16356118983888243","0.16356118983888243","0.16356118983888243","0.1715332831731717","0.1715332831731717","0.1715332831731717","","",""
"1654","0.16338796085796978","0.16338796085796978","0.16338796085796978","0.1741220822949324","0.1741220822949324","0.1741220822949324","","",""
"1655","0.15905537962905553","0.15905537962905553","0.15905537962905553","0.1739993100269682","0.1739993100269682","0.1739993100269682","","",""
"1656","0.16381998406140788","0.16381998406140788","0.16381998406140788","0.17601046334548073","0.17601046334548073","0.17601046334548073","","",""
"1657","0.16221319093586764","0.16221319093586764","0.16221319093586764","0.17439440008730558","0.17439440008730558","0.17439440008730558","","",""
"1658","0.16260227608352812","0.16260227608352812","0.16260227608352812","0.17490425019028863","0.17490425019028863","0.17490425019028863","","",""
"1659","0.16548099576858946","0.16548099576858946","0.16548099576858946","0.1761538276158078","0.1761538276158078","0.1761538276158078","","",""
"1660","0.1614855537445075","0.1614855537445075","0.1614855537445075","0.1737438667308253","0.1737438667308253","0.1737438667308253","","",""
"1661","0.16257390321148413","0.16257390321148413","0.16257390321148413","0.17501416998388142","0.17501416998388142","0.17501416998388142","","",""
"1662","0.16500757280099204","0.16500757280099204","0.16500757280099204","0.17328672938198297","0.17328672938198297","0.17328672938198297","","",""
"1663","0.16188261739855433","0.16188261739855433","0.16188261739855433","0.17478834379176764","0.17478834379176764","0.17478834379176764","","",""
"1664","0.1621643260432104","0.1621643260432104","0.1621643260432104","0.1716850914160467","0.1716850914160467","0.1716850914160467","","",""
"1665","0.163144913933458","0.163144913933458","0.163144913933458","0.1756936690562504","0.1756936690562504","0.1756936690562504","","",""
"1666","0.16198533577656887","0.16198533577656887","0.16198533577656887","0.17206734223983614","0.17206734223983614","0.17206734223983614","","",""
"1667","0.16501086914881657","0.16501086914881657","0.16501086914881657","0.17448028663461643","0.17448028663461643","0.17448028663461643","","",""
"1668","0.16079788911669946","0.16079788911669946","0.16079788911669946","0.17481156448119095","0.17481156448119095","0.17481156448119095","","",""
"1669","0.16069961695007148","0.16069961695007148","0.16069961695007148","0.17730564210396715","0.17730564210396715","0.17730564210396715","","",""
"1670","0.16371543788444853","0.16371543788444853","0.16371543788444853","0.16906748254707252","0.16906748254707252","0.16906748254707252","","",""
"1671","0.16161616529844078","0.16161616529844078","0.16161616529844078","0.17474361964441407","0.17474361964441407","0.17474361964441407","","",""
"1672","0.1634935406785554","0.1634935406785554","0.1634935406785554","0.17602765250059113","0.17602765250059113","0.17602765250059113","","",""
"1673","0.1612552711138798","0.1612552711138798","0.1612552711138798","0.175015444484066","0.175015444484066","0.175015444484066","","",""
"1674","0.16170360225138175","0.16170360225138175","0.16170360225138175","0.17567310127366983","0.17567310127366983","0.17567310127366983","","",""
"1675","0.16268996777725947","0.16268996777725947","0.16268996777725947","0.17783456121142296","0.17783456121142296","0.17783456121142296","","",""
"1676","0.1646649810364327","0.1646649810364327","0.1646649810364327","0.17471480884656657","0.17471480884656657","0.17471480884656657","","",""
"1677","0.1626657736514854","0.1626657736514854","0.1626657736514854","0.17506770530848678","0.17506770530848678","0.17506770530848678","","",""
"1678","0.1603469972864085","0.1603469972864085","0.1603469972864085","0.17284570609505912","0.17284570609505912","0.17284570609505912","","",""
"1679","0.16220795741732516","0.16220795741732516","0.16220795741732516","0.17133682010252937","0.17133682010252937","0.17133682010252937","","",""
"1680","0.16361025258301168","0.16361025258301168","0.16361025258301168","0.1735951036644173","0.1735951036644173","0.1735951036644173","","",""
"1681","0.16319671400391608","0.16319671400391608","0.16319671400391608","0.17316338086293326","0.17316338086293326","0.17316338086293326","","",""
"1682","0.16302165922712852","0.16302165922712852","0.16302165922712852","0.17457906311921423","0.17457906311921423","0.17457906311921423","","",""
"1683","0.16403612357329453","0.16403612357329453","0.16403612357329453","0.1735693665641653","0.1735693665641653","0.1735693665641653","","",""
"1684","0.16198737109312414","0.16198737109312414","0.16198737109312414","0.17389294144982925","0.17389294144982925","0.17389294144982925","","",""
"1685","0.16493664464019048","0.16493664464019048","0.16493664464019048","0.17612415589102073","0.17612415589102073","0.17612415589102073","","",""
"1686","0.1627171373481217","0.1627171373481217","0.1627171373481217","0.17508533270677792","0.17508533270677792","0.17508533270677792","","",""
"1687","0.1623526605480817","0.1623526605480817","0.1623526605480817","0.17617593550054644","0.17617593550054644","0.17617593550054644","","",""
"1688","0.1621823720032122","0.1621823720032122","0.1621823720032122","0.17561063074616148","0.17561063074616148","0.17561063074616148","","",""
"1689","0.1574708500375486","0.1574708500375486","0.1574708500375486","0.17485667005806937","0.17485667005806937","0.17485667005806937","","",""
"1690","0.16105581279980793","0.16105581279980793","0.16105581279980793","0.17308137825986303","0.17308137825986303","0.17308137825986303","","",""
"1691","0.16229421112124862","0.16229421112124862","0.16229421112124862","0.17519191106740947","0.17519191106740947","0.17519191106740947","","",""
"1692","0.16407625758161293","0.16407625758161293","0.16407625758161293","0.17868275352744833","0.17868275352744833","0.17868275352744833","","",""
"1693","0.15938185613599562","0.15938185613599562","0.15938185613599562","0.17207005252809673","0.17207005252809673","0.17207005252809673","","",""
"1694","0.16139239724152246","0.16139239724152246","0.16139239724152246","0.17402236028851892","0.17402236028851892","0.17402236028851892","","",""
"1695","0.1629097677664658","0.1629097677664658","0.1629097677664658","0.1737746755752525","0.1737746755752525","0.1737746755752525","","",""
"1696","0.16601410157714547","0.16601410157714547","0.16601410157714547","0.1744054687254767","0.1744054687254767","0.1744054687254767","","",""
"1697","0.16417415935131677","0.16417415935131677","0.16417415935131677","0.1738974063329194","0.1738974063329194","0.1738974063329194","","",""
"1698","0.16190991908099592","0.16190991908099592","0.16190991908099592","0.1739463621313088","0.1739463621313088","0.1739463621313088","","",""
"1699","0.16522789678300964","0.16522789678300964","0.16522789678300964","0.17551454394289331","0.17551454394289331","0.17551454394289331","","",""
"1700","0.16472374336050968","0.16472374336050968","0.16472374336050968","0.17402044522032814","0.17402044522032814","0.17402044522032814","","",""
"1701","0.16168737003306483","0.16168737003306483","0.16168737003306483","0.17662560536938962","0.17662560536938962","0.17662560536938962","","",""
"1702","0.16100054687352952","0.16100054687352952","0.16100054687352952","0.17154036698861622","0.17154036698861622","0.17154036698861622","","",""
"1703","0.16386801657713865","0.16386801657713865","0.16386801657713865","0.17274840208887676","0.17274840208887676","0.17274840208887676","","",""
"1704","0.16384950603432846","0.16384950603432846","0.16384950603432846","0.17308222836347398","0.17308222836347398","0.17308222836347398","","",""
"1705","0.16513685974614084","0.16513685974614084","0.16513685974614084","0.17418895854380834","0.17418895854380834","0.17418895854380834","","",""
"1706","0.1626048057927057","0.1626048057927057","0.1626048057927057","0.18026421211684718","0.18026421211684718","0.18026421211684718","","",""
"1707","0.1637076831211053","0.1637076831211053","0.1637076831211053","0.1730321831632797","0.1730321831632797","0.1730321831632797","","",""
"1708","0.16396603637120685","0.16396603637120685","0.16396603637120685","0.1716110108863377","0.1716110108863377","0.1716110108863377","","",""
"1709","0.16293829367818402","0.16293829367818402","0.16293829367818402","0.17632141455562203","0.17632141455562203","0.17632141455562203","","",""
"1710","0.16095446926578583","0.16095446926578583","0.16095446926578583","0.17319221164414364","0.17319221164414364","0.17319221164414364","","",""
"1711","0.16240358889405063","0.16240358889405063","0.16240358889405063","0.17817277417999397","0.17817277417999397","0.17817277417999397","","",""
"1712","0.16251533108357286","0.16251533108357286","0.16251533108357286","0.17445751124233247","0.17445751124233247","0.17445751124233247","","",""
"1713","0.16287928090491774","0.16287928090491774","0.16287928090491774","0.17352852457407208","0.17352852457407208","0.17352852457407208","","",""
"1714","0.1637906812159653","0.1637906812159653","0.1637906812159653","0.17232584728824119","0.17232584728824119","0.17232584728824119","","",""
"1715","0.16121801434964636","0.16121801434964636","0.16121801434964636","0.17334357693314664","0.17334357693314664","0.17334357693314664","","",""
"1716","0.16708309071940408","0.16708309071940408","0.16708309071940408","0.17161949491100936","0.17161949491100936","0.17161949491100936","","",""
"1717","0.16148937680851264","0.16148937680851264","0.16148937680851264","0.16963378315762104","0.16963378315762104","0.16963378315762104","","",""
"1718","0.16111507639762382","0.16111507639762382","0.16111507639762382","0.17392503243063587","0.17392503243063587","0.17392503243063587","","",""
"1719","0.1613414113194898","0.1613414113194898","0.1613414113194898","0.17066748796607425","0.17066748796607425","0.17066748796607425","","",""
"1720","0.16224786196524035","0.16224786196524035","0.16224786196524035","0.17259125763070884","0.17259125763070884","0.17259125763070884","","",""
"1721","0.1623929551395134","0.1623929551395134","0.1623929551395134","0.1747694247518354","0.1747694247518354","0.1747694247518354","","",""
"1722","0.15829133581148364","0.15829133581148364","0.15829133581148364","0.17128558441947025","0.17128558441947025","0.17128558441947025","","",""
"1723","0.1627769611116894","0.1627769611116894","0.1627769611116894","0.1764513920977218","0.1764513920977218","0.1764513920977218","","",""
"1724","0.16119307826105037","0.16119307826105037","0.16119307826105037","0.17346814883426553","0.17346814883426553","0.17346814883426553","","",""
"1725","0.16303182377887915","0.16303182377887915","0.16303182377887915","0.17587609179588629","0.17587609179588629","0.17587609179588629","","",""
"1726","0.16427188270496737","0.16427188270496737","0.16427188270496737","0.17550199541137187","0.17550199541137187","0.17550199541137187","","",""
"1727","0.163155914547193","0.163155914547193","0.163155914547193","0.17277487800565103","0.17277487800565103","0.17277487800565103","","",""
"1728","0.16383725064402754","0.16383725064402754","0.16383725064402754","0.17295046671407163","0.17295046671407163","0.17295046671407163","","",""
"1729","0.16176267064576882","0.16176267064576882","0.16176267064576882","0.17345367017110971","0.17345367017110971","0.17345367017110971","","",""
"1730","0.16063495525030502","0.16063495525030502","0.16063495525030502","0.1771191623145719","0.1771191623145719","0.1771191623145719","","",""
"1731","0.16186412570728556","0.16186412570728556","0.16186412570728556","0.17405601665829742","0.17405601665829742","0.17405601665829742","","",""
"1732","0.16557093463593278","0.16557093463593278","0.16557093463593278","0.16994606940588364","0.16994606940588364","0.16994606940588364","","",""
"1733","0.16278138413619003","0.16278138413619003","0.16278138413619003","0.17222330464510338","0.17222330464510338","0.17222330464510338","","",""
"1734","0.16431543735255016","0.16431543735255016","0.16431543735255016","0.17448359191608728","0.17448359191608728","0.17448359191608728","","",""
"1735","0.1641134174274085","0.1641134174274085","0.1641134174274085","0.17515490186135227","0.17515490186135227","0.17515490186135227","","",""
"1736","0.16360508894251516","0.16360508894251516","0.16360508894251516","0.17482464001110964","0.17482464001110964","0.17482464001110964","","",""
"1737","0.16424814064674984","0.16424814064674984","0.16424814064674984","0.1727744727772056","0.1727744727772056","0.1727744727772056","","",""
"1738","0.1589238085879598","0.1589238085879598","0.1589238085879598","0.17179020533155845","0.17179020533155845","0.17179020533155845","","",""
"1739","0.1610040677808313","0.1610040677808313","0.1610040677808313","0.17513628530595313","0.17513628530595313","0.17513628530595313","","",""
"1740","0.1651739647384555","0.1651739647384555","0.1651739647384555","0.17515762801340326","0.17515762801340326","0.17515762801340326","","",""
"1741","0.16233208853524556","0.16233208853524556","0.16233208853524556","0.17630216649640126","0.17630216649640126","0.17630216649640126","","",""
"1742","0.16261691583125024","0.16261691583125024","0.16261691583125024","0.17786515519950985","0.17786515519950985","0.17786515519950985","","",""
"1743","0.16258935491416607","0.16258935491416607","0.16258935491416607","0.1760992806075586","0.1760992806075586","0.1760992806075586","","",""
"1744","0.162084549044539","0.162084549044539","0.162084549044539","0.1741958622246541","0.1741958622246541","0.1741958622246541","","",""
"1745","0.16332467262747194","0.16332467262747194","0.16332467262747194","0.17482500176933966","0.17482500176933966","0.17482500176933966","","",""
"1746","0.16502769347010612","0.16502769347010612","0.16502769347010612","0.17221015817354998","0.17221015817354998","0.17221015817354998","","",""
"1747","0.16210489554077975","0.16210489554077975","0.16210489554077975","0.17158574778843608","0.17158574778843608","0.17158574778843608","","",""
"1748","0.16379721584001364","0.16379721584001364","0.16379721584001364","0.17440922107199966","0.17440922107199966","0.17440922107199966","","",""
"1749","0.16141159869730334","0.16141159869730334","0.16141159869730334","0.17429641642582303","0.17429641642582303","0.17429641642582303","","",""
"1750","0.16355733469997255","0.16355733469997255","0.16355733469997255","0.17190701855210314","0.17190701855210314","0.17190701855210314","","",""
"1751","0.16639527567179432","0.16639527567179432","0.16639527567179432","0.1697260685340876","0.1697260685340876","0.1697260685340876","","",""
"1752","0.16341320200772821","0.16341320200772821","0.16341320200772821","0.1767866916573182","0.1767866916573182","0.1767866916573182","","",""
"1753","0.16242839914475002","0.16242839914475002","0.16242839914475002","0.1717193305011904","0.1717193305011904","0.1717193305011904","","",""
"1754","0.16173899407409684","0.16173899407409684","0.16173899407409684","0.17521272485885345","0.17521272485885345","0.17521272485885345","","",""
"1755","0.16105379600314165","0.16105379600314165","0.16105379600314165","0.17069754226321762","0.17069754226321762","0.17069754226321762","","",""
"1756","0.1611434155799261","0.1611434155799261","0.1611434155799261","0.17507070079908127","0.17507070079908127","0.17507070079908127","","",""
"1757","0.16420192236603856","0.16420192236603856","0.16420192236603856","0.1726855658113395","0.1726855658113395","0.1726855658113395","","",""
"1758","0.16138099296690886","0.16138099296690886","0.16138099296690886","0.17580273751051534","0.17580273751051534","0.17580273751051534","","",""
"1759","0.1623158188780925","0.1623158188780925","0.1623158188780925","0.1736453336904236","0.1736453336904236","0.1736453336904236","","",""
"1760","0.1645361572278651","0.1645361572278651","0.1645361572278651","0.17294113366851968","0.17294113366851968","0.17294113366851968","","",""
"1761","0.16175895251299377","0.16175895251299377","0.16175895251299377","0.17380729917794668","0.17380729917794668","0.17380729917794668","","",""
"1762","0.1595461413715585","0.1595461413715585","0.1595461413715585","0.17242127929591824","0.17242127929591824","0.17242127929591824","","",""
"1763","0.16322976105615986","0.16322976105615986","0.16322976105615986","0.17053069619596165","0.17053069619596165","0.17053069619596165","","",""
"1764","0.16238272464644146","0.16238272464644146","0.16238272464644146","0.17241493982205133","0.17241493982205133","0.17241493982205133","","",""
"1765","0.16222668473033916","0.16222668473033916","0.16222668473033916","0.17589762933389327","0.17589762933389327","0.17589762933389327","","",""
"1766","0.163132567904319","0.163132567904319","0.163132567904319","0.17619578600892918","0.17619578600892918","0.17619578600892918","","",""
"1767","0.16103693013627826","0.16103693013627826","0.16103693013627826","0.17378772747240387","0.17378772747240387","0.17378772747240387","","",""
"1768","0.16089402974726258","0.16089402974726258","0.16089402974726258","0.1745668129117779","0.1745668129117779","0.1745668129117779","","",""
"1769","0.16252650656304887","0.16252650656304887","0.16252650656304887","0.17458806250456493","0.17458806250456493","0.17458806250456493","","",""
"1770","0.16447331823707773","0.16447331823707773","0.16447331823707773","0.17216466867729271","0.17216466867729271","0.17216466867729271","","",""
"1771","0.16457534263341567","0.16457534263341567","0.16457534263341567","0.17408821184099874","0.17408821184099874","0.17408821184099874","","",""
"1772","0.16347672837832147","0.16347672837832147","0.16347672837832147","0.17458461722678006","0.17458461722678006","0.17458461722678006","","",""
"1773","0.16415990426392726","0.16415990426392726","0.16415990426392726","0.1735657968825616","0.1735657968825616","0.1735657968825616","","",""
"1774","0.16586242386577701","0.16586242386577701","0.16586242386577701","0.17547416233460159","0.17547416233460159","0.17547416233460159","","",""
"1775","0.16229880786789783","0.16229880786789783","0.16229880786789783","0.17277649184876634","0.17277649184876634","0.17277649184876634","","",""
"1776","0.16439563089192413","0.16439563089192413","0.16439563089192413","0.17554282191287207","0.17554282191287207","0.17554282191287207","","",""
"1777","0.16318992877964542","0.16318992877964542","0.16318992877964542","0.17263238972765382","0.17263238972765382","0.17263238972765382","","",""
"1778","0.16069486857618048","0.16069486857618048","0.16069486857618048","0.17340342849673976","0.17340342849673976","0.17340342849673976","","",""
"1779","0.16429619415456811","0.16429619415456811","0.16429619415456811","0.17044408363616761","0.17044408363616761","0.17044408363616761","","",""
"1780","0.16448422470829757","0.16448422470829757","0.16448422470829757","0.1762433650230876","0.1762433650230876","0.1762433650230876","","",""
"1781","0.16116382833313564","0.16116382833313564","0.16116382833313564","0.17223072183425372","0.17223072183425372","0.17223072183425372","","",""
"1782","0.16351235208361867","0.16351235208361867","0.16351235208361867","0.17333193814089767","0.17333193814089767","0.17333193814089767","","",""
"1783","0.16064565018617158","0.16064565018617158","0.16064565018617158","0.17378795746170703","0.17378795746170703","0.17378795746170703","","",""
"1784","0.16346741832255512","0.16346741832255512","0.16346741832255512","0.17234129523224231","0.17234129523224231","0.17234129523224231","","",""
"1785","0.16011730600022614","0.16011730600022614","0.16011730600022614","0.17615373630098421","0.17615373630098421","0.17615373630098421","","",""
"1786","0.1582980816098896","0.1582980816098896","0.1582980816098896","0.17288217828398614","0.17288217828398614","0.17288217828398614","","",""
"1787","0.16432457001117037","0.16432457001117037","0.16432457001117037","0.17172765388887742","0.17172765388887742","0.17172765388887742","","",""
"1788","0.16319364658909458","0.16319364658909458","0.16319364658909458","0.1717734093374009","0.1717734093374009","0.1717734093374009","","",""
"1789","0.15912198636528108","0.15912198636528108","0.15912198636528108","0.17353678220766158","0.17353678220766158","0.17353678220766158","","",""
"1790","0.1635342223300769","0.1635342223300769","0.1635342223300769","0.17549549922516353","0.17549549922516353","0.17549549922516353","","",""
"1791","0.16199939295207158","0.16199939295207158","0.16199939295207158","0.1735277324172719","0.1735277324172719","0.1735277324172719","","",""
"1792","0.16226644799568002","0.16226644799568002","0.16226644799568002","0.17351760738085517","0.17351760738085517","0.17351760738085517","","",""
"1793","0.1612155213767374","0.1612155213767374","0.1612155213767374","0.173729370981028","0.173729370981028","0.173729370981028","","",""
"1794","0.16324078653719856","0.16324078653719856","0.16324078653719856","0.1757059832110035","0.1757059832110035","0.1757059832110035","","",""
"1795","0.16265984202571995","0.16265984202571995","0.16265984202571995","0.17528963869430844","0.17528963869430844","0.17528963869430844","","",""
"1796","0.16372331202135457","0.16372331202135457","0.16372331202135457","0.17093124673603324","0.17093124673603324","0.17093124673603324","","",""
"1797","0.160260002618851","0.160260002618851","0.160260002618851","0.1689654644954948","0.1689654644954948","0.1689654644954948","","",""
"1798","0.16345883038060358","0.16345883038060358","0.16345883038060358","0.17214531937967106","0.17214531937967106","0.17214531937967106","","",""
"1799","0.15949124930320346","0.15949124930320346","0.15949124930320346","0.17448974601378917","0.17448974601378917","0.17448974601378917","","",""
"1800","0.16070345276821316","0.16070345276821316","0.16070345276821316","0.173303918195167","0.173303918195167","0.173303918195167","","",""
"1801","0.1614394536916021","0.1614394536916021","0.1614394536916021","0.17103245484620358","0.17103245484620358","0.17103245484620358","","",""
"1802","0.16692736132951025","0.16692736132951025","0.16692736132951025","0.17378215882671655","0.17378215882671655","0.17378215882671655","","",""
"1803","0.16035167584005994","0.16035167584005994","0.16035167584005994","0.17585825996412854","0.17585825996412854","0.17585825996412854","","",""
"1804","0.1639138525926848","0.1639138525926848","0.1639138525926848","0.1750903547958258","0.1750903547958258","0.1750903547958258","","",""
"1805","0.16056733712646873","0.16056733712646873","0.16056733712646873","0.17195402775060262","0.17195402775060262","0.17195402775060262","","",""
"1806","0.16109458859864415","0.16109458859864415","0.16109458859864415","0.17377630101013422","0.17377630101013422","0.17377630101013422","","",""
"1807","0.16196764776925218","0.16196764776925218","0.16196764776925218","0.17290920061546236","0.17290920061546236","0.17290920061546236","","",""
"1808","0.16110364094635057","0.16110364094635057","0.16110364094635057","0.17184570298832438","0.17184570298832438","0.17184570298832438","","",""
"1809","0.1632582459478316","0.1632582459478316","0.1632582459478316","0.17360908332594585","0.17360908332594585","0.17360908332594585","","",""
"1810","0.16312992043175986","0.16312992043175986","0.16312992043175986","0.17640968517132558","0.17640968517132558","0.17640968517132558","","",""
"1811","0.1612255951554813","0.1612255951554813","0.1612255951554813","0.17452924445636445","0.17452924445636445","0.17452924445636445","","",""
"1812","0.16248899215330043","0.16248899215330043","0.16248899215330043","0.1727834908513365","0.1727834908513365","0.1727834908513365","","",""
"1813","0.16446434236398466","0.16446434236398466","0.16446434236398466","0.17161308386546517","0.17161308386546517","0.17161308386546517","","",""
"1814","0.16436379953114658","0.16436379953114658","0.16436379953114658","0.1720189802540639","0.1720189802540639","0.1720189802540639","","",""
"1815","0.16245450883457901","0.16245450883457901","0.16245450883457901","0.17584802697835042","0.17584802697835042","0.17584802697835042","","",""
"1816","0.16324426383115015","0.16324426383115015","0.16324426383115015","0.17090996961761593","0.17090996961761593","0.17090996961761593","","",""
"1817","0.16507178293186933","0.16507178293186933","0.16507178293186933","0.17289060988388075","0.17289060988388075","0.17289060988388075","","",""
"1818","0.1629435509171974","0.1629435509171974","0.1629435509171974","0.17117636086164925","0.17117636086164925","0.17117636086164925","","",""
"1819","0.16055086860613002","0.16055086860613002","0.16055086860613002","0.17283037819384298","0.17283037819384298","0.17283037819384298","","",""
"1820","0.16217116169767332","0.16217116169767332","0.16217116169767332","0.17166454200390016","0.17166454200390016","0.17166454200390016","","",""
"1821","0.16086743242668514","0.16086743242668514","0.16086743242668514","0.1715340355715714","0.1715340355715714","0.1715340355715714","","",""
"1822","0.16415013346677548","0.16415013346677548","0.16415013346677548","0.1773636720397848","0.1773636720397848","0.1773636720397848","","",""
"1823","0.1610814888629849","0.1610814888629849","0.1610814888629849","0.1735413768746823","0.1735413768746823","0.1735413768746823","","",""
"1824","0.163630602746406","0.163630602746406","0.163630602746406","0.17009829385732722","0.17009829385732722","0.17009829385732722","","",""
"1825","0.1615066925822275","0.1615066925822275","0.1615066925822275","0.17104418960001952","0.17104418960001952","0.17104418960001952","","",""
"1826","0.16640796554946038","0.16640796554946038","0.16640796554946038","0.1740294855246954","0.1740294855246954","0.1740294855246954","","",""
"1827","0.15947439258861093","0.15947439258861093","0.15947439258861093","0.17158375508318965","0.17158375508318965","0.17158375508318965","","",""
"1828","0.16005937499822287","0.16005937499822287","0.16005937499822287","0.17069044325302232","0.17069044325302232","0.17069044325302232","","",""
"1829","0.16122218624423051","0.16122218624423051","0.16122218624423051","0.17731251973107806","0.17731251973107806","0.17731251973107806","","",""
"1830","0.1638018362437125","0.1638018362437125","0.1638018362437125","0.17057696600120378","0.17057696600120378","0.17057696600120378","","",""
"1831","0.16144625250347552","0.16144625250347552","0.16144625250347552","0.17311106967910597","0.17311106967910597","0.17311106967910597","","",""
"1832","0.1600869030396119","0.1600869030396119","0.1600869030396119","0.17664785869104974","0.17664785869104974","0.17664785869104974","","",""
"1833","0.16241793313075784","0.16241793313075784","0.16241793313075784","0.16938089816856292","0.16938089816856292","0.16938089816856292","","",""
"1834","0.1652399550507289","0.1652399550507289","0.1652399550507289","0.17016968703949445","0.17016968703949445","0.17016968703949445","","",""
"1835","0.1628762659403148","0.1628762659403148","0.1628762659403148","0.16952994495702756","0.16952994495702756","0.16952994495702756","","",""
"1836","0.1633850529819931","0.1633850529819931","0.1633850529819931","0.17053936534506542","0.17053936534506542","0.17053936534506542","","",""
"1837","0.16212309146423612","0.16212309146423612","0.16212309146423612","0.17473540405397922","0.17473540405397922","0.17473540405397922","","",""
"1838","0.16308880492208816","0.16308880492208816","0.16308880492208816","0.17154852798909045","0.17154852798909045","0.17154852798909045","","",""
"1839","0.16261886116461508","0.16261886116461508","0.16261886116461508","0.17642193866459624","0.17642193866459624","0.17642193866459624","","",""
"1840","0.16325136318820302","0.16325136318820302","0.16325136318820302","0.1738367011816465","0.1738367011816465","0.1738367011816465","","",""
"1841","0.16219122021206225","0.16219122021206225","0.16219122021206225","0.1728610015860901","0.1728610015860901","0.1728610015860901","","",""
"1842","0.16254150606428536","0.16254150606428536","0.16254150606428536","0.17785793306529504","0.17785793306529504","0.17785793306529504","","",""
"1843","0.16235265302629215","0.16235265302629215","0.16235265302629215","0.17319677363068112","0.17319677363068112","0.17319677363068112","","",""
"1844","0.16258569983433055","0.16258569983433055","0.16258569983433055","0.17347673306856093","0.17347673306856093","0.17347673306856093","","",""
"1845","0.16248526291920365","0.16248526291920365","0.16248526291920365","0.1739542573702705","0.1739542573702705","0.1739542573702705","","",""
"1846","0.1637879957420286","0.1637879957420286","0.1637879957420286","0.1763551165202861","0.1763551165202861","0.1763551165202861","","",""
"1847","0.16227758177844745","0.16227758177844745","0.16227758177844745","0.17513490966900178","0.17513490966900178","0.17513490966900178","","",""
"1848","0.1625684341663687","0.1625684341663687","0.1625684341663687","0.172481010114238","0.172481010114238","0.172481010114238","","",""
"1849","0.161393741840422","0.161393741840422","0.161393741840422","0.17333528179812233","0.17333528179812233","0.17333528179812233","","",""
"1850","0.16283507527395888","0.16283507527395888","0.16283507527395888","0.17165282891583297","0.17165282891583297","0.17165282891583297","","",""
"1851","0.16187890164342164","0.16187890164342164","0.16187890164342164","0.17420522697192634","0.17420522697192634","0.17420522697192634","","",""
"1852","0.16547922469616086","0.16547922469616086","0.16547922469616086","0.17158324456715954","0.17158324456715954","0.17158324456715954","","",""
"1853","0.16469122785448329","0.16469122785448329","0.16469122785448329","0.1718368264931598","0.1718368264931598","0.1718368264931598","","",""
"1854","0.16215054647385618","0.16215054647385618","0.16215054647385618","0.17302684365964813","0.17302684365964813","0.17302684365964813","","",""
"1855","0.16299561584997957","0.16299561584997957","0.16299561584997957","0.17023450627466982","0.17023450627466982","0.17023450627466982","","",""
"1856","0.1617527877861275","0.1617527877861275","0.1617527877861275","0.17132434705936697","0.17132434705936697","0.17132434705936697","","",""
"1857","0.16114056889729353","0.16114056889729353","0.16114056889729353","0.17250395796928839","0.17250395796928839","0.17250395796928839","","",""
"1858","0.1610422193011069","0.1610422193011069","0.1610422193011069","0.17470998048396694","0.17470998048396694","0.17470998048396694","","",""
"1859","0.16295659053836634","0.16295659053836634","0.16295659053836634","0.17398067568915557","0.17398067568915557","0.17398067568915557","","",""
"1860","0.16115050077770818","0.16115050077770818","0.16115050077770818","0.1751817918793086","0.1751817918793086","0.1751817918793086","","",""
"1861","0.1619385344747288","0.1619385344747288","0.1619385344747288","0.1746371567175605","0.1746371567175605","0.1746371567175605","","",""
"1862","0.16473903654571528","0.16473903654571528","0.16473903654571528","0.17348357717773136","0.17348357717773136","0.17348357717773136","","",""
"1863","0.16221726939365336","0.16221726939365336","0.16221726939365336","0.17380672226512725","0.17380672226512725","0.17380672226512725","","",""
"1864","0.1617527217547465","0.1617527217547465","0.1617527217547465","0.1739644746202292","0.1739644746202292","0.1739644746202292","","",""
"1865","0.16305169612862008","0.16305169612862008","0.16305169612862008","0.17081966746199717","0.17081966746199717","0.17081966746199717","","",""
"1866","0.1605128330252678","0.1605128330252678","0.1605128330252678","0.16957813863022542","0.16957813863022542","0.16957813863022542","","",""
"1867","0.1627481092792998","0.1627481092792998","0.1627481092792998","0.1745632301814205","0.1745632301814205","0.1745632301814205","","",""
"1868","0.16338894937841117","0.16338894937841117","0.16338894937841117","0.1698161761244138","0.1698161761244138","0.1698161761244138","","",""
"1869","0.1615446553612961","0.1615446553612961","0.1615446553612961","0.17198651226388376","0.17198651226388376","0.17198651226388376","","",""
"1870","0.16238888540334545","0.16238888540334545","0.16238888540334545","0.17453696978333644","0.17453696978333644","0.17453696978333644","","",""
"1871","0.16196314483078142","0.16196314483078142","0.16196314483078142","0.17214746903731978","0.17214746903731978","0.17214746903731978","","",""
"1872","0.1627043765509222","0.1627043765509222","0.1627043765509222","0.1729131624648452","0.1729131624648452","0.1729131624648452","","",""
"1873","0.16143208746123774","0.16143208746123774","0.16143208746123774","0.17310184875978166","0.17310184875978166","0.17310184875978166","","",""
"1874","0.162760335989944","0.162760335989944","0.162760335989944","0.16955437390790098","0.16955437390790098","0.16955437390790098","","",""
"1875","0.16100468718849117","0.16100468718849117","0.16100468718849117","0.17309335714811955","0.17309335714811955","0.17309335714811955","","",""
"1876","0.1636144174105484","0.1636144174105484","0.1636144174105484","0.17236140719469994","0.17236140719469994","0.17236140719469994","","",""
"1877","0.16522837927935927","0.16522837927935927","0.16522837927935927","0.17281776023688278","0.17281776023688278","0.17281776023688278","","",""
"1878","0.16269804195045826","0.16269804195045826","0.16269804195045826","0.17055212943835743","0.17055212943835743","0.17055212943835743","","",""
"1879","0.16008791584469706","0.16008791584469706","0.16008791584469706","0.1695234913682658","0.1695234913682658","0.1695234913682658","","",""
"1880","0.1622356156905384","0.1622356156905384","0.1622356156905384","0.17291249353530028","0.17291249353530028","0.17291249353530028","","",""
"1881","0.16227695767172765","0.16227695767172765","0.16227695767172765","0.1741520559723924","0.1741520559723924","0.1741520559723924","","",""
"1882","0.15955407652500606","0.15955407652500606","0.15955407652500606","0.1750617309216704","0.1750617309216704","0.1750617309216704","","",""
"1883","0.16618633853701278","0.16618633853701278","0.16618633853701278","0.17337118940044186","0.17337118940044186","0.17337118940044186","","",""
"1884","0.1622213458542651","0.1622213458542651","0.1622213458542651","0.17418758615780547","0.17418758615780547","0.17418758615780547","","",""
"1885","0.16296471185912256","0.16296471185912256","0.16296471185912256","0.17288875027415132","0.17288875027415132","0.17288875027415132","","",""
"1886","0.1589167918029555","0.1589167918029555","0.1589167918029555","0.17150029522392948","0.17150029522392948","0.17150029522392948","","",""
"1887","0.1620968939604238","0.1620968939604238","0.1620968939604238","0.1737183228441631","0.1737183228441631","0.1737183228441631","","",""
"1888","0.1616256259745332","0.1616256259745332","0.1616256259745332","0.1719253834404828","0.1719253834404828","0.1719253834404828","","",""
"1889","0.15952925026065565","0.15952925026065565","0.15952925026065565","0.17183349873242415","0.17183349873242415","0.17183349873242415","","",""
"1890","0.16656511082256956","0.16656511082256956","0.16656511082256956","0.17272903049353724","0.17272903049353724","0.17272903049353724","","",""
"1891","0.15938621988679794","0.15938621988679794","0.15938621988679794","0.17501089088906074","0.17501089088906074","0.17501089088906074","","",""
"1892","0.1627087687055652","0.1627087687055652","0.1627087687055652","0.17315881534236696","0.17315881534236696","0.17315881534236696","","",""
"1893","0.16212218839152948","0.16212218839152948","0.16212218839152948","0.1719082960809342","0.1719082960809342","0.1719082960809342","","",""
"1894","0.1609158626688785","0.1609158626688785","0.1609158626688785","0.16997263878088234","0.16997263878088234","0.16997263878088234","","",""
"1895","0.16145956583756235","0.16145956583756235","0.16145956583756235","0.1731320117922072","0.1731320117922072","0.1731320117922072","","",""
"1896","0.1601518719354635","0.1601518719354635","0.1601518719354635","0.1777073125522133","0.1777073125522133","0.1777073125522133","","",""
"1897","0.1619276901103724","0.1619276901103724","0.1619276901103724","0.1739520210455143","0.1739520210455143","0.1739520210455143","","",""
"1898","0.15912055205452644","0.15912055205452644","0.15912055205452644","0.17442726171044662","0.17442726171044662","0.17442726171044662","","",""
"1899","0.16039959368328013","0.16039959368328013","0.16039959368328013","0.1723204333648086","0.1723204333648086","0.1723204333648086","","",""
"1900","0.16296862637099782","0.16296862637099782","0.16296862637099782","0.17250709511507553","0.17250709511507553","0.17250709511507553","","",""
"1901","0.15971637641816155","0.15971637641816155","0.15971637641816155","0.17032777384261766","0.17032777384261766","0.17032777384261766","","",""
"1902","0.16094343091147692","0.16094343091147692","0.16094343091147692","0.1726451630783146","0.1726451630783146","0.1726451630783146","","",""
"1903","0.16358692072628492","0.16358692072628492","0.16358692072628492","0.17264104226192856","0.17264104226192856","0.17264104226192856","","",""
"1904","0.16045154412741","0.16045154412741","0.16045154412741","0.17273794356795946","0.17273794356795946","0.17273794356795946","","",""
"1905","0.16417756991052057","0.16417756991052057","0.16417756991052057","0.17323843250554496","0.17323843250554496","0.17323843250554496","","",""
"1906","0.16106751077980924","0.16106751077980924","0.16106751077980924","0.17554721494222192","0.17554721494222192","0.17554721494222192","","",""
"1907","0.16167257761348208","0.16167257761348208","0.16167257761348208","0.1779611319025595","0.1779611319025595","0.1779611319025595","","",""
"1908","0.16405041215378127","0.16405041215378127","0.16405041215378127","0.17189798991903937","0.17189798991903937","0.17189798991903937","","",""
"1909","0.16169332598210442","0.16169332598210442","0.16169332598210442","0.1708178161669173","0.1708178161669173","0.1708178161669173","","",""
"1910","0.15957257030571256","0.15957257030571256","0.15957257030571256","0.17210733949249202","0.17210733949249202","0.17210733949249202","","",""
"1911","0.16370630041818526","0.16370630041818526","0.16370630041818526","0.1731839698408294","0.1731839698408294","0.1731839698408294","","",""
"1912","0.1613380914531849","0.1613380914531849","0.1613380914531849","0.17315546492735714","0.17315546492735714","0.17315546492735714","","",""
"1913","0.16118403560838426","0.16118403560838426","0.16118403560838426","0.17345702458148973","0.17345702458148973","0.17345702458148973","","",""
"1914","0.16259489552863568","0.16259489552863568","0.16259489552863568","0.17540518240896916","0.17540518240896916","0.17540518240896916","","",""
"1915","0.16279617369886037","0.16279617369886037","0.16279617369886037","0.1701417266669278","0.1701417266669278","0.1701417266669278","","",""
"1916","0.16121175405779528","0.16121175405779528","0.16121175405779528","0.17218293671632015","0.17218293671632015","0.17218293671632015","","",""
"1917","0.1619865692496401","0.1619865692496401","0.1619865692496401","0.17234432224606225","0.17234432224606225","0.17234432224606225","","",""
"1918","0.15940545306844717","0.15940545306844717","0.15940545306844717","0.17187077715329468","0.17187077715329468","0.17187077715329468","","",""
"1919","0.16183703921893725","0.16183703921893725","0.16183703921893725","0.17449346333025786","0.17449346333025786","0.17449346333025786","","",""
"1920","0.16338352016769542","0.16338352016769542","0.16338352016769542","0.16908313453832133","0.16908313453832133","0.16908313453832133","","",""
"1921","0.1624188776269517","0.1624188776269517","0.1624188776269517","0.17096359164373756","0.17096359164373756","0.17096359164373756","","",""
"1922","0.16295561577332904","0.16295561577332904","0.16295561577332904","0.1745658018856595","0.1745658018856595","0.1745658018856595","","",""
"1923","0.16251308014932883","0.16251308014932883","0.16251308014932883","0.17184293726631053","0.17184293726631053","0.17184293726631053","","",""
"1924","0.1632060654490544","0.1632060654490544","0.1632060654490544","0.16967886941866625","0.16967886941866625","0.16967886941866625","","",""
"1925","0.16149735348347635","0.16149735348347635","0.16149735348347635","0.17308838352154468","0.17308838352154468","0.17308838352154468","","",""
"1926","0.1628213909835269","0.1628213909835269","0.1628213909835269","0.17079364837944563","0.17079364837944563","0.17079364837944563","","",""
"1927","0.1606063449395562","0.1606063449395562","0.1606063449395562","0.17434061927856548","0.17434061927856548","0.17434061927856548","","",""
"1928","0.15972717123002497","0.15972717123002497","0.15972717123002497","0.17102712836048753","0.17102712836048753","0.17102712836048753","","",""
"1929","0.1638203131280113","0.1638203131280113","0.1638203131280113","0.17366974892155673","0.17366974892155673","0.17366974892155673","","",""
"1930","0.15970562475406347","0.15970562475406347","0.15970562475406347","0.1724292018604887","0.1724292018604887","0.1724292018604887","","",""
"1931","0.1618712590643878","0.1618712590643878","0.1618712590643878","0.16938994806479155","0.16938994806479155","0.16938994806479155","","",""
"1932","0.1615457895382742","0.1615457895382742","0.1615457895382742","0.1709768419027549","0.1709768419027549","0.1709768419027549","","",""
"1933","0.16390915469019393","0.16390915469019393","0.16390915469019393","0.17203712348218983","0.17203712348218983","0.17203712348218983","","",""
"1934","0.16187083951944023","0.16187083951944023","0.16187083951944023","0.17179906994878857","0.17179906994878857","0.17179906994878857","","",""
"1935","0.1602571639442726","0.1602571639442726","0.1602571639442726","0.17227794313902756","0.17227794313902756","0.17227794313902756","","",""
"1936","0.1637861829571529","0.1637861829571529","0.1637861829571529","0.1725244606836058","0.1725244606836058","0.1725244606836058","","",""
"1937","0.1609625348211339","0.1609625348211339","0.1609625348211339","0.16853109947984035","0.16853109947984035","0.16853109947984035","","",""
"1938","0.163048217189742","0.163048217189742","0.163048217189742","0.17043075172426378","0.17043075172426378","0.17043075172426378","","",""
"1939","0.16381545764845143","0.16381545764845143","0.16381545764845143","0.1708752959585237","0.1708752959585237","0.1708752959585237","","",""
"1940","0.16122133131592276","0.16122133131592276","0.16122133131592276","0.17356226456504423","0.17356226456504423","0.17356226456504423","","",""
"1941","0.16479600758552573","0.16479600758552573","0.16479600758552573","0.17148508083890412","0.17148508083890412","0.17148508083890412","","",""
"1942","0.16079936487738847","0.16079936487738847","0.16079936487738847","0.1743913600920728","0.1743913600920728","0.1743913600920728","","",""
"1943","0.16474747938632112","0.16474747938632112","0.16474747938632112","0.1707243790157654","0.1707243790157654","0.1707243790157654","","",""
"1944","0.16470303199823833","0.16470303199823833","0.16470303199823833","0.17154492292624746","0.17154492292624746","0.17154492292624746","","",""
"1945","0.16370598776109604","0.16370598776109604","0.16370598776109604","0.17097151447235218","0.17097151447235218","0.17097151447235218","","",""
"1946","0.15836311633109398","0.15836311633109398","0.15836311633109398","0.17633449775487156","0.17633449775487156","0.17633449775487156","","",""
"1947","0.1617652144356834","0.1617652144356834","0.1617652144356834","0.17267870356524792","0.17267870356524792","0.17267870356524792","","",""
"1948","0.1627016268762383","0.1627016268762383","0.1627016268762383","0.17029175142546216","0.17029175142546216","0.17029175142546216","","",""
"1949","0.16520153914710697","0.16520153914710697","0.16520153914710697","0.17030198471357505","0.17030198471357505","0.17030198471357505","","",""
"1950","0.16201999720085142","0.16201999720085142","0.16201999720085142","0.16777060802744792","0.16777060802744792","0.16777060802744792","","",""
"1951","0.1649526388404682","0.1649526388404682","0.1649526388404682","0.17242226049328838","0.17242226049328838","0.17242226049328838","","",""
"1952","0.1562367199695801","0.1562367199695801","0.1562367199695801","0.17018055875092045","0.17018055875092045","0.17018055875092045","","",""
"1953","0.16222669723054067","0.16222669723054067","0.16222669723054067","0.17323392529300274","0.17323392529300274","0.17323392529300274","","",""
"1954","0.16253277931636373","0.16253277931636373","0.16253277931636373","0.17139888678759985","0.17139888678759985","0.17139888678759985","","",""
"1955","0.16086509606498275","0.16086509606498275","0.16086509606498275","0.17337792219993295","0.17337792219993295","0.17337792219993295","","",""
"1956","0.15997856384282344","0.15997856384282344","0.15997856384282344","0.16944945452692353","0.16944945452692353","0.16944945452692353","","",""
"1957","0.16330107926614465","0.16330107926614465","0.16330107926614465","0.17305006268117326","0.17305006268117326","0.17305006268117326","","",""
"1958","0.1646553150831702","0.1646553150831702","0.1646553150831702","0.1741385331489023","0.1741385331489023","0.1741385331489023","","",""
"1959","0.15817007178753284","0.15817007178753284","0.15817007178753284","0.17139295501897564","0.17139295501897564","0.17139295501897564","","",""
"1960","0.163358809867141","0.163358809867141","0.163358809867141","0.16748763079151652","0.16748763079151652","0.16748763079151652","","",""
"1961","0.16223936016079227","0.16223936016079227","0.16223936016079227","0.17569516548280772","0.17569516548280772","0.17569516548280772","","",""
"1962","0.1599838501963098","0.1599838501963098","0.1599838501963098","0.17316973308426012","0.17316973308426012","0.17316973308426012","","",""
"1963","0.16336163450346494","0.16336163450346494","0.16336163450346494","0.17284842325677827","0.17284842325677827","0.17284842325677827","","",""
"1964","0.1627294146900748","0.1627294146900748","0.1627294146900748","0.1693920758202975","0.1693920758202975","0.1693920758202975","","",""
"1965","0.1596591314471457","0.1596591314471457","0.1596591314471457","0.1710085189715308","0.1710085189715308","0.1710085189715308","","",""
"1966","0.1598573504277094","0.1598573504277094","0.1598573504277094","0.17207371423595455","0.17207371423595455","0.17207371423595455","","",""
"1967","0.1612220007388063","0.1612220007388063","0.1612220007388063","0.167715677768012","0.167715677768012","0.167715677768012","","",""
"1968","0.16319727868845654","0.16319727868845654","0.16319727868845654","0.1731134992359955","0.1731134992359955","0.1731134992359955","","",""
"1969","0.15933473829673125","0.15933473829673125","0.15933473829673125","0.17239798443642704","0.17239798443642704","0.17239798443642704","","",""
"1970","0.15981639568078151","0.15981639568078151","0.15981639568078151","0.17337323302860927","0.17337323302860927","0.17337323302860927","","",""
"1971","0.1622653732857329","0.1622653732857329","0.1622653732857329","0.17152591336974374","0.17152591336974374","0.17152591336974374","","",""
"1972","0.1624792168643823","0.1624792168643823","0.1624792168643823","0.17220635321196717","0.17220635321196717","0.17220635321196717","","",""
"1973","0.16057711813380238","0.16057711813380238","0.16057711813380238","0.16953527977487584","0.16953527977487584","0.16953527977487584","","",""
"1974","0.163452381188024","0.163452381188024","0.163452381188024","0.16932255473636157","0.16932255473636157","0.16932255473636157","","",""
"1975","0.15972987916267936","0.15972987916267936","0.15972987916267936","0.17161716622823975","0.17161716622823975","0.17161716622823975","","",""
"1976","0.16518851832743695","0.16518851832743695","0.16518851832743695","0.17253946410092624","0.17253946410092624","0.17253946410092624","","",""
"1977","0.1611530045336201","0.1611530045336201","0.1611530045336201","0.17238289704228307","0.17238289704228307","0.17238289704228307","","",""
"1978","0.1627181915319477","0.1627181915319477","0.1627181915319477","0.17115537616741885","0.17115537616741885","0.17115537616741885","","",""
"1979","0.16169644012326537","0.16169644012326537","0.16169644012326537","0.16905683391676277","0.16905683391676277","0.16905683391676277","","",""
"1980","0.16304318203278065","0.16304318203278065","0.16304318203278065","0.1725490303020274","0.1725490303020274","0.1725490303020274","","",""
"1981","0.1633682646213751","0.1633682646213751","0.1633682646213751","0.17410765735578457","0.17410765735578457","0.17410765735578457","","",""
"1982","0.16410038194925403","0.16410038194925403","0.16410038194925403","0.17023002162292802","0.17023002162292802","0.17023002162292802","","",""
"1983","0.16204643941743369","0.16204643941743369","0.16204643941743369","0.17312086752101985","0.17312086752101985","0.17312086752101985","","",""
"1984","0.16386492435745123","0.16386492435745123","0.16386492435745123","0.17121081506204597","0.17121081506204597","0.17121081506204597","","",""
"1985","0.16372035898569196","0.16372035898569196","0.16372035898569196","0.17418665411187542","0.17418665411187542","0.17418665411187542","","",""
"1986","0.16269479201181003","0.16269479201181003","0.16269479201181003","0.1717814822665846","0.1717814822665846","0.1717814822665846","","",""
"1987","0.16063130384141958","0.16063130384141958","0.16063130384141958","0.17163849512623372","0.17163849512623372","0.17163849512623372","","",""
"1988","0.15995947136084662","0.15995947136084662","0.15995947136084662","0.17170517352287007","0.17170517352287007","0.17170517352287007","","",""
"1989","0.1618954228101137","0.1618954228101137","0.1618954228101137","0.16965760875768107","0.16965760875768107","0.16965760875768107","","",""
"1990","0.16085839160932278","0.16085839160932278","0.16085839160932278","0.1730114146639357","0.1730114146639357","0.1730114146639357","","",""
"1991","0.1648415556929004","0.1648415556929004","0.1648415556929004","0.16770639954595015","0.16770639954595015","0.16770639954595015","","",""
"1992","0.16482999162086467","0.16482999162086467","0.16482999162086467","0.17414032005389887","0.17414032005389887","0.17414032005389887","","",""
"1993","0.15940214129461783","0.15940214129461783","0.15940214129461783","0.17106322404633167","0.17106322404633167","0.17106322404633167","","",""
"1994","0.16148490418829897","0.16148490418829897","0.16148490418829897","0.17093775261952335","0.17093775261952335","0.17093775261952335","","",""
"1995","0.16160575015454898","0.16160575015454898","0.16160575015454898","0.1739884698659279","0.1739884698659279","0.1739884698659279","","",""
"1996","0.16197231756825625","0.16197231756825625","0.16197231756825625","0.1701247696778181","0.1701247696778181","0.1701247696778181","","",""
"1997","0.1617395324454071","0.1617395324454071","0.1617395324454071","0.17061518480737523","0.17061518480737523","0.17061518480737523","","",""
"1998","0.15948802525770808","0.15948802525770808","0.15948802525770808","0.1734916094151372","0.1734916094151372","0.1734916094151372","","",""
"1999","0.15937336639115066","0.15937336639115066","0.15937336639115066","0.17220090256454268","0.17220090256454268","0.17220090256454268","","",""
"2000","0.16159006243903007","0.16159006243903007","0.16159006243903007","0.17098977072214339","0.17098977072214339","0.17098977072214339","","",""
"2001","0.16527408003130037","0.16527408003130037","0.16527408003130037","0.17109980927150495","0.17109980927150495","0.17109980927150495","","",""
"2002","0.16240386652908304","0.16240386652908304","0.16240386652908304","0.1731797159322119","0.1731797159322119","0.1731797159322119","","",""
"2003","0.1649956561071185","0.1649956561071185","0.1649956561071185","0.1696135777415011","0.1696135777415011","0.1696135777415011","","",""
"2004","0.16200392055206053","0.16200392055206053","0.16200392055206053","0.1717326197151472","0.1717326197151472","0.1717326197151472","","",""
"2005","0.16003367517104758","0.16003367517104758","0.16003367517104758","0.17196554447024218","0.17196554447024218","0.17196554447024218","","",""
"2006","0.16042917405200688","0.16042917405200688","0.16042917405200688","0.17148854521462856","0.17148854521462856","0.17148854521462856","","",""
"2007","0.15983320868094208","0.15983320868094208","0.15983320868094208","0.1690734642145052","0.1690734642145052","0.1690734642145052","","",""
"2008","0.16228360940698316","0.16228360940698316","0.16228360940698316","0.17144286282735235","0.17144286282735235","0.17144286282735235","","",""
"2009","0.1630040820129431","0.1630040820129431","0.1630040820129431","0.17140637199642697","0.17140637199642697","0.17140637199642697","","",""
"2010","0.16250781185842453","0.16250781185842453","0.16250781185842453","0.17578504406788986","0.17578504406788986","0.17578504406788986","","",""
"2011","0.1590184784779681","0.1590184784779681","0.1590184784779681","0.17373501834985214","0.17373501834985214","0.17373501834985214","","",""
"2012","0.15993691773572785","0.15993691773572785","0.15993691773572785","0.17263192088851573","0.17263192088851573","0.17263192088851573","","",""
"2013","0.16379748422983026","0.16379748422983026","0.16379748422983026","0.17275721852479575","0.17275721852479575","0.17275721852479575","","",""
"2014","0.1614336047213923","0.1614336047213923","0.1614336047213923","0.17184667556550373","0.17184667556550373","0.17184667556550373","","",""
"2015","0.1647209729573185","0.1647209729573185","0.1647209729573185","0.17351359322418117","0.17351359322418117","0.17351359322418117","","",""
"2016","0.16246813874068702","0.16246813874068702","0.16246813874068702","0.17335951358433288","0.17335951358433288","0.17335951358433288","","",""
"2017","0.16239140054132986","0.16239140054132986","0.16239140054132986","0.17070177639642672","0.17070177639642672","0.17070177639642672","","",""
"2018","0.1598586945704912","0.1598586945704912","0.1598586945704912","0.1732370588704232","0.1732370588704232","0.1732370588704232","","",""
"2019","0.16323173244046282","0.16323173244046282","0.16323173244046282","0.17119817563897957","0.17119817563897957","0.17119817563897957","","",""
"2020","0.15866341390146504","0.15866341390146504","0.15866341390146504","0.1734602294462235","0.1734602294462235","0.1734602294462235","","",""
"2021","0.16219034631238083","0.16219034631238083","0.16219034631238083","0.17381280435437585","0.17381280435437585","0.17381280435437585","","",""
"2022","0.15963847743039353","0.15963847743039353","0.15963847743039353","0.1692394590988083","0.1692394590988083","0.1692394590988083","","",""
"2023","0.16444208666512491","0.16444208666512491","0.16444208666512491","0.1728957773391748","0.1728957773391748","0.1728957773391748","","",""
"2024","0.15872475393591937","0.15872475393591937","0.15872475393591937","0.17292495338901248","0.17292495338901248","0.17292495338901248","","",""
"2025","0.1615297196696146","0.1615297196696146","0.1615297196696146","0.17098479749436324","0.17098479749436324","0.17098479749436324","","",""
"2026","0.16492038759055355","0.16492038759055355","0.16492038759055355","0.170966102064854","0.170966102064854","0.170966102064854","","",""
"2027","0.15929874861128007","0.15929874861128007","0.15929874861128007","0.17280996541053914","0.17280996541053914","0.17280996541053914","","",""
"2028","0.16398742991012824","0.16398742991012824","0.16398742991012824","0.17111029142778375","0.17111029142778375","0.17111029142778375","","",""
"2029","0.16103661196966818","0.16103661196966818","0.16103661196966818","0.16923542250586532","0.16923542250586532","0.16923542250586532","","",""
"2030","0.16132633650102898","0.16132633650102898","0.16132633650102898","0.1727885395474252","0.1727885395474252","0.1727885395474252","","",""
"2031","0.16286315726023004","0.16286315726023004","0.16286315726023004","0.16966280954301668","0.16966280954301668","0.16966280954301668","","",""
"2032","0.16107842314381862","0.16107842314381862","0.16107842314381862","0.1700534392942662","0.1700534392942662","0.1700534392942662","","",""
"2033","0.16255672420985784","0.16255672420985784","0.16255672420985784","0.17049375987076973","0.17049375987076973","0.17049375987076973","","",""
"2034","0.15864841742572797","0.15864841742572797","0.15864841742572797","0.16948465865176487","0.16948465865176487","0.16948465865176487","","",""
"2035","0.1628637930511633","0.1628637930511633","0.1628637930511633","0.1712517285096666","0.1712517285096666","0.1712517285096666","","",""
"2036","0.1626130542885618","0.1626130542885618","0.1626130542885618","0.17031601566426957","0.17031601566426957","0.17031601566426957","","",""
"2037","0.1620383741195643","0.1620383741195643","0.1620383741195643","0.17202789608964805","0.17202789608964805","0.17202789608964805","","",""
"2038","0.1643337139554162","0.1643337139554162","0.1643337139554162","0.17408339032041079","0.17408339032041079","0.17408339032041079","","",""
"2039","0.15890474132274798","0.15890474132274798","0.15890474132274798","0.1728834796294837","0.1728834796294837","0.1728834796294837","","",""
"2040","0.16135502790084988","0.16135502790084988","0.16135502790084988","0.17088350540256012","0.17088350540256012","0.17088350540256012","","",""
"2041","0.16286387410231504","0.16286387410231504","0.16286387410231504","0.16732035893445232","0.16732035893445232","0.16732035893445232","","",""
"2042","0.16033112369580604","0.16033112369580604","0.16033112369580604","0.1687463023903648","0.1687463023903648","0.1687463023903648","","",""
"2043","0.1619380093868197","0.1619380093868197","0.1619380093868197","0.1724576655560226","0.1724576655560226","0.1724576655560226","","",""
"2044","0.16352189791361604","0.16352189791361604","0.16352189791361604","0.17558066328327906","0.17558066328327906","0.17558066328327906","","",""
"2045","0.1634479651801856","0.1634479651801856","0.1634479651801856","0.16992300364407695","0.16992300364407695","0.16992300364407695","","",""
"2046","0.1633195293904236","0.1633195293904236","0.1633195293904236","0.17123357337105907","0.17123357337105907","0.17123357337105907","","",""
"2047","0.160500406056448","0.160500406056448","0.160500406056448","0.1717839396722345","0.1717839396722345","0.1717839396722345","","",""
"2048","0.16417023030165637","0.16417023030165637","0.16417023030165637","0.17393165373952893","0.17393165373952893","0.17393165373952893","","",""
"2049","0.16072415111118568","0.16072415111118568","0.16072415111118568","0.1730662729522839","0.1730662729522839","0.1730662729522839","","",""
"2050","0.16183049048305673","0.16183049048305673","0.16183049048305673","0.17104998328150542","0.17104998328150542","0.17104998328150542","","",""
"2051","0.1637891157922855","0.1637891157922855","0.1637891157922855","0.17004032909154398","0.17004032909154398","0.17004032909154398","","",""
"2052","0.16379095908953797","0.16379095908953797","0.16379095908953797","0.17202585302603748","0.17202585302603748","0.17202585302603748","","",""
"2053","0.15867855955508356","0.15867855955508356","0.15867855955508356","0.17113118052041135","0.17113118052041135","0.17113118052041135","","",""
"2054","0.16210424804001383","0.16210424804001383","0.16210424804001383","0.17259628375872313","0.17259628375872313","0.17259628375872313","","",""
"2055","0.15921964363742167","0.15921964363742167","0.15921964363742167","0.1710702516143097","0.1710702516143097","0.1710702516143097","","",""
"2056","0.1639130441666093","0.1639130441666093","0.1639130441666093","0.1727519776675812","0.1727519776675812","0.1727519776675812","","",""
"2057","0.16337114226193214","0.16337114226193214","0.16337114226193214","0.1727154322245643","0.1727154322245643","0.1727154322245643","","",""
"2058","0.1628984151070293","0.1628984151070293","0.1628984151070293","0.17159636189430108","0.17159636189430108","0.17159636189430108","","",""
"2059","0.16317470777661544","0.16317470777661544","0.16317470777661544","0.17262321484534282","0.17262321484534282","0.17262321484534282","","",""
"2060","0.16101305561006996","0.16101305561006996","0.16101305561006996","0.17165851105816635","0.17165851105816635","0.17165851105816635","","",""
"2061","0.1607314570859134","0.1607314570859134","0.1607314570859134","0.17025680869165316","0.17025680869165316","0.17025680869165316","","",""
"2062","0.16108149726868462","0.16108149726868462","0.16108149726868462","0.17307645993463602","0.17307645993463602","0.17307645993463602","","",""
"2063","0.15980396594262522","0.15980396594262522","0.15980396594262522","0.17320610373174403","0.17320610373174403","0.17320610373174403","","",""
"2064","0.16375667225879312","0.16375667225879312","0.16375667225879312","0.1678392676542987","0.1678392676542987","0.1678392676542987","","",""
"2065","0.16095697415498514","0.16095697415498514","0.16095697415498514","0.17345068821659382","0.17345068821659382","0.17345068821659382","","",""
"2066","0.1627382683622365","0.1627382683622365","0.1627382683622365","0.17865272098264448","0.17865272098264448","0.17865272098264448","","",""
"2067","0.16032409419137095","0.16032409419137095","0.16032409419137095","0.17112043309147965","0.17112043309147965","0.17112043309147965","","",""
"2068","0.1601565340194646","0.1601565340194646","0.1601565340194646","0.17150565961324396","0.17150565961324396","0.17150565961324396","","",""
"2069","0.1629811325073405","0.1629811325073405","0.1629811325073405","0.17176344880110564","0.17176344880110564","0.17176344880110564","","",""
"2070","0.15783158498405087","0.15783158498405087","0.15783158498405087","0.17305126517023284","0.17305126517023284","0.17305126517023284","","",""
"2071","0.16198464420885209","0.16198464420885209","0.16198464420885209","0.1702511024110672","0.1702511024110672","0.1702511024110672","","",""
"2072","0.16373697443648116","0.16373697443648116","0.16373697443648116","0.17222429706074904","0.17222429706074904","0.17222429706074904","","",""
"2073","0.16209279986603098","0.16209279986603098","0.16209279986603098","0.1701425389945207","0.1701425389945207","0.1701425389945207","","",""
"2074","0.16365325244460302","0.16365325244460302","0.16365325244460302","0.16922664828011427","0.16922664828011427","0.16922664828011427","","",""
"2075","0.16347941235238672","0.16347941235238672","0.16347941235238672","0.16886386945133455","0.16886386945133455","0.16886386945133455","","",""
"2076","0.16191594711202031","0.16191594711202031","0.16191594711202031","0.17249447330032167","0.17249447330032167","0.17249447330032167","","",""
"2077","0.16064205858979116","0.16064205858979116","0.16064205858979116","0.16903722008209995","0.16903722008209995","0.16903722008209995","","",""
"2078","0.16188666197701906","0.16188666197701906","0.16188666197701906","0.17284751798743103","0.17284751798743103","0.17284751798743103","","",""
"2079","0.16107204602349565","0.16107204602349565","0.16107204602349565","0.17254315076362825","0.17254315076362825","0.17254315076362825","","",""
"2080","0.16255564689435303","0.16255564689435303","0.16255564689435303","0.1711997185205042","0.1711997185205042","0.1711997185205042","","",""
"2081","0.16348815388603694","0.16348815388603694","0.16348815388603694","0.17520135454029606","0.17520135454029606","0.17520135454029606","","",""
"2082","0.16105286192530907","0.16105286192530907","0.16105286192530907","0.17136489275550493","0.17136489275550493","0.17136489275550493","","",""
"2083","0.16219229889719153","0.16219229889719153","0.16219229889719153","0.17016254925099217","0.17016254925099217","0.17016254925099217","","",""
"2084","0.15988049058648077","0.15988049058648077","0.15988049058648077","0.17563831462450663","0.17563831462450663","0.17563831462450663","","",""
"2085","0.16199050567033416","0.16199050567033416","0.16199050567033416","0.17125789343074715","0.17125789343074715","0.17125789343074715","","",""
"2086","0.1619353416597194","0.1619353416597194","0.1619353416597194","0.17253177921309437","0.17253177921309437","0.17253177921309437","","",""
"2087","0.16124487254890663","0.16124487254890663","0.16124487254890663","0.16978229160321356","0.16978229160321356","0.16978229160321356","","",""
"2088","0.1613981015807674","0.1613981015807674","0.1613981015807674","0.17220537032486583","0.17220537032486583","0.17220537032486583","","",""
"2089","0.15941900879165452","0.15941900879165452","0.15941900879165452","0.16980794840187086","0.16980794840187086","0.16980794840187086","","",""
"2090","0.1634702703560053","0.1634702703560053","0.1634702703560053","0.17071808332258087","0.17071808332258087","0.17071808332258087","","",""
"2091","0.16304883473507958","0.16304883473507958","0.16304883473507958","0.17170757536349238","0.17170757536349238","0.17170757536349238","","",""
"2092","0.1606765671063911","0.1606765671063911","0.1606765671063911","0.17024843973833328","0.17024843973833328","0.17024843973833328","","",""
"2093","0.1622180875004361","0.1622180875004361","0.1622180875004361","0.17262992481778663","0.17262992481778663","0.17262992481778663","","",""
"2094","0.15996330484008658","0.15996330484008658","0.15996330484008658","0.16923386559795495","0.16923386559795495","0.16923386559795495","","",""
"2095","0.16242755737335668","0.16242755737335668","0.16242755737335668","0.16772724830920305","0.16772724830920305","0.16772724830920305","","",""
"2096","0.1615909162380844","0.1615909162380844","0.1615909162380844","0.16938189008083124","0.16938189008083124","0.16938189008083124","","",""
"2097","0.1581908766655312","0.1581908766655312","0.1581908766655312","0.16984548682675907","0.16984548682675907","0.16984548682675907","","",""
"2098","0.16199624022970832","0.16199624022970832","0.16199624022970832","0.17097084476891367","0.17097084476891367","0.17097084476891367","","",""
"2099","0.1646417202844417","0.1646417202844417","0.1646417202844417","0.17311406784966624","0.17311406784966624","0.17311406784966624","","",""
"2100","0.16074502345273642","0.16074502345273642","0.16074502345273642","0.17295017277075966","0.17295017277075966","0.17295017277075966","","",""
"2101","0.16349451156010217","0.16349451156010217","0.16349451156010217","0.1746954858249087","0.1746954858249087","0.1746954858249087","","",""
"2102","0.1608733318037564","0.1608733318037564","0.1608733318037564","0.1691515898894619","0.1691515898894619","0.1691515898894619","","",""
"2103","0.16158506574952683","0.16158506574952683","0.16158506574952683","0.17175418930945055","0.17175418930945055","0.17175418930945055","","",""
"2104","0.15978615962328876","0.15978615962328876","0.15978615962328876","0.17337082616439822","0.17337082616439822","0.17337082616439822","","",""
"2105","0.1624736543243106","0.1624736543243106","0.1624736543243106","0.17071622832977354","0.17071622832977354","0.17071622832977354","","",""
"2106","0.16420648494950396","0.16420648494950396","0.16420648494950396","0.1705876316084807","0.1705876316084807","0.1705876316084807","","",""
"2107","0.1617269373486612","0.1617269373486612","0.1617269373486612","0.17473476200653917","0.17473476200653917","0.17473476200653917","","",""
"2108","0.16124299783730525","0.16124299783730525","0.16124299783730525","0.16927373183490024","0.16927373183490024","0.16927373183490024","","",""
"2109","0.16322292599042304","0.16322292599042304","0.16322292599042304","0.17205834740051298","0.17205834740051298","0.17205834740051298","","",""
"2110","0.15956523196434555","0.15956523196434555","0.15956523196434555","0.17250048542158733","0.17250048542158733","0.17250048542158733","","",""
"2111","0.16292695080500025","0.16292695080500025","0.16292695080500025","0.1700988562985767","0.1700988562985767","0.1700988562985767","","",""
"2112","0.1628486861731185","0.1628486861731185","0.1628486861731185","0.1711532390858523","0.1711532390858523","0.1711532390858523","","",""
"2113","0.15989095586414281","0.15989095586414281","0.15989095586414281","0.17357185407897632","0.17357185407897632","0.17357185407897632","","",""
"2114","0.1588137381252457","0.1588137381252457","0.1588137381252457","0.1719849764400941","0.1719849764400941","0.1719849764400941","","",""
"2115","0.16425882912842507","0.16425882912842507","0.16425882912842507","0.1707030336715243","0.1707030336715243","0.1707030336715243","","",""
"2116","0.16441840448723766","0.16441840448723766","0.16441840448723766","0.16829383385769744","0.16829383385769744","0.16829383385769744","","",""
"2117","0.1617246180553165","0.1617246180553165","0.1617246180553165","0.17182061693233106","0.17182061693233106","0.17182061693233106","","",""
"2118","0.16155352227369987","0.16155352227369987","0.16155352227369987","0.17356060982246255","0.17356060982246255","0.17356060982246255","","",""
"2119","0.1619592155515437","0.1619592155515437","0.1619592155515437","0.17252860892229113","0.17252860892229113","0.17252860892229113","","",""
"2120","0.16290273318147505","0.16290273318147505","0.16290273318147505","0.16991572348566175","0.16991572348566175","0.16991572348566175","","",""
"2121","0.16100983748367106","0.16100983748367106","0.16100983748367106","0.17065537493065908","0.17065537493065908","0.17065537493065908","","",""
"2122","0.16305492398263619","0.16305492398263619","0.16305492398263619","0.1713036893601625","0.1713036893601625","0.1713036893601625","","",""
"2123","0.16070246186586876","0.16070246186586876","0.16070246186586876","0.16952320153259595","0.16952320153259595","0.16952320153259595","","",""
"2124","0.16144624842078956","0.16144624842078956","0.16144624842078956","0.1690828415564527","0.1690828415564527","0.1690828415564527","","",""
"2125","0.16159074170016666","0.16159074170016666","0.16159074170016666","0.16901921999013444","0.16901921999013444","0.16901921999013444","","",""
"2126","0.15973093270100372","0.15973093270100372","0.15973093270100372","0.16876403366835657","0.16876403366835657","0.16876403366835657","","",""
"2127","0.1610977559664101","0.1610977559664101","0.1610977559664101","0.16994306073339593","0.16994306073339593","0.16994306073339593","","",""
"2128","0.16265385476609587","0.16265385476609587","0.16265385476609587","0.17035307224647292","0.17035307224647292","0.17035307224647292","","",""
"2129","0.16033741100817306","0.16033741100817306","0.16033741100817306","0.17141700663118176","0.17141700663118176","0.17141700663118176","","",""
"2130","0.16044914190494067","0.16044914190494067","0.16044914190494067","0.17052277434632268","0.17052277434632268","0.17052277434632268","","",""
"2131","0.16035110185469556","0.16035110185469556","0.16035110185469556","0.17037977961379513","0.17037977961379513","0.17037977961379513","","",""
"2132","0.16289540744268502","0.16289540744268502","0.16289540744268502","0.17453196699759813","0.17453196699759813","0.17453196699759813","","",""
"2133","0.15760142360711862","0.15760142360711862","0.15760142360711862","0.16960596605104805","0.16960596605104805","0.16960596605104805","","",""
"2134","0.1616732529177248","0.1616732529177248","0.1616732529177248","0.17034165443645952","0.17034165443645952","0.17034165443645952","","",""
"2135","0.1646198302200335","0.1646198302200335","0.1646198302200335","0.17136100955765218","0.17136100955765218","0.17136100955765218","","",""
"2136","0.16063322069567632","0.16063322069567632","0.16063322069567632","0.17060109907743393","0.17060109907743393","0.17060109907743393","","",""
"2137","0.16095741597040475","0.16095741597040475","0.16095741597040475","0.17134886429307802","0.17134886429307802","0.17134886429307802","","",""
"2138","0.1609520120989604","0.1609520120989604","0.1609520120989604","0.16940356692440783","0.16940356692440783","0.16940356692440783","","",""
"2139","0.16167799241342176","0.16167799241342176","0.16167799241342176","0.17128543438309174","0.17128543438309174","0.17128543438309174","","",""
"2140","0.1611998960802998","0.1611998960802998","0.1611998960802998","0.1717569089166784","0.1717569089166784","0.1717569089166784","","",""
"2141","0.16330202470385488","0.16330202470385488","0.16330202470385488","0.17025554586274352","0.17025554586274352","0.17025554586274352","","",""
"2142","0.1605111067424039","0.1605111067424039","0.1605111067424039","0.1703122482032471","0.1703122482032471","0.1703122482032471","","",""
"2143","0.1664551284694572","0.1664551284694572","0.1664551284694572","0.17136094213686567","0.17136094213686567","0.17136094213686567","","",""
"2144","0.1639659281749152","0.1639659281749152","0.1639659281749152","0.17082001364660473","0.17082001364660473","0.17082001364660473","","",""
"2145","0.1599646665574013","0.1599646665574013","0.1599646665574013","0.1706303874108033","0.1706303874108033","0.1706303874108033","","",""
"2146","0.15956206642828175","0.15956206642828175","0.15956206642828175","0.168855791730686","0.168855791730686","0.168855791730686","","",""
"2147","0.15907932170349307","0.15907932170349307","0.15907932170349307","0.17093519088646633","0.17093519088646633","0.17093519088646633","","",""
"2148","0.16062716596059853","0.16062716596059853","0.16062716596059853","0.1724649293771269","0.1724649293771269","0.1724649293771269","","",""
"2149","0.1608531414037064","0.1608531414037064","0.1608531414037064","0.1705939175857832","0.1705939175857832","0.1705939175857832","","",""
"2150","0.16062195426339823","0.16062195426339823","0.16062195426339823","0.1716294998335793","0.1716294998335793","0.1716294998335793","","",""
"2151","0.16108955099258115","0.16108955099258115","0.16108955099258115","0.1661248820767388","0.1661248820767388","0.1661248820767388","","",""
"2152","0.16023653489443168","0.16023653489443168","0.16023653489443168","0.17460037397443942","0.17460037397443942","0.17460037397443942","","",""
"2153","0.1601079945372836","0.1601079945372836","0.1601079945372836","0.1712723622543609","0.1712723622543609","0.1712723622543609","","",""
"2154","0.16174837929717978","0.16174837929717978","0.16174837929717978","0.1720264632155495","0.1720264632155495","0.1720264632155495","","",""
"2155","0.1607558834578082","0.1607558834578082","0.1607558834578082","0.1700235293080212","0.1700235293080212","0.1700235293080212","","",""
"2156","0.162774248331233","0.162774248331233","0.162774248331233","0.16880371800302593","0.16880371800302593","0.16880371800302593","","",""
"2157","0.16160637972862113","0.16160637972862113","0.16160637972862113","0.17178146239813974","0.17178146239813974","0.17178146239813974","","",""
"2158","0.16527395833635147","0.16527395833635147","0.16527395833635147","0.16956706613884262","0.16956706613884262","0.16956706613884262","","",""
"2159","0.16100072415626918","0.16100072415626918","0.16100072415626918","0.16822348304792908","0.16822348304792908","0.16822348304792908","","",""
"2160","0.16109776558323244","0.16109776558323244","0.16109776558323244","0.17294670156605763","0.17294670156605763","0.17294670156605763","","",""
"2161","0.16096404060005168","0.16096404060005168","0.16096404060005168","0.17145187045819407","0.17145187045819407","0.17145187045819407","","",""
"2162","0.160585906910719","0.160585906910719","0.160585906910719","0.17363796554829022","0.17363796554829022","0.17363796554829022","","",""
"2163","0.16337590932899074","0.16337590932899074","0.16337590932899074","0.17216451210229913","0.17216451210229913","0.17216451210229913","","",""
"2164","0.16205458153200888","0.16205458153200888","0.16205458153200888","0.17104761161949797","0.17104761161949797","0.17104761161949797","","",""
"2165","0.1619744382566757","0.1619744382566757","0.1619744382566757","0.17117807437048152","0.17117807437048152","0.17117807437048152","","",""
"2166","0.1605573068475322","0.1605573068475322","0.1605573068475322","0.17435337009029672","0.17435337009029672","0.17435337009029672","","",""
"2167","0.16042100071162937","0.16042100071162937","0.16042100071162937","0.17144225484042577","0.17144225484042577","0.17144225484042577","","",""
"2168","0.16226364493597287","0.16226364493597287","0.16226364493597287","0.16835703545014694","0.16835703545014694","0.16835703545014694","","",""
"2169","0.16254156986610493","0.16254156986610493","0.16254156986610493","0.17225108891380062","0.17225108891380062","0.17225108891380062","","",""
"2170","0.16053930753232126","0.16053930753232126","0.16053930753232126","0.1720604840442731","0.1720604840442731","0.1720604840442731","","",""
"2171","0.16202257873854975","0.16202257873854975","0.16202257873854975","0.17158828441088936","0.17158828441088936","0.17158828441088936","","",""
"2172","0.16133883651562228","0.16133883651562228","0.16133883651562228","0.17057874952601892","0.17057874952601892","0.17057874952601892","","",""
"2173","0.1638665631729506","0.1638665631729506","0.1638665631729506","0.1668067990002334","0.1668067990002334","0.1668067990002334","","",""
"2174","0.16254494685948787","0.16254494685948787","0.16254494685948787","0.16951035079627375","0.16951035079627375","0.16951035079627375","","",""
"2175","0.16305461341670707","0.16305461341670707","0.16305461341670707","0.1692263496233155","0.1692263496233155","0.1692263496233155","","",""
"2176","0.1607032320275715","0.1607032320275715","0.1607032320275715","0.17114311916616717","0.17114311916616717","0.17114311916616717","","",""
"2177","0.16300855693417762","0.16300855693417762","0.16300855693417762","0.1684664826115098","0.1684664826115098","0.1684664826115098","","",""
"2178","0.16318718337084873","0.16318718337084873","0.16318718337084873","0.17093864509676426","0.17093864509676426","0.17093864509676426","","",""
"2179","0.16259263547154787","0.16259263547154787","0.16259263547154787","0.17075967245399604","0.17075967245399604","0.17075967245399604","","",""
"2180","0.16180220687231575","0.16180220687231575","0.16180220687231575","0.17092835567501016","0.17092835567501016","0.17092835567501016","","",""
"2181","0.1624905139251283","0.1624905139251283","0.1624905139251283","0.17432254891621599","0.17432254891621599","0.17432254891621599","","",""
"2182","0.15933322849107634","0.15933322849107634","0.15933322849107634","0.1726506504092804","0.1726506504092804","0.1726506504092804","","",""
"2183","0.1610899498087814","0.1610899498087814","0.1610899498087814","0.16852565589710267","0.16852565589710267","0.16852565589710267","","",""
"2184","0.15766342221095828","0.15766342221095828","0.15766342221095828","0.16659491911867041","0.16659491911867041","0.16659491911867041","","",""
"2185","0.16135741010080992","0.16135741010080992","0.16135741010080992","0.17112159187805034","0.17112159187805034","0.17112159187805034","","",""
"2186","0.16175101292097155","0.16175101292097155","0.16175101292097155","0.16750979849217526","0.16750979849217526","0.16750979849217526","","",""
"2187","0.16329650571817697","0.16329650571817697","0.16329650571817697","0.16604312361420984","0.16604312361420984","0.16604312361420984","","",""
"2188","0.16113377450599498","0.16113377450599498","0.16113377450599498","0.1697125028909295","0.1697125028909295","0.1697125028909295","","",""
"2189","0.16148371641181744","0.16148371641181744","0.16148371641181744","0.17142910484284876","0.17142910484284876","0.17142910484284876","","",""
"2190","0.1597292200006089","0.1597292200006089","0.1597292200006089","0.17045341998416677","0.17045341998416677","0.17045341998416677","","",""
"2191","0.16157988133157483","0.16157988133157483","0.16157988133157483","0.170091045808249","0.170091045808249","0.170091045808249","","",""
"2192","0.16086301586667595","0.16086301586667595","0.16086301586667595","0.1694889446080723","0.1694889446080723","0.1694889446080723","","",""
"2193","0.16307069764123872","0.16307069764123872","0.16307069764123872","0.16334281435023493","0.16334281435023493","0.16334281435023493","","",""
"2194","0.16130042366797911","0.16130042366797911","0.16130042366797911","0.1720127042530356","0.1720127042530356","0.1720127042530356","","",""
"2195","0.16120200142927904","0.16120200142927904","0.16120200142927904","0.17193657474997007","0.17193657474997007","0.17193657474997007","","",""
"2196","0.1606152838519477","0.1606152838519477","0.1606152838519477","0.17221301039647297","0.17221301039647297","0.17221301039647297","","",""
"2197","0.162170647109148","0.162170647109148","0.162170647109148","0.17149841475427588","0.17149841475427588","0.17149841475427588","","",""
"2198","0.16095239630682817","0.16095239630682817","0.16095239630682817","0.16898264003323327","0.16898264003323327","0.16898264003323327","","",""
"2199","0.16414013373318306","0.16414013373318306","0.16414013373318306","0.17043159154686494","0.17043159154686494","0.17043159154686494","","",""
"2200","0.16092007496546154","0.16092007496546154","0.16092007496546154","0.17377319416935177","0.17377319416935177","0.17377319416935177","","",""
"2201","0.16010803834227136","0.16010803834227136","0.16010803834227136","0.16968942118253463","0.16968942118253463","0.16968942118253463","","",""
"2202","0.1646953167807177","0.1646953167807177","0.1646953167807177","0.17376309877737509","0.17376309877737509","0.17376309877737509","","",""
"2203","0.15669331056279046","0.15669331056279046","0.15669331056279046","0.17149759003489198","0.17149759003489198","0.17149759003489198","","",""
"2204","0.1603419349359557","0.1603419349359557","0.1603419349359557","0.1704164363459052","0.1704164363459052","0.1704164363459052","","",""
"2205","0.1643529587335208","0.1643529587335208","0.1643529587335208","0.17291661810125433","0.17291661810125433","0.17291661810125433","","",""
"2206","0.16390686468424268","0.16390686468424268","0.16390686468424268","0.1718559142334887","0.1718559142334887","0.1718559142334887","","",""
"2207","0.16205140402975343","0.16205140402975343","0.16205140402975343","0.17038167584725927","0.17038167584725927","0.17038167584725927","","",""
"2208","0.16288087850434266","0.16288087850434266","0.16288087850434266","0.17163991528741504","0.17163991528741504","0.17163991528741504","","",""
"2209","0.16313687286315423","0.16313687286315423","0.16313687286315423","0.17185813867763486","0.17185813867763486","0.17185813867763486","","",""
"2210","0.16001103254994867","0.16001103254994867","0.16001103254994867","0.16915501139212252","0.16915501139212252","0.16915501139212252","","",""
"2211","0.1614246902329903","0.1614246902329903","0.1614246902329903","0.17282961952926024","0.17282961952926024","0.17282961952926024","","",""
"2212","0.1603909917062846","0.1603909917062846","0.1603909917062846","0.17087770679887493","0.17087770679887493","0.17087770679887493","","",""
"2213","0.15880266551751646","0.15880266551751646","0.15880266551751646","0.16990529923414843","0.16990529923414843","0.16990529923414843","","",""
"2214","0.15836312342201567","0.15836312342201567","0.15836312342201567","0.1744974017074519","0.1744974017074519","0.1744974017074519","","",""
"2215","0.16257520580966509","0.16257520580966509","0.16257520580966509","0.17167204148043935","0.17167204148043935","0.17167204148043935","","",""
"2216","0.1578561795098941","0.1578561795098941","0.1578561795098941","0.16838177010024794","0.16838177010024794","0.16838177010024794","","",""
"2217","0.16050458501370665","0.16050458501370665","0.16050458501370665","0.16743718128037455","0.16743718128037455","0.16743718128037455","","",""
"2218","0.16313792587126633","0.16313792587126633","0.16313792587126633","0.17291427133622217","0.17291427133622217","0.17291427133622217","","",""
"2219","0.1644580645044346","0.1644580645044346","0.1644580645044346","0.17116482347657339","0.17116482347657339","0.17116482347657339","","",""
"2220","0.1631025087191019","0.1631025087191019","0.1631025087191019","0.17262381487632883","0.17262381487632883","0.17262381487632883","","",""
"2221","0.164699871587631","0.164699871587631","0.164699871587631","0.16942069811688362","0.16942069811688362","0.16942069811688362","","",""
"2222","0.16029742321360807","0.16029742321360807","0.16029742321360807","0.16936396950490915","0.16936396950490915","0.16936396950490915","","",""
"2223","0.1636056596393014","0.1636056596393014","0.1636056596393014","0.17286303788806046","0.17286303788806046","0.17286303788806046","","",""
"2224","0.16050428067532085","0.16050428067532085","0.16050428067532085","0.17290438833074395","0.17290438833074395","0.17290438833074395","","",""
"2225","0.16216665448794365","0.16216665448794365","0.16216665448794365","0.1683946837680648","0.1683946837680648","0.1683946837680648","","",""
"2226","0.16108750527560262","0.16108750527560262","0.16108750527560262","0.1708529444311292","0.1708529444311292","0.1708529444311292","","",""
"2227","0.16202528767502253","0.16202528767502253","0.16202528767502253","0.17125514952763124","0.17125514952763124","0.17125514952763124","","",""
"2228","0.16061183674925825","0.16061183674925825","0.16061183674925825","0.17133498284275958","0.17133498284275958","0.17133498284275958","","",""
"2229","0.1632638962128207","0.1632638962128207","0.1632638962128207","0.16711745089538585","0.16711745089538585","0.16711745089538585","","",""
"2230","0.1569136506642771","0.1569136506642771","0.1569136506642771","0.17074918412906928","0.17074918412906928","0.17074918412906928","","",""
"2231","0.16433809079496567","0.16433809079496567","0.16433809079496567","0.16937877798273712","0.16937877798273712","0.16937877798273712","","",""
"2232","0.15985487412649016","0.15985487412649016","0.15985487412649016","0.16982171806778643","0.16982171806778643","0.16982171806778643","","",""
"2233","0.1607929250106139","0.1607929250106139","0.1607929250106139","0.17075187232082054","0.17075187232082054","0.17075187232082054","","",""
"2234","0.16329527980661374","0.16329527980661374","0.16329527980661374","0.16933531387678943","0.16933531387678943","0.16933531387678943","","",""
"2235","0.1604057570486506","0.1604057570486506","0.1604057570486506","0.16988011868900596","0.16988011868900596","0.16988011868900596","","",""
"2236","0.16319455719662052","0.16319455719662052","0.16319455719662052","0.17055832844652327","0.17055832844652327","0.17055832844652327","","",""
"2237","0.16086588714918335","0.16086588714918335","0.16086588714918335","0.17463655998954153","0.17463655998954153","0.17463655998954153","","",""
"2238","0.1601540529743469","0.1601540529743469","0.1601540529743469","0.16872769656624564","0.16872769656624564","0.16872769656624564","","",""
"2239","0.1608095794245503","0.1608095794245503","0.1608095794245503","0.16820611710892533","0.16820611710892533","0.16820611710892533","","",""
"2240","0.15893419530831723","0.15893419530831723","0.15893419530831723","0.1683788475186071","0.1683788475186071","0.1683788475186071","","",""
"2241","0.1631637713193366","0.1631637713193366","0.1631637713193366","0.1703714779898763","0.1703714779898763","0.1703714779898763","","",""
"2242","0.15934075999206018","0.15934075999206018","0.15934075999206018","0.16775377013631432","0.16775377013631432","0.16775377013631432","","",""
"2243","0.16084258704165486","0.16084258704165486","0.16084258704165486","0.1694910054626775","0.1694910054626775","0.1694910054626775","","",""
"2244","0.16412693722418223","0.16412693722418223","0.16412693722418223","0.17509067030688105","0.17509067030688105","0.17509067030688105","","",""
"2245","0.1600135967312302","0.1600135967312302","0.1600135967312302","0.1692498253645592","0.1692498253645592","0.1692498253645592","","",""
"2246","0.1615756648663981","0.1615756648663981","0.1615756648663981","0.17177653837841403","0.17177653837841403","0.17177653837841403","","",""
"2247","0.16247397592683657","0.16247397592683657","0.16247397592683657","0.1689174406895779","0.1689174406895779","0.1689174406895779","","",""
"2248","0.1622473427704982","0.1622473427704982","0.1622473427704982","0.16866352263564124","0.16866352263564124","0.16866352263564124","","",""
"2249","0.1633321707351943","0.1633321707351943","0.1633321707351943","0.1729034349906986","0.1729034349906986","0.1729034349906986","","",""
"2250","0.16211147919160945","0.16211147919160945","0.16211147919160945","0.1735855348998374","0.1735855348998374","0.1735855348998374","","",""
"2251","0.16147940030433142","0.16147940030433142","0.16147940030433142","0.17156446056940763","0.17156446056940763","0.17156446056940763","","",""
"2252","0.1630242015982919","0.1630242015982919","0.1630242015982919","0.17019602152622396","0.17019602152622396","0.17019602152622396","","",""
"2253","0.15905470565902874","0.15905470565902874","0.15905470565902874","0.17031003226996658","0.17031003226996658","0.17031003226996658","","",""
"2254","0.16256970785244332","0.16256970785244332","0.16256970785244332","0.17016271812377745","0.17016271812377745","0.17016271812377745","","",""
"2255","0.16239971807331197","0.16239971807331197","0.16239971807331197","0.17117352021248966","0.17117352021248966","0.17117352021248966","","",""
"2256","0.1632497245346835","0.1632497245346835","0.1632497245346835","0.1727473362988241","0.1727473362988241","0.1727473362988241","","",""
"2257","0.16054306496820975","0.16054306496820975","0.16054306496820975","0.1700859767214331","0.1700859767214331","0.1700859767214331","","",""
"2258","0.1632597703197345","0.1632597703197345","0.1632597703197345","0.16938090520074553","0.16938090520074553","0.16938090520074553","","",""
"2259","0.16023960006431168","0.16023960006431168","0.16023960006431168","0.16951719289946676","0.16951719289946676","0.16951719289946676","","",""
"2260","0.16075909056025015","0.16075909056025015","0.16075909056025015","0.17251143210772216","0.17251143210772216","0.17251143210772216","","",""
"2261","0.16334063862664663","0.16334063862664663","0.16334063862664663","0.16828015573254396","0.16828015573254396","0.16828015573254396","","",""
"2262","0.16318807792876958","0.16318807792876958","0.16318807792876958","0.16924603167526506","0.16924603167526506","0.16924603167526506","","",""
"2263","0.1607384530054681","0.1607384530054681","0.1607384530054681","0.1712245715653062","0.1712245715653062","0.1712245715653062","","",""
"2264","0.1622086681647546","0.1622086681647546","0.1622086681647546","0.1730250485829303","0.1730250485829303","0.1730250485829303","","",""
"2265","0.16320403256014257","0.16320403256014257","0.16320403256014257","0.1727341527045367","0.1727341527045367","0.1727341527045367","","",""
"2266","0.16479791089641105","0.16479791089641105","0.16479791089641105","0.17092906656491894","0.17092906656491894","0.17092906656491894","","",""
"2267","0.16385394108324886","0.16385394108324886","0.16385394108324886","0.16994994294768437","0.16994994294768437","0.16994994294768437","","",""
"2268","0.15986974689609995","0.15986974689609995","0.15986974689609995","0.16982167355999614","0.16982167355999614","0.16982167355999614","","",""
"2269","0.16353584825791376","0.16353584825791376","0.16353584825791376","0.17226714952151845","0.17226714952151845","0.17226714952151845","","",""
"2270","0.1620487605057023","0.1620487605057023","0.1620487605057023","0.16892665789627817","0.16892665789627817","0.16892665789627817","","",""
"2271","0.16180953160914655","0.16180953160914655","0.16180953160914655","0.17210118717100098","0.17210118717100098","0.17210118717100098","","",""
"2272","0.16176687025664802","0.16176687025664802","0.16176687025664802","0.17377380498244532","0.17377380498244532","0.17377380498244532","","",""
"2273","0.16154865913685404","0.16154865913685404","0.16154865913685404","0.1748389422741373","0.1748389422741373","0.1748389422741373","","",""
"2274","0.16438694180487004","0.16438694180487004","0.16438694180487004","0.16873448991797593","0.16873448991797593","0.16873448991797593","","",""
"2275","0.16260324511286053","0.16260324511286053","0.16260324511286053","0.16893654079581555","0.16893654079581555","0.16893654079581555","","",""
"2276","0.16199705381705073","0.16199705381705073","0.16199705381705073","0.16908017770271377","0.16908017770271377","0.16908017770271377","","",""
"2277","0.15907939324781925","0.15907939324781925","0.15907939324781925","0.17431436747981313","0.17431436747981313","0.17431436747981313","","",""
"2278","0.16220512777470109","0.16220512777470109","0.16220512777470109","0.1689576770569827","0.1689576770569827","0.1689576770569827","","",""
"2279","0.16087720981770512","0.16087720981770512","0.16087720981770512","0.17042046312443318","0.17042046312443318","0.17042046312443318","","",""
"2280","0.16268708819769517","0.16268708819769517","0.16268708819769517","0.1662318412198985","0.1662318412198985","0.1662318412198985","","",""
"2281","0.15957140037494097","0.15957140037494097","0.15957140037494097","0.1695636116301816","0.1695636116301816","0.1695636116301816","","",""
"2282","0.15891582359143352","0.15891582359143352","0.15891582359143352","0.17548700058757213","0.17548700058757213","0.17548700058757213","","",""
"2283","0.16220510841809685","0.16220510841809685","0.16220510841809685","0.16830170680522358","0.16830170680522358","0.16830170680522358","","",""
"2284","0.16044303835387416","0.16044303835387416","0.16044303835387416","0.16776517398557922","0.16776517398557922","0.16776517398557922","","",""
"2285","0.15972627780823723","0.15972627780823723","0.15972627780823723","0.1693904968714602","0.1693904968714602","0.1693904968714602","","",""
"2286","0.16195777166795852","0.16195777166795852","0.16195777166795852","0.16933790108494554","0.16933790108494554","0.16933790108494554","","",""
"2287","0.1616146758735856","0.1616146758735856","0.1616146758735856","0.17052325615082556","0.17052325615082556","0.17052325615082556","","",""
"2288","0.16232471571832366","0.16232471571832366","0.16232471571832366","0.1721892072839097","0.1721892072839097","0.1721892072839097","","",""
"2289","0.1594298837863952","0.1594298837863952","0.1594298837863952","0.1709684938961532","0.1709684938961532","0.1709684938961532","","",""
"2290","0.1606316507875157","0.1606316507875157","0.1606316507875157","0.1698547325900981","0.1698547325900981","0.1698547325900981","","",""
"2291","0.15912725985919543","0.15912725985919543","0.15912725985919543","0.1718498803386863","0.1718498803386863","0.1718498803386863","","",""
"2292","0.15859838799370482","0.15859838799370482","0.15859838799370482","0.16699120752075336","0.16699120752075336","0.16699120752075336","","",""
"2293","0.16191300092817293","0.16191300092817293","0.16191300092817293","0.16886018301422476","0.16886018301422476","0.16886018301422476","","",""
"2294","0.16025462566916646","0.16025462566916646","0.16025462566916646","0.16863383494793052","0.16863383494793052","0.16863383494793052","","",""
"2295","0.1657386807374899","0.1657386807374899","0.1657386807374899","0.166861579526648","0.166861579526648","0.166861579526648","","",""
"2296","0.15848096405628737","0.15848096405628737","0.15848096405628737","0.16991032613785384","0.16991032613785384","0.16991032613785384","","",""
"2297","0.16413284023957808","0.16413284023957808","0.16413284023957808","0.17215077677025548","0.17215077677025548","0.17215077677025548","","",""
"2298","0.1626813767097929","0.1626813767097929","0.1626813767097929","0.17114995282537682","0.17114995282537682","0.17114995282537682","","",""
"2299","0.16357663526949523","0.16357663526949523","0.16357663526949523","0.17155237291809267","0.17155237291809267","0.17155237291809267","","",""
"2300","0.16063510906058356","0.16063510906058356","0.16063510906058356","0.1696996277435209","0.1696996277435209","0.1696996277435209","","",""
"2301","0.1609346035400288","0.1609346035400288","0.1609346035400288","0.17151277925583033","0.17151277925583033","0.17151277925583033","","",""
"2302","0.16364924189983987","0.16364924189983987","0.16364924189983987","0.1713024902647967","0.1713024902647967","0.1713024902647967","","",""
"2303","0.16383228277155676","0.16383228277155676","0.16383228277155676","0.17027661747796838","0.17027661747796838","0.17027661747796838","","",""
"2304","0.1618349067689028","0.1618349067689028","0.1618349067689028","0.170585498640873","0.170585498640873","0.170585498640873","","",""
"2305","0.16316072593570863","0.16316072593570863","0.16316072593570863","0.1709852040313492","0.1709852040313492","0.1709852040313492","","",""
"2306","0.15815367190917762","0.15815367190917762","0.15815367190917762","0.1694730177315326","0.1694730177315326","0.1694730177315326","","",""
"2307","0.16081174786698685","0.16081174786698685","0.16081174786698685","0.1705405304945403","0.1705405304945403","0.1705405304945403","","",""
"2308","0.1650792534661161","0.1650792534661161","0.1650792534661161","0.1658054800461545","0.1658054800461545","0.1658054800461545","","",""
"2309","0.15977899104340132","0.15977899104340132","0.15977899104340132","0.17044152708811025","0.17044152708811025","0.17044152708811025","","",""
"2310","0.15937917646940827","0.15937917646940827","0.15937917646940827","0.1705356014661545","0.1705356014661545","0.1705356014661545","","",""
"2311","0.16191359943119638","0.16191359943119638","0.16191359943119638","0.16984365546314198","0.16984365546314198","0.16984365546314198","","",""
"2312","0.1602745182464265","0.1602745182464265","0.1602745182464265","0.16731658802034918","0.16731658802034918","0.16731658802034918","","",""
"2313","0.16075376885707127","0.16075376885707127","0.16075376885707127","0.17264997912223753","0.17264997912223753","0.17264997912223753","","",""
"2314","0.16458242156738842","0.16458242156738842","0.16458242156738842","0.16745894544574455","0.16745894544574455","0.16745894544574455","","",""
"2315","0.16290830716200858","0.16290830716200858","0.16290830716200858","0.17004836009444624","0.17004836009444624","0.17004836009444624","","",""
"2316","0.1616139529502153","0.1616139529502153","0.1616139529502153","0.16858166739388844","0.16858166739388844","0.16858166739388844","","",""
"2317","0.1599629487997016","0.1599629487997016","0.1599629487997016","0.1695276251767924","0.1695276251767924","0.1695276251767924","","",""
"2318","0.16273173944058075","0.16273173944058075","0.16273173944058075","0.16762824854386413","0.16762824854386413","0.16762824854386413","","",""
"2319","0.16388310263780992","0.16388310263780992","0.16388310263780992","0.17017538529826973","0.17017538529826973","0.17017538529826973","","",""
"2320","0.1617923735622313","0.1617923735622313","0.1617923735622313","0.1721036756186408","0.1721036756186408","0.1721036756186408","","",""
"2321","0.1593524840747933","0.1593524840747933","0.1593524840747933","0.16963204692262313","0.16963204692262313","0.16963204692262313","","",""
"2322","0.16205297865373364","0.16205297865373364","0.16205297865373364","0.17049371561369966","0.17049371561369966","0.17049371561369966","","",""
"2323","0.1604381635325242","0.1604381635325242","0.1604381635325242","0.17124161102348276","0.17124161102348276","0.17124161102348276","","",""
"2324","0.16160726141927054","0.16160726141927054","0.16160726141927054","0.16953089818948683","0.16953089818948683","0.16953089818948683","","",""
"2325","0.16212025001266459","0.16212025001266459","0.16212025001266459","0.16690535733765108","0.16690535733765108","0.16690535733765108","","",""
"2326","0.15762462615735648","0.15762462615735648","0.15762462615735648","0.16940851458287298","0.16940851458287298","0.16940851458287298","","",""
"2327","0.16287724794520886","0.16287724794520886","0.16287724794520886","0.17008937266521962","0.17008937266521962","0.17008937266521962","","",""
"2328","0.16066954118209523","0.16066954118209523","0.16066954118209523","0.16655403118637724","0.16655403118637724","0.16655403118637724","","",""
"2329","0.16102216092306096","0.16102216092306096","0.16102216092306096","0.17173633179328326","0.17173633179328326","0.17173633179328326","","",""
"2330","0.16085677895257008","0.16085677895257008","0.16085677895257008","0.1682893919834502","0.1682893919834502","0.1682893919834502","","",""
"2331","0.1611833957600011","0.1611833957600011","0.1611833957600011","0.16614028890905433","0.16614028890905433","0.16614028890905433","","",""
"2332","0.1596195265431262","0.1596195265431262","0.1596195265431262","0.16974335462441595","0.16974335462441595","0.16974335462441595","","",""
"2333","0.16113358288906102","0.16113358288906102","0.16113358288906102","0.16851713736385607","0.16851713736385607","0.16851713736385607","","",""
"2334","0.16310850173736116","0.16310850173736116","0.16310850173736116","0.1696169957782261","0.1696169957782261","0.1696169957782261","","",""
"2335","0.16183692308985045","0.16183692308985045","0.16183692308985045","0.1686833906031767","0.1686833906031767","0.1686833906031767","","",""
"2336","0.16266207029100935","0.16266207029100935","0.16266207029100935","0.17117700781949632","0.17117700781949632","0.17117700781949632","","",""
"2337","0.15930105119847496","0.15930105119847496","0.15930105119847496","0.16968967317295394","0.16968967317295394","0.16968967317295394","","",""
"2338","0.1615862901111285","0.1615862901111285","0.1615862901111285","0.1668955407122076","0.1668955407122076","0.1668955407122076","","",""
"2339","0.16264160493764726","0.16264160493764726","0.16264160493764726","0.16809922733714533","0.16809922733714533","0.16809922733714533","","",""
"2340","0.16030116653747017","0.16030116653747017","0.16030116653747017","0.16832733877552652","0.16832733877552652","0.16832733877552652","","",""
"2341","0.16177630218202269","0.16177630218202269","0.16177630218202269","0.17090144073881583","0.17090144073881583","0.17090144073881583","","",""
"2342","0.16053118712300674","0.16053118712300674","0.16053118712300674","0.16884883174636958","0.16884883174636958","0.16884883174636958","","",""
"2343","0.1617168688969057","0.1617168688969057","0.1617168688969057","0.1681576053912319","0.1681576053912319","0.1681576053912319","","",""
"2344","0.15993344608309762","0.15993344608309762","0.15993344608309762","0.17041444736036257","0.17041444736036257","0.17041444736036257","","",""
"2345","0.15991296828395998","0.15991296828395998","0.15991296828395998","0.17145934825410028","0.17145934825410028","0.17145934825410028","","",""
"2346","0.16295063834382023","0.16295063834382023","0.16295063834382023","0.17239896863951487","0.17239896863951487","0.17239896863951487","","",""
"2347","0.1563744997493669","0.1563744997493669","0.1563744997493669","0.17260024763596057","0.17260024763596057","0.17260024763596057","","",""
"2348","0.16398460297117382","0.16398460297117382","0.16398460297117382","0.16831763440500835","0.16831763440500835","0.16831763440500835","","",""
"2349","0.16186399783549302","0.16186399783549302","0.16186399783549302","0.16812027547310404","0.16812027547310404","0.16812027547310404","","",""
"2350","0.161344647646819","0.161344647646819","0.161344647646819","0.17227850243269546","0.17227850243269546","0.17227850243269546","","",""
"2351","0.1601417698125975","0.1601417698125975","0.1601417698125975","0.16859773980814874","0.16859773980814874","0.16859773980814874","","",""
"2352","0.16370669024772902","0.16370669024772902","0.16370669024772902","0.16976902266086688","0.16976902266086688","0.16976902266086688","","",""
"2353","0.163512382142504","0.163512382142504","0.163512382142504","0.17240209097572287","0.17240209097572287","0.17240209097572287","","",""
"2354","0.1606870634063079","0.1606870634063079","0.1606870634063079","0.17014878397378766","0.17014878397378766","0.17014878397378766","","",""
"2355","0.1611713537388936","0.1611713537388936","0.1611713537388936","0.1705861670516695","0.1705861670516695","0.1705861670516695","","",""
"2356","0.1621333669291892","0.1621333669291892","0.1621333669291892","0.17092604740351727","0.17092604740351727","0.17092604740351727","","",""
"2357","0.1603070550708857","0.1603070550708857","0.1603070550708857","0.17011777008584342","0.17011777008584342","0.17011777008584342","","",""
"2358","0.16308500250080307","0.16308500250080307","0.16308500250080307","0.16939101001067783","0.16939101001067783","0.16939101001067783","","",""
"2359","0.1611902639242747","0.1611902639242747","0.1611902639242747","0.16935229409288374","0.16935229409288374","0.16935229409288374","","",""
"2360","0.16076175246867472","0.16076175246867472","0.16076175246867472","0.16817962997179903","0.16817962997179903","0.16817962997179903","","",""
"2361","0.15965050982638995","0.15965050982638995","0.15965050982638995","0.16852209220871103","0.16852209220871103","0.16852209220871103","","",""
"2362","0.1646053084924508","0.1646053084924508","0.1646053084924508","0.16999560002579173","0.16999560002579173","0.16999560002579173","","",""
"2363","0.1602048728726451","0.1602048728726451","0.1602048728726451","0.1658697397871376","0.1658697397871376","0.1658697397871376","","",""
"2364","0.15981033708822776","0.15981033708822776","0.15981033708822776","0.16853723828121978","0.16853723828121978","0.16853723828121978","","",""
"2365","0.160654795033214","0.160654795033214","0.160654795033214","0.17060626948812294","0.17060626948812294","0.17060626948812294","","",""
"2366","0.1583279510562531","0.1583279510562531","0.1583279510562531","0.16964687289763522","0.16964687289763522","0.16964687289763522","","",""
"2367","0.15841955879088007","0.15841955879088007","0.15841955879088007","0.16976397994623904","0.16976397994623904","0.16976397994623904","","",""
"2368","0.1606742038442506","0.1606742038442506","0.1606742038442506","0.16711774773806365","0.16711774773806365","0.16711774773806365","","",""
"2369","0.15793454773800844","0.15793454773800844","0.15793454773800844","0.1705266676222855","0.1705266676222855","0.1705266676222855","","",""
"2370","0.1609042176679607","0.1609042176679607","0.1609042176679607","0.1678813393779585","0.1678813393779585","0.1678813393779585","","",""
"2371","0.16286508933008148","0.16286508933008148","0.16286508933008148","0.16948114335487693","0.16948114335487693","0.16948114335487693","","",""
"2372","0.1615347710518575","0.1615347710518575","0.1615347710518575","0.16849066005197708","0.16849066005197708","0.16849066005197708","","",""
"2373","0.16202258800733674","0.16202258800733674","0.16202258800733674","0.1692442864513214","0.1692442864513214","0.1692442864513214","","",""
"2374","0.15946209919384466","0.15946209919384466","0.15946209919384466","0.1700732916525498","0.1700732916525498","0.1700732916525498","","",""
"2375","0.1597108663712357","0.1597108663712357","0.1597108663712357","0.16993429021134143","0.16993429021134143","0.16993429021134143","","",""
"2376","0.16140106190031012","0.16140106190031012","0.16140106190031012","0.17288426835096316","0.17288426835096316","0.17288426835096316","","",""
"2377","0.16186148221136268","0.16186148221136268","0.16186148221136268","0.1702472061303438","0.1702472061303438","0.1702472061303438","","",""
"2378","0.16047646675694474","0.16047646675694474","0.16047646675694474","0.17093867526315656","0.17093867526315656","0.17093867526315656","","",""
"2379","0.16189779150319716","0.16189779150319716","0.16189779150319716","0.17078645012130375","0.17078645012130375","0.17078645012130375","","",""
"2380","0.16001685222630269","0.16001685222630269","0.16001685222630269","0.1695399146082276","0.1695399146082276","0.1695399146082276","","",""
"2381","0.16189238114236557","0.16189238114236557","0.16189238114236557","0.17046156329618556","0.17046156329618556","0.17046156329618556","","",""
"2382","0.16114087992284873","0.16114087992284873","0.16114087992284873","0.17012755705704874","0.17012755705704874","0.17012755705704874","","",""
"2383","0.16224876619630832","0.16224876619630832","0.16224876619630832","0.1674001864113163","0.1674001864113163","0.1674001864113163","","",""
"2384","0.1620946666693194","0.1620946666693194","0.1620946666693194","0.1722051648968306","0.1722051648968306","0.1722051648968306","","",""
"2385","0.1588213757223769","0.1588213757223769","0.1588213757223769","0.16940580918757953","0.16940580918757953","0.16940580918757953","","",""
"2386","0.16067132037922432","0.16067132037922432","0.16067132037922432","0.16699252081433213","0.16699252081433213","0.16699252081433213","","",""
"2387","0.15965332448702033","0.15965332448702033","0.15965332448702033","0.16657997306115901","0.16657997306115901","0.16657997306115901","","",""
"2388","0.15997384954357716","0.15997384954357716","0.15997384954357716","0.16692919163756006","0.16692919163756006","0.16692919163756006","","",""
"2389","0.16281260165879818","0.16281260165879818","0.16281260165879818","0.17121905274546548","0.17121905274546548","0.17121905274546548","","",""
"2390","0.1622840786600934","0.1622840786600934","0.1622840786600934","0.1663586695091612","0.1663586695091612","0.1663586695091612","","",""
"2391","0.16147303736131097","0.16147303736131097","0.16147303736131097","0.16764257295789983","0.16764257295789983","0.16764257295789983","","",""
"2392","0.1621895454289188","0.1621895454289188","0.1621895454289188","0.17030830862205495","0.17030830862205495","0.17030830862205495","","",""
"2393","0.1602874928105322","0.1602874928105322","0.1602874928105322","0.1666468718217882","0.1666468718217882","0.1666468718217882","","",""
"2394","0.1616058682179097","0.1616058682179097","0.1616058682179097","0.170845934498987","0.170845934498987","0.170845934498987","","",""
"2395","0.15970713569662182","0.15970713569662182","0.15970713569662182","0.16629495479900477","0.16629495479900477","0.16629495479900477","","",""
"2396","0.16274552940266024","0.16274552940266024","0.16274552940266024","0.16710698015496203","0.16710698015496203","0.16710698015496203","","",""
"2397","0.15945611325993567","0.15945611325993567","0.15945611325993567","0.17070512321223227","0.17070512321223227","0.17070512321223227","","",""
"2398","0.1611361003206906","0.1611361003206906","0.1611361003206906","0.1680685202873606","0.1680685202873606","0.1680685202873606","","",""
"2399","0.15954639942941842","0.15954639942941842","0.15954639942941842","0.1694658975774468","0.1694658975774468","0.1694658975774468","","",""
"2400","0.16019780498025063","0.16019780498025063","0.16019780498025063","0.17252962664835103","0.17252962664835103","0.17252962664835103","","",""
"2401","0.16072904923236783","0.16072904923236783","0.16072904923236783","0.16945358308481615","0.16945358308481615","0.16945358308481615","","",""
"2402","0.16288235969099482","0.16288235969099482","0.16288235969099482","0.16899078435374812","0.16899078435374812","0.16899078435374812","","",""
"2403","0.16039719625884316","0.16039719625884316","0.16039719625884316","0.17006289547653405","0.17006289547653405","0.17006289547653405","","",""
"2404","0.16030398785370237","0.16030398785370237","0.16030398785370237","0.16847519289846757","0.16847519289846757","0.16847519289846757","","",""
"2405","0.1580995546789117","0.1580995546789117","0.1580995546789117","0.17017680050073147","0.17017680050073147","0.17017680050073147","","",""
"2406","0.1606748527837871","0.1606748527837871","0.1606748527837871","0.16848672576514936","0.16848672576514936","0.16848672576514936","","",""
"2407","0.1604840027810728","0.1604840027810728","0.1604840027810728","0.16826536362047836","0.16826536362047836","0.16826536362047836","","",""
"2408","0.16373352553108667","0.16373352553108667","0.16373352553108667","0.16857143927152274","0.16857143927152274","0.16857143927152274","","",""
"2409","0.16185176904368712","0.16185176904368712","0.16185176904368712","0.17057636411497012","0.17057636411497012","0.17057636411497012","","",""
"2410","0.15992283070194788","0.15992283070194788","0.15992283070194788","0.16877541358501824","0.16877541358501824","0.16877541358501824","","",""
"2411","0.16152539331790502","0.16152539331790502","0.16152539331790502","0.17024072793524417","0.17024072793524417","0.17024072793524417","","",""
"2412","0.15956274003035695","0.15956274003035695","0.15956274003035695","0.16920365782839622","0.16920365782839622","0.16920365782839622","","",""
"2413","0.15919200570672606","0.15919200570672606","0.15919200570672606","0.16700790975793178","0.16700790975793178","0.16700790975793178","","",""
"2414","0.16155102827406326","0.16155102827406326","0.16155102827406326","0.16916990764155426","0.16916990764155426","0.16916990764155426","","",""
"2415","0.16001749726846345","0.16001749726846345","0.16001749726846345","0.17054612555362222","0.17054612555362222","0.17054612555362222","","",""
"2416","0.16139283336028082","0.16139283336028082","0.16139283336028082","0.17301141508151374","0.17301141508151374","0.17301141508151374","","",""
"2417","0.15516763360098385","0.15516763360098385","0.15516763360098385","0.1682949801036984","0.1682949801036984","0.1682949801036984","","",""
"2418","0.16424439681591105","0.16424439681591105","0.16424439681591105","0.16840572191973346","0.16840572191973346","0.16840572191973346","","",""
"2419","0.16117804994537058","0.16117804994537058","0.16117804994537058","0.16964319253954016","0.16964319253954016","0.16964319253954016","","",""
"2420","0.15942321744614552","0.15942321744614552","0.15942321744614552","0.16883694676206965","0.16883694676206965","0.16883694676206965","","",""
"2421","0.1612382800710102","0.1612382800710102","0.1612382800710102","0.1699452446135334","0.1699452446135334","0.1699452446135334","","",""
"2422","0.16403036676500607","0.16403036676500607","0.16403036676500607","0.17037185688729106","0.17037185688729106","0.17037185688729106","","",""
"2423","0.16212569460715387","0.16212569460715387","0.16212569460715387","0.1701846804822675","0.1701846804822675","0.1701846804822675","","",""
"2424","0.16232716319982107","0.16232716319982107","0.16232716319982107","0.169950200899041","0.169950200899041","0.169950200899041","","",""
"2425","0.16039082302513316","0.16039082302513316","0.16039082302513316","0.1719644882583794","0.1719644882583794","0.1719644882583794","","",""
"2426","0.16302632779961027","0.16302632779961027","0.16302632779961027","0.16815501488864323","0.16815501488864323","0.16815501488864323","","",""
"2427","0.16244953357539224","0.16244953357539224","0.16244953357539224","0.16670293302578965","0.16670293302578965","0.16670293302578965","","",""
"2428","0.16111194895633169","0.16111194895633169","0.16111194895633169","0.16656464635427268","0.16656464635427268","0.16656464635427268","","",""
"2429","0.16394513150359052","0.16394513150359052","0.16394513150359052","0.16667479664002924","0.16667479664002924","0.16667479664002924","","",""
"2430","0.16331933816154","0.16331933816154","0.16331933816154","0.1739676811156807","0.1739676811156807","0.1739676811156807","","",""
"2431","0.1620039299325459","0.1620039299325459","0.1620039299325459","0.1675779259039075","0.1675779259039075","0.1675779259039075","","",""
"2432","0.16126488318212936","0.16126488318212936","0.16126488318212936","0.16975302761767433","0.16975302761767433","0.16975302761767433","","",""
"2433","0.16219800339424836","0.16219800339424836","0.16219800339424836","0.16950673224064752","0.16950673224064752","0.16950673224064752","","",""
"2434","0.16060230061219785","0.16060230061219785","0.16060230061219785","0.1694468651619543","0.1694468651619543","0.1694468651619543","","",""
"2435","0.16265204406873363","0.16265204406873363","0.16265204406873363","0.1692210817538279","0.1692210817538279","0.1692210817538279","","",""
"2436","0.16020583672315789","0.16020583672315789","0.16020583672315789","0.16736542162647894","0.16736542162647894","0.16736542162647894","","",""
"2437","0.16282346090111316","0.16282346090111316","0.16282346090111316","0.16989208289283883","0.16989208289283883","0.16989208289283883","","",""
"2438","0.1634372678357406","0.1634372678357406","0.1634372678357406","0.16827922563314845","0.16827922563314845","0.16827922563314845","","",""
"2439","0.16160651461080822","0.16160651461080822","0.16160651461080822","0.16793121202111647","0.16793121202111647","0.16793121202111647","","",""
"2440","0.16290102394156838","0.16290102394156838","0.16290102394156838","0.16964888776569068","0.16964888776569068","0.16964888776569068","","",""
"2441","0.16207694320460628","0.16207694320460628","0.16207694320460628","0.1694260093438286","0.1694260093438286","0.1694260093438286","","",""
"2442","0.16257277902898018","0.16257277902898018","0.16257277902898018","0.16899838457833094","0.16899838457833094","0.16899838457833094","","",""
"2443","0.1635518240731794","0.1635518240731794","0.1635518240731794","0.17136391678534743","0.17136391678534743","0.17136391678534743","","",""
"2444","0.16155962256205822","0.16155962256205822","0.16155962256205822","0.17077461205989816","0.17077461205989816","0.17077461205989816","","",""
"2445","0.16145252955000158","0.16145252955000158","0.16145252955000158","0.16982792008772338","0.16982792008772338","0.16982792008772338","","",""
"2446","0.16276689640278907","0.16276689640278907","0.16276689640278907","0.16723512739315405","0.16723512739315405","0.16723512739315405","","",""
"2447","0.16123796626633558","0.16123796626633558","0.16123796626633558","0.17213960185169652","0.17213960185169652","0.17213960185169652","","",""
"2448","0.1607427618268116","0.1607427618268116","0.1607427618268116","0.16946271250314615","0.16946271250314615","0.16946271250314615","","",""
"2449","0.1610475179481594","0.1610475179481594","0.1610475179481594","0.16921096699337748","0.16921096699337748","0.16921096699337748","","",""
"2450","0.16174204664759265","0.16174204664759265","0.16174204664759265","0.172112547642196","0.172112547642196","0.172112547642196","","",""
"2451","0.16143688158766548","0.16143688158766548","0.16143688158766548","0.17068194994221866","0.17068194994221866","0.17068194994221866","","",""
"2452","0.16037826947309344","0.16037826947309344","0.16037826947309344","0.17039682072324594","0.17039682072324594","0.17039682072324594","","",""
"2453","0.15984770368356413","0.15984770368356413","0.15984770368356413","0.16845034186880167","0.16845034186880167","0.16845034186880167","","",""
"2454","0.16038068787994145","0.16038068787994145","0.16038068787994145","0.1712089016156074","0.1712089016156074","0.1712089016156074","","",""
"2455","0.16188279563416325","0.16188279563416325","0.16188279563416325","0.16687336327701688","0.16687336327701688","0.16687336327701688","","",""
"2456","0.1615685532853225","0.1615685532853225","0.1615685532853225","0.1666864919119542","0.1666864919119542","0.1666864919119542","","",""
"2457","0.16137385504960916","0.16137385504960916","0.16137385504960916","0.16773933791835663","0.16773933791835663","0.16773933791835663","","",""
"2458","0.16195327633486103","0.16195327633486103","0.16195327633486103","0.16995767402674478","0.16995767402674478","0.16995767402674478","","",""
"2459","0.16255321155592647","0.16255321155592647","0.16255321155592647","0.1675180576879313","0.1675180576879313","0.1675180576879313","","",""
"2460","0.15932420539773795","0.15932420539773795","0.15932420539773795","0.17012218995955355","0.17012218995955355","0.17012218995955355","","",""
"2461","0.16073509166298797","0.16073509166298797","0.16073509166298797","0.1692561111199564","0.1692561111199564","0.1692561111199564","","",""
"2462","0.1623550903000521","0.1623550903000521","0.1623550903000521","0.165043733730444","0.165043733730444","0.165043733730444","","",""
"2463","0.15982510954020465","0.15982510954020465","0.15982510954020465","0.16852201047298698","0.16852201047298698","0.16852201047298698","","",""
"2464","0.16428681081357593","0.16428681081357593","0.16428681081357593","0.16918659848063622","0.16918659848063622","0.16918659848063622","","",""
"2465","0.15854576453193417","0.15854576453193417","0.15854576453193417","0.16981507754780678","0.16981507754780678","0.16981507754780678","","",""
"2466","0.15958827590630265","0.15958827590630265","0.15958827590630265","0.1695597318109758","0.1695597318109758","0.1695597318109758","","",""
"2467","0.16001170279334653","0.16001170279334653","0.16001170279334653","0.16926898763588238","0.16926898763588238","0.16926898763588238","","",""
"2468","0.15904942295707858","0.15904942295707858","0.15904942295707858","0.17400905575487158","0.17400905575487158","0.17400905575487158","","",""
"2469","0.15817182529349597","0.15817182529349597","0.15817182529349597","0.16429955734462717","0.16429955734462717","0.16429955734462717","","",""
"2470","0.16346686954618597","0.16346686954618597","0.16346686954618597","0.16960505828146574","0.16960505828146574","0.16960505828146574","","",""
"2471","0.15851971464776765","0.15851971464776765","0.15851971464776765","0.16658252155017203","0.16658252155017203","0.16658252155017203","","",""
"2472","0.15976733012650804","0.15976733012650804","0.15976733012650804","0.16932153203975797","0.16932153203975797","0.16932153203975797","","",""
"2473","0.1608314971813786","0.1608314971813786","0.1608314971813786","0.16894036755748973","0.16894036755748973","0.16894036755748973","","",""
"2474","0.162525490061148","0.162525490061148","0.162525490061148","0.16800703898627048","0.16800703898627048","0.16800703898627048","","",""
"2475","0.1589835658968056","0.1589835658968056","0.1589835658968056","0.16362392233377446","0.16362392233377446","0.16362392233377446","","",""
"2476","0.16282505827906688","0.16282505827906688","0.16282505827906688","0.16764002924832846","0.16764002924832846","0.16764002924832846","","",""
"2477","0.16091077416381108","0.16091077416381108","0.16091077416381108","0.16931604168319023","0.16931604168319023","0.16931604168319023","","",""
"2478","0.16096100268190494","0.16096100268190494","0.16096100268190494","0.1692827950395739","0.1692827950395739","0.1692827950395739","","",""
"2479","0.15920922108550242","0.15920922108550242","0.15920922108550242","0.17327715770194932","0.17327715770194932","0.17327715770194932","","",""
"2480","0.16039016531168843","0.16039016531168843","0.16039016531168843","0.17050787015606514","0.17050787015606514","0.17050787015606514","","",""
"2481","0.16122359542137546","0.16122359542137546","0.16122359542137546","0.1712941985877895","0.1712941985877895","0.1712941985877895","","",""
"2482","0.16039871583153278","0.16039871583153278","0.16039871583153278","0.16811203452908882","0.16811203452908882","0.16811203452908882","","",""
"2483","0.1609166181067784","0.1609166181067784","0.1609166181067784","0.16980198142444533","0.16980198142444533","0.16980198142444533","","",""
"2484","0.15952847174514018","0.15952847174514018","0.15952847174514018","0.17284996212968887","0.17284996212968887","0.17284996212968887","","",""
"2485","0.1629700142434698","0.1629700142434698","0.1629700142434698","0.16961584824958967","0.16961584824958967","0.16961584824958967","","",""
"2486","0.15894687244674302","0.15894687244674302","0.15894687244674302","0.16645854527291087","0.16645854527291087","0.16645854527291087","","",""
"2487","0.15984398931272523","0.15984398931272523","0.15984398931272523","0.16739422200450327","0.16739422200450327","0.16739422200450327","","",""
"2488","0.16082334959148917","0.16082334959148917","0.16082334959148917","0.16682767969179477","0.16682767969179477","0.16682767969179477","","",""
"2489","0.16196678420960284","0.16196678420960284","0.16196678420960284","0.17289779912923944","0.17289779912923944","0.17289779912923944","","",""
"2490","0.15844245640807206","0.15844245640807206","0.15844245640807206","0.1694454731145767","0.1694454731145767","0.1694454731145767","","",""
"2491","0.1633417081191673","0.1633417081191673","0.1633417081191673","0.16993219949603067","0.16993219949603067","0.16993219949603067","","",""
"2492","0.15921850169512006","0.15921850169512006","0.15921850169512006","0.1657274614286516","0.1657274614286516","0.1657274614286516","","",""
"2493","0.16155862600148804","0.16155862600148804","0.16155862600148804","0.1693999310926847","0.1693999310926847","0.1693999310926847","","",""
"2494","0.16121223683307273","0.16121223683307273","0.16121223683307273","0.16721223880392241","0.16721223880392241","0.16721223880392241","","",""
"2495","0.16221389100501135","0.16221389100501135","0.16221389100501135","0.16581357841368793","0.16581357841368793","0.16581357841368793","","",""
"2496","0.1590701798397769","0.1590701798397769","0.1590701798397769","0.170122651005343","0.170122651005343","0.170122651005343","","",""
"2497","0.16218074798982207","0.16218074798982207","0.16218074798982207","0.17029447712459356","0.17029447712459356","0.17029447712459356","","",""
"2498","0.1613526183771889","0.1613526183771889","0.1613526183771889","0.16894170225319205","0.16894170225319205","0.16894170225319205","","",""
"2499","0.16050407797727265","0.16050407797727265","0.16050407797727265","0.16618897452153028","0.16618897452153028","0.16618897452153028","","",""
"2500","0.16411657333629281","0.16411657333629281","0.16411657333629281","0.1709866459077228","0.1709866459077228","0.1709866459077228","","",""
"2501","0.1612070793481764","0.1612070793481764","0.1612070793481764","0.16893836866902745","0.16893836866902745","0.16893836866902745","","",""
"2502","0.16346802439070332","0.16346802439070332","0.16346802439070332","0.17016166462126267","0.17016166462126267","0.17016166462126267","","",""
"2503","0.16084921150908033","0.16084921150908033","0.16084921150908033","0.1668961385590179","0.1668961385590179","0.1668961385590179","","",""
"2504","0.1599808479490524","0.1599808479490524","0.1599808479490524","0.1688374307391952","0.1688374307391952","0.1688374307391952","","",""
"2505","0.16135760951121106","0.16135760951121106","0.16135760951121106","0.1664796845279517","0.1664796845279517","0.1664796845279517","","",""
"2506","0.16368731763370695","0.16368731763370695","0.16368731763370695","0.16779243471954494","0.16779243471954494","0.16779243471954494","","",""
"2507","0.16519920491208803","0.16519920491208803","0.16519920491208803","0.1719922733647877","0.1719922733647877","0.1719922733647877","","",""
"2508","0.1617121448823833","0.1617121448823833","0.1617121448823833","0.16707462976395784","0.16707462976395784","0.16707462976395784","","",""
"2509","0.16339707520762173","0.16339707520762173","0.16339707520762173","0.16869801274556917","0.16869801274556917","0.16869801274556917","","",""
"2510","0.1608988935643124","0.1608988935643124","0.1608988935643124","0.16888549469801148","0.16888549469801148","0.16888549469801148","","",""
"2511","0.16148747631827276","0.16148747631827276","0.16148747631827276","0.16651072191848879","0.16651072191848879","0.16651072191848879","","",""
"2512","0.16207570600116622","0.16207570600116622","0.16207570600116622","0.1665572608100114","0.1665572608100114","0.1665572608100114","","",""
"2513","0.16243173182653184","0.16243173182653184","0.16243173182653184","0.16895425503926753","0.16895425503926753","0.16895425503926753","","",""
"2514","0.16137945915825397","0.16137945915825397","0.16137945915825397","0.17271784791550385","0.17271784791550385","0.17271784791550385","","",""
"2515","0.1613257396549593","0.1613257396549593","0.1613257396549593","0.16609438138857982","0.16609438138857982","0.16609438138857982","","",""
"2516","0.1574184184349976","0.1574184184349976","0.1574184184349976","0.174677315008503","0.174677315008503","0.174677315008503","","",""
"2517","0.16373629428420045","0.16373629428420045","0.16373629428420045","0.17071017900725974","0.17071017900725974","0.17071017900725974","","",""
"2518","0.16131649739849055","0.16131649739849055","0.16131649739849055","0.16564638709441928","0.16564638709441928","0.16564638709441928","","",""
"2519","0.16281658489688192","0.16281658489688192","0.16281658489688192","0.1704650322357275","0.1704650322357275","0.1704650322357275","","",""
"2520","0.16414119083620182","0.16414119083620182","0.16414119083620182","0.16936545661750016","0.16936545661750016","0.16936545661750016","","",""
"2521","0.16300996363236667","0.16300996363236667","0.16300996363236667","0.17003421135304528","0.17003421135304528","0.17003421135304528","","",""
"2522","0.1610516222766628","0.1610516222766628","0.1610516222766628","0.1658573175064542","0.1658573175064542","0.1658573175064542","","",""
"2523","0.1596945966013723","0.1596945966013723","0.1596945966013723","0.16566449920649398","0.16566449920649398","0.16566449920649398","","",""
"2524","0.16060099347188825","0.16060099347188825","0.16060099347188825","0.16708708286232113","0.16708708286232113","0.16708708286232113","","",""
"2525","0.15998169017924238","0.15998169017924238","0.15998169017924238","0.1704956164109608","0.1704956164109608","0.1704956164109608","","",""
"2526","0.1618989049062852","0.1618989049062852","0.1618989049062852","0.16634831487482168","0.16634831487482168","0.16634831487482168","","",""
"2527","0.1611346958551709","0.1611346958551709","0.1611346958551709","0.1649723858328834","0.1649723858328834","0.1649723858328834","","",""
"2528","0.15928476128541488","0.15928476128541488","0.15928476128541488","0.16710033799781385","0.16710033799781385","0.16710033799781385","","",""
"2529","0.15891145419681246","0.15891145419681246","0.15891145419681246","0.1683663182364373","0.1683663182364373","0.1683663182364373","","",""
"2530","0.1612762759960831","0.1612762759960831","0.1612762759960831","0.17016876234676312","0.17016876234676312","0.17016876234676312","","",""
"2531","0.15978855035372605","0.15978855035372605","0.15978855035372605","0.16999039277726666","0.16999039277726666","0.16999039277726666","","",""
"2532","0.16085722289431806","0.16085722289431806","0.16085722289431806","0.1719223120959927","0.1719223120959927","0.1719223120959927","","",""
"2533","0.16158436997358047","0.16158436997358047","0.16158436997358047","0.16901487583274588","0.16901487583274588","0.16901487583274588","","",""
"2534","0.1614256556838081","0.1614256556838081","0.1614256556838081","0.17151688845454016","0.17151688845454016","0.17151688845454016","","",""
"2535","0.1585823003333172","0.1585823003333172","0.1585823003333172","0.16962711567750136","0.16962711567750136","0.16962711567750136","","",""
"2536","0.16012154260579636","0.16012154260579636","0.16012154260579636","0.1648784247325312","0.1648784247325312","0.1648784247325312","","",""
"2537","0.1597740186908797","0.1597740186908797","0.1597740186908797","0.17175401265853893","0.17175401265853893","0.17175401265853893","","",""
"2538","0.16290764260412435","0.16290764260412435","0.16290764260412435","0.1688751094994556","0.1688751094994556","0.1688751094994556","","",""
"2539","0.1595980760945051","0.1595980760945051","0.1595980760945051","0.16699918488294305","0.16699918488294305","0.16699918488294305","","",""
"2540","0.16217064868394793","0.16217064868394793","0.16217064868394793","0.17115412456258083","0.17115412456258083","0.17115412456258083","","",""
"2541","0.1613082434287548","0.1613082434287548","0.1613082434287548","0.16945115117023513","0.16945115117023513","0.16945115117023513","","",""
"2542","0.16019574434204523","0.16019574434204523","0.16019574434204523","0.17050242619581812","0.17050242619581812","0.17050242619581812","","",""
"2543","0.16054016974644922","0.16054016974644922","0.16054016974644922","0.1681920077370246","0.1681920077370246","0.1681920077370246","","",""
"2544","0.16292498262065372","0.16292498262065372","0.16292498262065372","0.16736734180056045","0.16736734180056045","0.16736734180056045","","",""
"2545","0.15920201022442387","0.15920201022442387","0.15920201022442387","0.17001156552588892","0.17001156552588892","0.17001156552588892","","",""
"2546","0.1619221779160844","0.1619221779160844","0.1619221779160844","0.1713430758630462","0.1713430758630462","0.1713430758630462","","",""
"2547","0.16292147382018332","0.16292147382018332","0.16292147382018332","0.16552227898979596","0.16552227898979596","0.16552227898979596","","",""
"2548","0.15735431466995833","0.15735431466995833","0.15735431466995833","0.16702469377358706","0.16702469377358706","0.16702469377358706","","",""
"2549","0.16295086751563662","0.16295086751563662","0.16295086751563662","0.16652534781702152","0.16652534781702152","0.16652534781702152","","",""
"2550","0.15850579951833815","0.15850579951833815","0.15850579951833815","0.16949502338408462","0.16949502338408462","0.16949502338408462","","",""
"2551","0.16264377699283197","0.16264377699283197","0.16264377699283197","0.1641974080889681","0.1641974080889681","0.1641974080889681","","",""
"2552","0.15960138638223462","0.15960138638223462","0.15960138638223462","0.17027963452345518","0.17027963452345518","0.17027963452345518","","",""
"2553","0.15988555930826148","0.15988555930826148","0.15988555930826148","0.16998412057871626","0.16998412057871626","0.16998412057871626","","",""
"2554","0.16372441879358404","0.16372441879358404","0.16372441879358404","0.16867390652396785","0.16867390652396785","0.16867390652396785","","",""
"2555","0.1602693320918741","0.1602693320918741","0.1602693320918741","0.1709201461649036","0.1709201461649036","0.1709201461649036","","",""
"2556","0.15887838832720427","0.15887838832720427","0.15887838832720427","0.1720690467151318","0.1720690467151318","0.1720690467151318","","",""
"2557","0.15995053519687663","0.15995053519687663","0.15995053519687663","0.1659415542836438","0.1659415542836438","0.1659415542836438","","",""
"2558","0.15829483528717828","0.15829483528717828","0.15829483528717828","0.16906369545447397","0.16906369545447397","0.16906369545447397","","",""
"2559","0.1608018511328627","0.1608018511328627","0.1608018511328627","0.17097563771991928","0.17097563771991928","0.17097563771991928","","",""
"2560","0.16106796977416782","0.16106796977416782","0.16106796977416782","0.17026117413478706","0.17026117413478706","0.17026117413478706","","",""
"2561","0.1589313560737525","0.1589313560737525","0.1589313560737525","0.16953360543495388","0.16953360543495388","0.16953360543495388","","",""
"2562","0.16081628665501607","0.16081628665501607","0.16081628665501607","0.16620745223444058","0.16620745223444058","0.16620745223444058","","",""
"2563","0.16229486102055082","0.16229486102055082","0.16229486102055082","0.16641180725558954","0.16641180725558954","0.16641180725558954","","",""
"2564","0.16121798913837207","0.16121798913837207","0.16121798913837207","0.17136051429538968","0.17136051429538968","0.17136051429538968","","",""
"2565","0.16036565319002963","0.16036565319002963","0.16036565319002963","0.17145727094008312","0.17145727094008312","0.17145727094008312","","",""
"2566","0.16506177907705985","0.16506177907705985","0.16506177907705985","0.1695057011012785","0.1695057011012785","0.1695057011012785","","",""
"2567","0.15892807146432827","0.15892807146432827","0.15892807146432827","0.1709607689453525","0.1709607689453525","0.1709607689453525","","",""
"2568","0.15888460235709354","0.15888460235709354","0.15888460235709354","0.16690100259711138","0.16690100259711138","0.16690100259711138","","",""
"2569","0.16203657556086778","0.16203657556086778","0.16203657556086778","0.1708704689358702","0.1708704689358702","0.1708704689358702","","",""
"2570","0.16331957377450365","0.16331957377450365","0.16331957377450365","0.17147912180493577","0.17147912180493577","0.17147912180493577","","",""
"2571","0.15923449246623586","0.15923449246623586","0.15923449246623586","0.16487427196410948","0.16487427196410948","0.16487427196410948","","",""
"2572","0.16285175466746102","0.16285175466746102","0.16285175466746102","0.16630447703655096","0.16630447703655096","0.16630447703655096","","",""
"2573","0.1615721055201691","0.1615721055201691","0.1615721055201691","0.16978412323514688","0.16978412323514688","0.16978412323514688","","",""
"2574","0.16096002510849805","0.16096002510849805","0.16096002510849805","0.1695771552449583","0.1695771552449583","0.1695771552449583","","",""
"2575","0.15994180588374282","0.15994180588374282","0.15994180588374282","0.16723785236802716","0.16723785236802716","0.16723785236802716","","",""
"2576","0.15997978653165826","0.15997978653165826","0.15997978653165826","0.16796494473711274","0.16796494473711274","0.16796494473711274","","",""
"2577","0.15861710370381318","0.15861710370381318","0.15861710370381318","0.1666241689216216","0.1666241689216216","0.1666241689216216","","",""
"2578","0.16060832260521432","0.16060832260521432","0.16060832260521432","0.16775471176540824","0.16775471176540824","0.16775471176540824","","",""
"2579","0.16044652611043694","0.16044652611043694","0.16044652611043694","0.16575819928370952","0.16575819928370952","0.16575819928370952","","",""
"2580","0.16085960806050156","0.16085960806050156","0.16085960806050156","0.16779445161161655","0.16779445161161655","0.16779445161161655","","",""
"2581","0.1630194881392141","0.1630194881392141","0.1630194881392141","0.16925003919182646","0.16925003919182646","0.16925003919182646","","",""
"2582","0.16386291674788808","0.16386291674788808","0.16386291674788808","0.17060674280713686","0.17060674280713686","0.17060674280713686","","",""
"2583","0.1627208306353165","0.1627208306353165","0.1627208306353165","0.1733092477389032","0.1733092477389032","0.1733092477389032","","",""
"2584","0.16183744854576798","0.16183744854576798","0.16183744854576798","0.16603729298049633","0.16603729298049633","0.16603729298049633","","",""
"2585","0.16029213179884388","0.16029213179884388","0.16029213179884388","0.16830975293950934","0.16830975293950934","0.16830975293950934","","",""
"2586","0.16199900864236907","0.16199900864236907","0.16199900864236907","0.16742123413837692","0.16742123413837692","0.16742123413837692","","",""
"2587","0.15935792627260056","0.15935792627260056","0.15935792627260056","0.16723874807030223","0.16723874807030223","0.16723874807030223","","",""
"2588","0.15906552087308892","0.15906552087308892","0.15906552087308892","0.1683460953812643","0.1683460953812643","0.1683460953812643","","",""
"2589","0.15984511558898543","0.15984511558898543","0.15984511558898543","0.1692110682641883","0.1692110682641883","0.1692110682641883","","",""
"2590","0.15943004359035592","0.15943004359035592","0.15943004359035592","0.1689065207088555","0.1689065207088555","0.1689065207088555","","",""
"2591","0.16095561030079297","0.16095561030079297","0.16095561030079297","0.1653504576267201","0.1653504576267201","0.1653504576267201","","",""
"2592","0.16297738731732145","0.16297738731732145","0.16297738731732145","0.1672803383007572","0.1672803383007572","0.1672803383007572","","",""
"2593","0.16025662459869075","0.16025662459869075","0.16025662459869075","0.1674020734853122","0.1674020734853122","0.1674020734853122","","",""
"2594","0.16413608975244795","0.16413608975244795","0.16413608975244795","0.16911343534608458","0.16911343534608458","0.16911343534608458","","",""
"2595","0.16030919127448962","0.16030919127448962","0.16030919127448962","0.17018255676302516","0.17018255676302516","0.17018255676302516","","",""
"2596","0.16037054414497856","0.16037054414497856","0.16037054414497856","0.1674445142870458","0.1674445142870458","0.1674445142870458","","",""
"2597","0.15949211220915324","0.15949211220915324","0.15949211220915324","0.16916170251371673","0.16916170251371673","0.16916170251371673","","",""
"2598","0.16219040020630665","0.16219040020630665","0.16219040020630665","0.17038997983862217","0.17038997983862217","0.17038997983862217","","",""
"2599","0.1602161186883405","0.1602161186883405","0.1602161186883405","0.1708314231414895","0.1708314231414895","0.1708314231414895","","",""
"2600","0.16186688117337975","0.16186688117337975","0.16186688117337975","0.16977906687908154","0.16977906687908154","0.16977906687908154","","",""
"2601","0.16261429992023954","0.16261429992023954","0.16261429992023954","0.17141306082129362","0.17141306082129362","0.17141306082129362","","",""
"2602","0.16031242429276454","0.16031242429276454","0.16031242429276454","0.17073559392006957","0.17073559392006957","0.17073559392006957","","",""
"2603","0.16045310340069088","0.16045310340069088","0.16045310340069088","0.16690978789182945","0.16690978789182945","0.16690978789182945","","",""
"2604","0.15961747581407182","0.15961747581407182","0.15961747581407182","0.1694160515048805","0.1694160515048805","0.1694160515048805","","",""
"2605","0.15895230329351426","0.15895230329351426","0.15895230329351426","0.16964731650587928","0.16964731650587928","0.16964731650587928","","",""
"2606","0.15962668192677057","0.15962668192677057","0.15962668192677057","0.16735263987516555","0.16735263987516555","0.16735263987516555","","",""
"2607","0.16159071038970071","0.16159071038970071","0.16159071038970071","0.1694253856947754","0.1694253856947754","0.1694253856947754","","",""
"2608","0.16054537622048623","0.16054537622048623","0.16054537622048623","0.16880365913044434","0.16880365913044434","0.16880365913044434","","",""
"2609","0.16034318108045584","0.16034318108045584","0.16034318108045584","0.16570761577667045","0.16570761577667045","0.16570761577667045","","",""
"2610","0.15990754882514843","0.15990754882514843","0.15990754882514843","0.16906194185017506","0.16906194185017506","0.16906194185017506","","",""
"2611","0.16097829521342413","0.16097829521342413","0.16097829521342413","0.16838898268802807","0.16838898268802807","0.16838898268802807","","",""
"2612","0.16024568666081052","0.16024568666081052","0.16024568666081052","0.16896273558365912","0.16896273558365912","0.16896273558365912","","",""
"2613","0.15951396200507234","0.15951396200507234","0.15951396200507234","0.16762640520305952","0.16762640520305952","0.16762640520305952","","",""
"2614","0.16005577884816602","0.16005577884816602","0.16005577884816602","0.1659119884558253","0.1659119884558253","0.1659119884558253","","",""
"2615","0.15944491794718124","0.15944491794718124","0.15944491794718124","0.1665050672313915","0.1665050672313915","0.1665050672313915","","",""
"2616","0.15961221544221607","0.15961221544221607","0.15961221544221607","0.16749770685350138","0.16749770685350138","0.16749770685350138","","",""
"2617","0.1626448960319713","0.1626448960319713","0.1626448960319713","0.17002090365726064","0.17002090365726064","0.17002090365726064","","",""
"2618","0.16055959957321123","0.16055959957321123","0.16055959957321123","0.1661179387487429","0.1661179387487429","0.1661179387487429","","",""
"2619","0.1623003941885491","0.1623003941885491","0.1623003941885491","0.16759292916294177","0.16759292916294177","0.16759292916294177","","",""
"2620","0.16109937895264673","0.16109937895264673","0.16109937895264673","0.1683351107153294","0.1683351107153294","0.1683351107153294","","",""
"2621","0.1596862819264307","0.1596862819264307","0.1596862819264307","0.16765057094842958","0.16765057094842958","0.16765057094842958","","",""
"2622","0.16211761376079734","0.16211761376079734","0.16211761376079734","0.16996004714580595","0.16996004714580595","0.16996004714580595","","",""
"2623","0.1611178466409825","0.1611178466409825","0.1611178466409825","0.17022121614521213","0.17022121614521213","0.17022121614521213","","",""
"2624","0.16124664227521368","0.16124664227521368","0.16124664227521368","0.16682898024062717","0.16682898024062717","0.16682898024062717","","",""
"2625","0.16143844784904618","0.16143844784904618","0.16143844784904618","0.16812059920700992","0.16812059920700992","0.16812059920700992","","",""
"2626","0.16008513052181939","0.16008513052181939","0.16008513052181939","0.16764794393174523","0.16764794393174523","0.16764794393174523","","",""
"2627","0.1630224394402262","0.1630224394402262","0.1630224394402262","0.16594259339408637","0.16594259339408637","0.16594259339408637","","",""
"2628","0.160723836923342","0.160723836923342","0.160723836923342","0.1700047570338047","0.1700047570338047","0.1700047570338047","","",""
"2629","0.159532643314408","0.159532643314408","0.159532643314408","0.16804789714874932","0.16804789714874932","0.16804789714874932","","",""
"2630","0.1612084386711152","0.1612084386711152","0.1612084386711152","0.1683505455790183","0.1683505455790183","0.1683505455790183","","",""
"2631","0.1601850173145109","0.1601850173145109","0.1601850173145109","0.16857696761071414","0.16857696761071414","0.16857696761071414","","",""
"2632","0.16134196460654027","0.16134196460654027","0.16134196460654027","0.17024213045201897","0.17024213045201897","0.17024213045201897","","",""
"2633","0.16003677512023165","0.16003677512023165","0.16003677512023165","0.1699531547762746","0.1699531547762746","0.1699531547762746","","",""
"2634","0.15733061798511336","0.15733061798511336","0.15733061798511336","0.1669114721707715","0.1669114721707715","0.1669114721707715","","",""
"2635","0.1591511746992007","0.1591511746992007","0.1591511746992007","0.17116051974648272","0.17116051974648272","0.17116051974648272","","",""
"2636","0.16023082109838785","0.16023082109838785","0.16023082109838785","0.16930765609819773","0.16930765609819773","0.16930765609819773","","",""
"2637","0.160237127529482","0.160237127529482","0.160237127529482","0.167772144920643","0.167772144920643","0.167772144920643","","",""
"2638","0.16311505257851497","0.16311505257851497","0.16311505257851497","0.17010181458304605","0.17010181458304605","0.17010181458304605","","",""
"2639","0.16040308117946722","0.16040308117946722","0.16040308117946722","0.16751787756319683","0.16751787756319683","0.16751787756319683","","",""
"2640","0.16279516658285323","0.16279516658285323","0.16279516658285323","0.16670790665761126","0.16670790665761126","0.16670790665761126","","",""
"2641","0.15914536161114406","0.15914536161114406","0.15914536161114406","0.1690070661650002","0.1690070661650002","0.1690070661650002","","",""
"2642","0.15927511231237054","0.15927511231237054","0.15927511231237054","0.16645949834395227","0.16645949834395227","0.16645949834395227","","",""
"2643","0.1595950920095402","0.1595950920095402","0.1595950920095402","0.16743255988226177","0.16743255988226177","0.16743255988226177","","",""
"2644","0.16227091771349061","0.16227091771349061","0.16227091771349061","0.17087169416810508","0.17087169416810508","0.17087169416810508","","",""
"2645","0.1622416942004913","0.1622416942004913","0.1622416942004913","0.16906944151491987","0.16906944151491987","0.16906944151491987","","",""
"2646","0.16177250175973637","0.16177250175973637","0.16177250175973637","0.1699877737258664","0.1699877737258664","0.1699877737258664","","",""
"2647","0.16158380164373776","0.16158380164373776","0.16158380164373776","0.16756389031949315","0.16756389031949315","0.16756389031949315","","",""
"2648","0.16002423486189163","0.16002423486189163","0.16002423486189163","0.16687857739000908","0.16687857739000908","0.16687857739000908","","",""
"2649","0.16029577846904616","0.16029577846904616","0.16029577846904616","0.16708875359213446","0.16708875359213446","0.16708875359213446","","",""
"2650","0.15897623091384724","0.15897623091384724","0.15897623091384724","0.1666812475226844","0.1666812475226844","0.1666812475226844","","",""
"2651","0.15991887907967944","0.15991887907967944","0.15991887907967944","0.16632725679656932","0.16632725679656932","0.16632725679656932","","",""
"2652","0.16459789870115596","0.16459789870115596","0.16459789870115596","0.17025429587886495","0.17025429587886495","0.17025429587886495","","",""
"2653","0.15979231185177548","0.15979231185177548","0.15979231185177548","0.16825034818135018","0.16825034818135018","0.16825034818135018","","",""
"2654","0.1612805399104631","0.1612805399104631","0.1612805399104631","0.16667045753112952","0.16667045753112952","0.16667045753112952","","",""
"2655","0.159100984570297","0.159100984570297","0.159100984570297","0.1676112569875993","0.1676112569875993","0.1676112569875993","","",""
"2656","0.16205448858775187","0.16205448858775187","0.16205448858775187","0.16962457600643566","0.16962457600643566","0.16962457600643566","","",""
"2657","0.16221927648212228","0.16221927648212228","0.16221927648212228","0.16733179052897038","0.16733179052897038","0.16733179052897038","","",""
"2658","0.1600333133715198","0.1600333133715198","0.1600333133715198","0.16850441715201592","0.16850441715201592","0.16850441715201592","","",""
"2659","0.159167589136227","0.159167589136227","0.159167589136227","0.1674212945229889","0.1674212945229889","0.1674212945229889","","",""
"2660","0.16412608057348307","0.16412608057348307","0.16412608057348307","0.16559416860764128","0.16559416860764128","0.16559416860764128","","",""
"2661","0.16093395261357177","0.16093395261357177","0.16093395261357177","0.1682459755540273","0.1682459755540273","0.1682459755540273","","",""
"2662","0.15873124075343925","0.15873124075343925","0.15873124075343925","0.16704411274339312","0.16704411274339312","0.16704411274339312","","",""
"2663","0.16072151222666753","0.16072151222666753","0.16072151222666753","0.170690664340139","0.170690664340139","0.170690664340139","","",""
"2664","0.16213358204370845","0.16213358204370845","0.16213358204370845","0.1679807141430868","0.1679807141430868","0.1679807141430868","","",""
"2665","0.15955951995786458","0.15955951995786458","0.15955951995786458","0.16732738823312018","0.16732738823312018","0.16732738823312018","","",""
"2666","0.1597038661118653","0.1597038661118653","0.1597038661118653","0.16555063171304352","0.16555063171304352","0.16555063171304352","","",""
"2667","0.16093070589076677","0.16093070589076677","0.16093070589076677","0.16802346556084746","0.16802346556084746","0.16802346556084746","","",""
"2668","0.15883535867902485","0.15883535867902485","0.15883535867902485","0.16658809971839214","0.16658809971839214","0.16658809971839214","","",""
"2669","0.16071520829156313","0.16071520829156313","0.16071520829156313","0.16944589216587946","0.16944589216587946","0.16944589216587946","","",""
"2670","0.15809779946265676","0.15809779946265676","0.15809779946265676","0.16581700450189696","0.16581700450189696","0.16581700450189696","","",""
"2671","0.16124864676713582","0.16124864676713582","0.16124864676713582","0.16707810433225087","0.16707810433225087","0.16707810433225087","","",""
"2672","0.16427688231457718","0.16427688231457718","0.16427688231457718","0.16752892051345722","0.16752892051345722","0.16752892051345722","","",""
"2673","0.16275144002525457","0.16275144002525457","0.16275144002525457","0.17183060580832768","0.17183060580832768","0.17183060580832768","","",""
"2674","0.16292665866988817","0.16292665866988817","0.16292665866988817","0.16595685662047968","0.16595685662047968","0.16595685662047968","","",""
"2675","0.1615176627485196","0.1615176627485196","0.1615176627485196","0.17026534540356453","0.17026534540356453","0.17026534540356453","","",""
"2676","0.1609319871709412","0.1609319871709412","0.1609319871709412","0.1686013750605987","0.1686013750605987","0.1686013750605987","","",""
"2677","0.16116445047661124","0.16116445047661124","0.16116445047661124","0.16623295917060865","0.16623295917060865","0.16623295917060865","","",""
"2678","0.16172936161932475","0.16172936161932475","0.16172936161932475","0.16707554883975737","0.16707554883975737","0.16707554883975737","","",""
"2679","0.16029083101158845","0.16029083101158845","0.16029083101158845","0.16667720942780803","0.16667720942780803","0.16667720942780803","","",""
"2680","0.1653684223086378","0.1653684223086378","0.1653684223086378","0.16833895343581665","0.16833895343581665","0.16833895343581665","","",""
"2681","0.16001786536378024","0.16001786536378024","0.16001786536378024","0.1714417114372185","0.1714417114372185","0.1714417114372185","","",""
"2682","0.16468031205316505","0.16468031205316505","0.16468031205316505","0.16522593333727165","0.16522593333727165","0.16522593333727165","","",""
"2683","0.16191796905970549","0.16191796905970549","0.16191796905970549","0.16716239015078735","0.16716239015078735","0.16716239015078735","","",""
"2684","0.1616032542147359","0.1616032542147359","0.1616032542147359","0.16601884842091666","0.16601884842091666","0.16601884842091666","","",""
"2685","0.1588079508394812","0.1588079508394812","0.1588079508394812","0.16931719519974264","0.16931719519974264","0.16931719519974264","","",""
"2686","0.1596225206188845","0.1596225206188845","0.1596225206188845","0.16882984322720784","0.16882984322720784","0.16882984322720784","","",""
"2687","0.1614401531504436","0.1614401531504436","0.1614401531504436","0.16914997073184546","0.16914997073184546","0.16914997073184546","","",""
"2688","0.15980082480568333","0.15980082480568333","0.15980082480568333","0.16816938282599614","0.16816938282599614","0.16816938282599614","","",""
"2689","0.1626626040007386","0.1626626040007386","0.1626626040007386","0.16872061588681306","0.16872061588681306","0.16872061588681306","","",""
"2690","0.16021733259344023","0.16021733259344023","0.16021733259344023","0.170083726066888","0.170083726066888","0.170083726066888","","",""
"2691","0.16018909165320075","0.16018909165320075","0.16018909165320075","0.16463337359527722","0.16463337359527722","0.16463337359527722","","",""
"2692","0.16001920489666607","0.16001920489666607","0.16001920489666607","0.1674623213498231","0.1674623213498231","0.1674623213498231","","",""
"2693","0.15594117876928223","0.15594117876928223","0.15594117876928223","0.16657064736593066","0.16657064736593066","0.16657064736593066","","",""
"2694","0.16130085409239472","0.16130085409239472","0.16130085409239472","0.16870205956081144","0.16870205956081144","0.16870205956081144","","",""
"2695","0.15912526814121","0.15912526814121","0.15912526814121","0.1694844428195316","0.1694844428195316","0.1694844428195316","","",""
"2696","0.16178173745490163","0.16178173745490163","0.16178173745490163","0.16675205840392093","0.16675205840392093","0.16675205840392093","","",""
"2697","0.1619219971760731","0.1619219971760731","0.1619219971760731","0.16633557588919862","0.16633557588919862","0.16633557588919862","","",""
"2698","0.1599083804435979","0.1599083804435979","0.1599083804435979","0.16807127087087595","0.16807127087087595","0.16807127087087595","","",""
"2699","0.1592680119552509","0.1592680119552509","0.1592680119552509","0.16915862107846444","0.16915862107846444","0.16915862107846444","","",""
"2700","0.1602202177621281","0.1602202177621281","0.1602202177621281","0.17052098943054292","0.17052098943054292","0.17052098943054292","","",""
"2701","0.16035629378499724","0.16035629378499724","0.16035629378499724","0.16852607207642725","0.16852607207642725","0.16852607207642725","","",""
"2702","0.1588898126482379","0.1588898126482379","0.1588898126482379","0.16648576233249243","0.16648576233249243","0.16648576233249243","","",""
"2703","0.16163405315542467","0.16163405315542467","0.16163405315542467","0.16651068246014097","0.16651068246014097","0.16651068246014097","","",""
"2704","0.15803796735196018","0.15803796735196018","0.15803796735196018","0.16849071465066512","0.16849071465066512","0.16849071465066512","","",""
"2705","0.15687474744873345","0.15687474744873345","0.15687474744873345","0.16765404710056497","0.16765404710056497","0.16765404710056497","","",""
"2706","0.15967825464063432","0.15967825464063432","0.15967825464063432","0.168853701321225","0.168853701321225","0.168853701321225","","",""
"2707","0.1603443697313192","0.1603443697313192","0.1603443697313192","0.1673649461823634","0.1673649461823634","0.1673649461823634","","",""
"2708","0.15982183597714525","0.15982183597714525","0.15982183597714525","0.17044951335883987","0.17044951335883987","0.17044951335883987","","",""
"2709","0.15698909869786995","0.15698909869786995","0.15698909869786995","0.16740426961835633","0.16740426961835633","0.16740426961835633","","",""
"2710","0.1604260801072055","0.1604260801072055","0.1604260801072055","0.17024635690532106","0.17024635690532106","0.17024635690532106","","",""
"2711","0.16063714905844484","0.16063714905844484","0.16063714905844484","0.1685608547620346","0.1685608547620346","0.1685608547620346","","",""
"2712","0.16043024327099598","0.16043024327099598","0.16043024327099598","0.1680734891304084","0.1680734891304084","0.1680734891304084","","",""
"2713","0.16190781770108462","0.16190781770108462","0.16190781770108462","0.1671344335215329","0.1671344335215329","0.1671344335215329","","",""
"2714","0.16105209823396788","0.16105209823396788","0.16105209823396788","0.1669389458612414","0.1669389458612414","0.1669389458612414","","",""
"2715","0.1611012191779795","0.1611012191779795","0.1611012191779795","0.16691744295240152","0.16691744295240152","0.16691744295240152","","",""
"2716","0.1642377516066655","0.1642377516066655","0.1642377516066655","0.1672644864447933","0.1672644864447933","0.1672644864447933","","",""
"2717","0.16226085000051393","0.16226085000051393","0.16226085000051393","0.16931256860944757","0.16931256860944757","0.16931256860944757","","",""
"2718","0.16060813384255665","0.16060813384255665","0.16060813384255665","0.16961346459749674","0.16961346459749674","0.16961346459749674","","",""
"2719","0.16048196854942676","0.16048196854942676","0.16048196854942676","0.16966414945568883","0.16966414945568883","0.16966414945568883","","",""
"2720","0.158402936357857","0.158402936357857","0.158402936357857","0.1673545521039029","0.1673545521039029","0.1673545521039029","","",""
"2721","0.16124442397126976","0.16124442397126976","0.16124442397126976","0.17104858916867619","0.17104858916867619","0.17104858916867619","","",""
"2722","0.15801276923655214","0.15801276923655214","0.15801276923655214","0.16610569540656211","0.16610569540656211","0.16610569540656211","","",""
"2723","0.16436908180975565","0.16436908180975565","0.16436908180975565","0.16656523286684355","0.16656523286684355","0.16656523286684355","","",""
"2724","0.16078270991540536","0.16078270991540536","0.16078270991540536","0.1671135825433704","0.1671135825433704","0.1671135825433704","","",""
"2725","0.15936731721217182","0.15936731721217182","0.15936731721217182","0.167418786619241","0.167418786619241","0.167418786619241","","",""
"2726","0.16082636538426662","0.16082636538426662","0.16082636538426662","0.17159479843779069","0.17159479843779069","0.17159479843779069","","",""
"2727","0.15991475902419916","0.15991475902419916","0.15991475902419916","0.16775591276169555","0.16775591276169555","0.16775591276169555","","",""
"2728","0.1600093614609792","0.1600093614609792","0.1600093614609792","0.16648171728185435","0.16648171728185435","0.16648171728185435","","",""
"2729","0.15954039289930164","0.15954039289930164","0.15954039289930164","0.1656903958811413","0.1656903958811413","0.1656903958811413","","",""
"2730","0.15884274905092097","0.15884274905092097","0.15884274905092097","0.16785580056686542","0.16785580056686542","0.16785580056686542","","",""
"2731","0.15762303704076025","0.15762303704076025","0.15762303704076025","0.16727432020441557","0.16727432020441557","0.16727432020441557","","",""
"2732","0.15917151413090017","0.15917151413090017","0.15917151413090017","0.16896970280950885","0.16896970280950885","0.16896970280950885","","",""
"2733","0.1605772787911866","0.1605772787911866","0.1605772787911866","0.16824932741161347","0.16824932741161347","0.16824932741161347","","",""
"2734","0.1619671429784899","0.1619671429784899","0.1619671429784899","0.16572034111510375","0.16572034111510375","0.16572034111510375","","",""
"2735","0.15803057083432487","0.15803057083432487","0.15803057083432487","0.16873120889167928","0.16873120889167928","0.16873120889167928","","",""
"2736","0.15954267363790664","0.15954267363790664","0.15954267363790664","0.16523492890544414","0.16523492890544414","0.16523492890544414","","",""
"2737","0.15963949478022665","0.15963949478022665","0.15963949478022665","0.16787713714234168","0.16787713714234168","0.16787713714234168","","",""
"2738","0.1592832784428249","0.1592832784428249","0.1592832784428249","0.1691493407569461","0.1691493407569461","0.1691493407569461","","",""
"2739","0.16149485060975632","0.16149485060975632","0.16149485060975632","0.16797726300279317","0.16797726300279317","0.16797726300279317","","",""
"2740","0.15887532540639512","0.15887532540639512","0.15887532540639512","0.16693207901835747","0.16693207901835747","0.16693207901835747","","",""
"2741","0.15988082271019322","0.15988082271019322","0.15988082271019322","0.1663790883461157","0.1663790883461157","0.1663790883461157","","",""
"2742","0.16107210649894124","0.16107210649894124","0.16107210649894124","0.16748993346837315","0.16748993346837315","0.16748993346837315","","",""
"2743","0.16169233880738978","0.16169233880738978","0.16169233880738978","0.16770649463812679","0.16770649463812679","0.16770649463812679","","",""
"2744","0.1584002455932459","0.1584002455932459","0.1584002455932459","0.1669548174214082","0.1669548174214082","0.1669548174214082","","",""
"2745","0.16265831234480468","0.16265831234480468","0.16265831234480468","0.1648942509572217","0.1648942509572217","0.1648942509572217","","",""
"2746","0.15873376045476514","0.15873376045476514","0.15873376045476514","0.16838127676391332","0.16838127676391332","0.16838127676391332","","",""
"2747","0.16201447362877247","0.16201447362877247","0.16201447362877247","0.1660993807118419","0.1660993807118419","0.1660993807118419","","",""
"2748","0.16150067724729736","0.16150067724729736","0.16150067724729736","0.16628518170341683","0.16628518170341683","0.16628518170341683","","",""
"2749","0.16241927866060132","0.16241927866060132","0.16241927866060132","0.1654459076367255","0.1654459076367255","0.1654459076367255","","",""
"2750","0.15977421054594199","0.15977421054594199","0.15977421054594199","0.16884643010795786","0.16884643010795786","0.16884643010795786","","",""
"2751","0.16378433507550325","0.16378433507550325","0.16378433507550325","0.16693682339499183","0.16693682339499183","0.16693682339499183","","",""
"2752","0.16082908437413476","0.16082908437413476","0.16082908437413476","0.16634074403111856","0.16634074403111856","0.16634074403111856","","",""
"2753","0.16144028248704673","0.16144028248704673","0.16144028248704673","0.16405118180545353","0.16405118180545353","0.16405118180545353","","",""
"2754","0.16205322305260508","0.16205322305260508","0.16205322305260508","0.17050895699264082","0.17050895699264082","0.17050895699264082","","",""
"2755","0.15995798303568134","0.15995798303568134","0.15995798303568134","0.17213170937593383","0.17213170937593383","0.17213170937593383","","",""
"2756","0.15760452236217773","0.15760452236217773","0.15760452236217773","0.16534486241536958","0.16534486241536958","0.16534486241536958","","",""
"2757","0.1602256000245542","0.1602256000245542","0.1602256000245542","0.16513219203512866","0.16513219203512866","0.16513219203512866","","",""
"2758","0.15861188391500913","0.15861188391500913","0.15861188391500913","0.1694897148496125","0.1694897148496125","0.1694897148496125","","",""
"2759","0.1602692449285316","0.1602692449285316","0.1602692449285316","0.16903471342287726","0.16903471342287726","0.16903471342287726","","",""
"2760","0.16176656365115374","0.16176656365115374","0.16176656365115374","0.16955922778157548","0.16955922778157548","0.16955922778157548","","",""
"2761","0.1576318446469753","0.1576318446469753","0.1576318446469753","0.1665758366416418","0.1665758366416418","0.1665758366416418","","",""
"2762","0.16221331108998585","0.16221331108998585","0.16221331108998585","0.16823110682589262","0.16823110682589262","0.16823110682589262","","",""
"2763","0.1605735011170117","0.1605735011170117","0.1605735011170117","0.16601518279169755","0.16601518279169755","0.16601518279169755","","",""
"2764","0.16103153415244184","0.16103153415244184","0.16103153415244184","0.16684594214509318","0.16684594214509318","0.16684594214509318","","",""
"2765","0.15958344081882783","0.15958344081882783","0.15958344081882783","0.168330730311696","0.168330730311696","0.168330730311696","","",""
"2766","0.16029036888572815","0.16029036888572815","0.16029036888572815","0.16771901177460669","0.16771901177460669","0.16771901177460669","","",""
"2767","0.1610726456578218","0.1610726456578218","0.1610726456578218","0.16514535807924","0.16514535807924","0.16514535807924","","",""
"2768","0.16248418775375603","0.16248418775375603","0.16248418775375603","0.16673735661892333","0.16673735661892333","0.16673735661892333","","",""
"2769","0.15995202039634135","0.15995202039634135","0.15995202039634135","0.1655210423917288","0.1655210423917288","0.1655210423917288","","",""
"2770","0.16043110639456956","0.16043110639456956","0.16043110639456956","0.1678582413415625","0.1678582413415625","0.1678582413415625","","",""
"2771","0.16097081859301468","0.16097081859301468","0.16097081859301468","0.16733666417246165","0.16733666417246165","0.16733666417246165","","",""
"2772","0.15979113556325156","0.15979113556325156","0.15979113556325156","0.1660281286464074","0.1660281286464074","0.1660281286464074","","",""
"2773","0.15736061185545377","0.15736061185545377","0.15736061185545377","0.16781767029556136","0.16781767029556136","0.16781767029556136","","",""
"2774","0.16055541010394334","0.16055541010394334","0.16055541010394334","0.16808671031794986","0.16808671031794986","0.16808671031794986","","",""
"2775","0.16213905638532683","0.16213905638532683","0.16213905638532683","0.1707521095187591","0.1707521095187591","0.1707521095187591","","",""
"2776","0.15762040311246958","0.15762040311246958","0.15762040311246958","0.16826862138152485","0.16826862138152485","0.16826862138152485","","",""
"2777","0.1646912381790318","0.1646912381790318","0.1646912381790318","0.16926936956011499","0.16926936956011499","0.16926936956011499","","",""
"2778","0.16155827113168006","0.16155827113168006","0.16155827113168006","0.16894373653056693","0.16894373653056693","0.16894373653056693","","",""
"2779","0.16151734648286334","0.16151734648286334","0.16151734648286334","0.16691998524162532","0.16691998524162532","0.16691998524162532","","",""
"2780","0.1619931484550645","0.1619931484550645","0.1619931484550645","0.17023694360408614","0.17023694360408614","0.17023694360408614","","",""
"2781","0.16153122616599644","0.16153122616599644","0.16153122616599644","0.16832709586327876","0.16832709586327876","0.16832709586327876","","",""
"2782","0.15921834848906793","0.15921834848906793","0.15921834848906793","0.1675790559771244","0.1675790559771244","0.1675790559771244","","",""
"2783","0.1612316318763799","0.1612316318763799","0.1612316318763799","0.16708936887304163","0.16708936887304163","0.16708936887304163","","",""
"2784","0.16203905382165337","0.16203905382165337","0.16203905382165337","0.16713669975202403","0.16713669975202403","0.16713669975202403","","",""
"2785","0.15960519786353708","0.15960519786353708","0.15960519786353708","0.1690497066114123","0.1690497066114123","0.1690497066114123","","",""
"2786","0.16178028112554602","0.16178028112554602","0.16178028112554602","0.16872807724398617","0.16872807724398617","0.16872807724398617","","",""
"2787","0.15510397732836165","0.15510397732836165","0.15510397732836165","0.16793083715205462","0.16793083715205462","0.16793083715205462","","",""
"2788","0.15901681372500107","0.15901681372500107","0.15901681372500107","0.16877720082931816","0.16877720082931816","0.16877720082931816","","",""
"2789","0.15922585713632884","0.15922585713632884","0.15922585713632884","0.16716256869327958","0.16716256869327958","0.16716256869327958","","",""
"2790","0.16180555997622573","0.16180555997622573","0.16180555997622573","0.17033518560167407","0.17033518560167407","0.17033518560167407","","",""
"2791","0.16089170864416855","0.16089170864416855","0.16089170864416855","0.16731843706835992","0.16731843706835992","0.16731843706835992","","",""
"2792","0.15989987311574985","0.15989987311574985","0.15989987311574985","0.16800805412177833","0.16800805412177833","0.16800805412177833","","",""
"2793","0.15646335294152758","0.15646335294152758","0.15646335294152758","0.1689344688087977","0.1689344688087977","0.1689344688087977","","",""
"2794","0.15768147423970377","0.15768147423970377","0.15768147423970377","0.17005790024815182","0.17005790024815182","0.17005790024815182","","",""
"2795","0.16244022531174188","0.16244022531174188","0.16244022531174188","0.165463545952056","0.165463545952056","0.165463545952056","","",""
"2796","0.1617810365112994","0.1617810365112994","0.1617810365112994","0.1679168428089459","0.1679168428089459","0.1679168428089459","","",""
"2797","0.1599720619456234","0.1599720619456234","0.1599720619456234","0.16654419124577338","0.16654419124577338","0.16654419124577338","","",""
"2798","0.16306591635396023","0.16306591635396023","0.16306591635396023","0.16543256712803217","0.16543256712803217","0.16543256712803217","","",""
"2799","0.1614575501260865","0.1614575501260865","0.1614575501260865","0.1650955509053603","0.1650955509053603","0.1650955509053603","","",""
"2800","0.16634074343824454","0.16634074343824454","0.16634074343824454","0.16564357994072276","0.16564357994072276","0.16564357994072276","","",""
"2801","0.15862994117552484","0.15862994117552484","0.15862994117552484","0.16701005610709355","0.16701005610709355","0.16701005610709355","","",""
"2802","0.162073441156761","0.162073441156761","0.162073441156761","0.16888782721786846","0.16888782721786846","0.16888782721786846","","",""
"2803","0.15915645287825567","0.15915645287825567","0.15915645287825567","0.1649245799724598","0.1649245799724598","0.1649245799724598","","",""
"2804","0.1579208130877293","0.1579208130877293","0.1579208130877293","0.16594914773134484","0.16594914773134484","0.16594914773134484","","",""
"2805","0.1624399479930509","0.1624399479930509","0.1624399479930509","0.16761123449783075","0.16761123449783075","0.16761123449783075","","",""
"2806","0.16112735394503816","0.16112735394503816","0.16112735394503816","0.168966625609172","0.168966625609172","0.168966625609172","","",""
"2807","0.16033084632449754","0.16033084632449754","0.16033084632449754","0.1662563246172574","0.1662563246172574","0.1662563246172574","","",""
"2808","0.15994657872117526","0.15994657872117526","0.15994657872117526","0.16852809446940445","0.16852809446940445","0.16852809446940445","","",""
"2809","0.16385165446576855","0.16385165446576855","0.16385165446576855","0.16539348645841098","0.16539348645841098","0.16539348645841098","","",""
"2810","0.15895513402690264","0.15895513402690264","0.15895513402690264","0.17021437142125084","0.17021437142125084","0.17021437142125084","","",""
"2811","0.160367746854581","0.160367746854581","0.160367746854581","0.1692686767688912","0.1692686767688912","0.1692686767688912","","",""
"2812","0.16283396511988116","0.16283396511988116","0.16283396511988116","0.17094093617746328","0.17094093617746328","0.17094093617746328","","",""
"2813","0.16141940797066395","0.16141940797066395","0.16141940797066395","0.16362749705124605","0.16362749705124605","0.16362749705124605","","",""
"2814","0.15749456774458656","0.15749456774458656","0.15749456774458656","0.16852965908600656","0.16852965908600656","0.16852965908600656","","",""
"2815","0.16204867081013646","0.16204867081013646","0.16204867081013646","0.16843240685321628","0.16843240685321628","0.16843240685321628","","",""
"2816","0.15875092349006878","0.15875092349006878","0.15875092349006878","0.1671810500667756","0.1671810500667756","0.1671810500667756","","",""
"2817","0.15741578955047142","0.15741578955047142","0.15741578955047142","0.16872578458572363","0.16872578458572363","0.16872578458572363","","",""
"2818","0.16176990198843155","0.16176990198843155","0.16176990198843155","0.1677466904260123","0.1677466904260123","0.1677466904260123","","",""
"2819","0.15819199449028845","0.15819199449028845","0.15819199449028845","0.1677609741400183","0.1677609741400183","0.1677609741400183","","",""
"2820","0.15976259484745783","0.15976259484745783","0.15976259484745783","0.17147933534561585","0.17147933534561585","0.17147933534561585","","",""
"2821","0.16300252885701064","0.16300252885701064","0.16300252885701064","0.16569712774754095","0.16569712774754095","0.16569712774754095","","",""
"2822","0.15979138569482523","0.15979138569482523","0.15979138569482523","0.16748881062533794","0.16748881062533794","0.16748881062533794","","",""
"2823","0.1616617543630849","0.1616617543630849","0.1616617543630849","0.16734815303486208","0.16734815303486208","0.16734815303486208","","",""
"2824","0.1598904859176418","0.1598904859176418","0.1598904859176418","0.1686019243491673","0.1686019243491673","0.1686019243491673","","",""
"2825","0.15903231017584155","0.15903231017584155","0.15903231017584155","0.17037870533119312","0.17037870533119312","0.17037870533119312","","",""
"2826","0.1625357449525716","0.1625357449525716","0.1625357449525716","0.16482981210135636","0.16482981210135636","0.16482981210135636","","",""
"2827","0.1603807623217802","0.1603807623217802","0.1603807623217802","0.1699196769620508","0.1699196769620508","0.1699196769620508","","",""
"2828","0.16189074066456882","0.16189074066456882","0.16189074066456882","0.16866783003570615","0.16866783003570615","0.16866783003570615","","",""
"2829","0.16002609250456326","0.16002609250456326","0.16002609250456326","0.1669144627282202","0.1669144627282202","0.1669144627282202","","",""
"2830","0.1578860536413403","0.1578860536413403","0.1578860536413403","0.16568592371739752","0.16568592371739752","0.16568592371739752","","",""
"2831","0.16387101530199302","0.16387101530199302","0.16387101530199302","0.16907287135916327","0.16907287135916327","0.16907287135916327","","",""
"2832","0.16000915211598385","0.16000915211598385","0.16000915211598385","0.1704171982092607","0.1704171982092607","0.1704171982092607","","",""
"2833","0.16076576240272647","0.16076576240272647","0.16076576240272647","0.1672446216446175","0.1672446216446175","0.1672446216446175","","",""
"2834","0.16223813042145532","0.16223813042145532","0.16223813042145532","0.1641869910533608","0.1641869910533608","0.1641869910533608","","",""
"2835","0.16563412137887953","0.16563412137887953","0.16563412137887953","0.16749260438594213","0.16749260438594213","0.16749260438594213","","",""
"2836","0.15681130558270362","0.15681130558270362","0.15681130558270362","0.16792478504091124","0.16792478504091124","0.16792478504091124","","",""
"2837","0.16331857713703188","0.16331857713703188","0.16331857713703188","0.16661962688154527","0.16661962688154527","0.16661962688154527","","",""
"2838","0.16121722847573539","0.16121722847573539","0.16121722847573539","0.1651884004052032","0.1651884004052032","0.1651884004052032","","",""
"2839","0.15816076832560552","0.15816076832560552","0.15816076832560552","0.16765782561369272","0.16765782561369272","0.16765782561369272","","",""
"2840","0.1585464475634478","0.1585464475634478","0.1585464475634478","0.1626235568786651","0.1626235568786651","0.1626235568786651","","",""
"2841","0.16090909109192844","0.16090909109192844","0.16090909109192844","0.16544937621372227","0.16544937621372227","0.16544937621372227","","",""
"2842","0.15882144901927325","0.15882144901927325","0.15882144901927325","0.16704747264251155","0.16704747264251155","0.16704747264251155","","",""
"2843","0.1623272293784306","0.1623272293784306","0.1623272293784306","0.1691533519652703","0.1691533519652703","0.1691533519652703","","",""
"2844","0.15948418278332388","0.15948418278332388","0.15948418278332388","0.16430961770840277","0.16430961770840277","0.16430961770840277","","",""
"2845","0.16145856942935422","0.16145856942935422","0.16145856942935422","0.16873391143842476","0.16873391143842476","0.16873391143842476","","",""
"2846","0.15879970767380505","0.15879970767380505","0.15879970767380505","0.16482835426794387","0.16482835426794387","0.16482835426794387","","",""
"2847","0.1604195117195313","0.1604195117195313","0.1604195117195313","0.16767815339435344","0.16767815339435344","0.16767815339435344","","",""
"2848","0.16001124908764344","0.16001124908764344","0.16001124908764344","0.1685991759532419","0.1685991759532419","0.1685991759532419","","",""
"2849","0.15948263426085632","0.15948263426085632","0.15948263426085632","0.16744512542313097","0.16744512542313097","0.16744512542313097","","",""
"2850","0.15954899615340293","0.15954899615340293","0.15954899615340293","0.16901226207918726","0.16901226207918726","0.16901226207918726","","",""
"2851","0.1612622018816819","0.1612622018816819","0.1612622018816819","0.16759759612271863","0.16759759612271863","0.16759759612271863","","",""
"2852","0.16087523687451596","0.16087523687451596","0.16087523687451596","0.17011034479458573","0.17011034479458573","0.17011034479458573","","",""
"2853","0.15974873336994116","0.15974873336994116","0.15974873336994116","0.16512437221904472","0.16512437221904472","0.16512437221904472","","",""
"2854","0.16137961458934383","0.16137961458934383","0.16137961458934383","0.16441748147500113","0.16441748147500113","0.16441748147500113","","",""
"2855","0.1587901975751411","0.1587901975751411","0.1587901975751411","0.16869285160624684","0.16869285160624684","0.16869285160624684","","",""
"2856","0.15885295099994545","0.15885295099994545","0.15885295099994545","0.16552295828692817","0.16552295828692817","0.16552295828692817","","",""
"2857","0.16009915318570825","0.16009915318570825","0.16009915318570825","0.16830951533516672","0.16830951533516672","0.16830951533516672","","",""
"2858","0.16207741889927949","0.16207741889927949","0.16207741889927949","0.16804626576927886","0.16804626576927886","0.16804626576927886","","",""
"2859","0.15822032346109097","0.15822032346109097","0.15822032346109097","0.16691671113217862","0.16691671113217862","0.16691671113217862","","",""
"2860","0.15813728095469629","0.15813728095469629","0.15813728095469629","0.1662659983963928","0.1662659983963928","0.1662659983963928","","",""
"2861","0.1635473912441983","0.1635473912441983","0.1635473912441983","0.16646162137358814","0.16646162137358814","0.16646162137358814","","",""
"2862","0.16057479002016864","0.16057479002016864","0.16057479002016864","0.16845253114152023","0.16845253114152023","0.16845253114152023","","",""
"2863","0.15765149905859735","0.15765149905859735","0.15765149905859735","0.16618407679906286","0.16618407679906286","0.16618407679906286","","",""
"2864","0.1581468737180208","0.1581468737180208","0.1581468737180208","0.16812591670505717","0.16812591670505717","0.16812591670505717","","",""
"2865","0.16158022649120526","0.16158022649120526","0.16158022649120526","0.16416454679930387","0.16416454679930387","0.16416454679930387","","",""
"2866","0.1580559839069503","0.1580559839069503","0.1580559839069503","0.1691769492640239","0.1691769492640239","0.1691769492640239","","",""
"2867","0.16288066964672912","0.16288066964672912","0.16288066964672912","0.1638525382418319","0.1638525382418319","0.1638525382418319","","",""
"2868","0.16220338292097367","0.16220338292097367","0.16220338292097367","0.16981286481441452","0.16981286481441452","0.16981286481441452","","",""
"2869","0.1591890922553029","0.1591890922553029","0.1591890922553029","0.1660270514313815","0.1660270514313815","0.1660270514313815","","",""
"2870","0.15776463027842333","0.15776463027842333","0.15776463027842333","0.16764214948518097","0.16764214948518097","0.16764214948518097","","",""
"2871","0.15722280576420244","0.15722280576420244","0.15722280576420244","0.1651601902343097","0.1651601902343097","0.1651601902343097","","",""
"2872","0.15962151447227765","0.15962151447227765","0.15962151447227765","0.16738131104748533","0.16738131104748533","0.16738131104748533","","",""
"2873","0.16223524147366716","0.16223524147366716","0.16223524147366716","0.1667229813229939","0.1667229813229939","0.1667229813229939","","",""
"2874","0.16073380830587558","0.16073380830587558","0.16073380830587558","0.1657344518093822","0.1657344518093822","0.1657344518093822","","",""
"2875","0.16127888370251975","0.16127888370251975","0.16127888370251975","0.1670676811755818","0.1670676811755818","0.1670676811755818","","",""
"2876","0.16261166235796518","0.16261166235796518","0.16261166235796518","0.17053614273010934","0.17053614273010934","0.17053614273010934","","",""
"2877","0.16016382583475772","0.16016382583475772","0.16016382583475772","0.16488387227253495","0.16488387227253495","0.16488387227253495","","",""
"2878","0.1588632707047852","0.1588632707047852","0.1588632707047852","0.16810880035859374","0.16810880035859374","0.16810880035859374","","",""
"2879","0.16012330406399314","0.16012330406399314","0.16012330406399314","0.16889876138596627","0.16889876138596627","0.16889876138596627","","",""
"2880","0.15985398131398823","0.15985398131398823","0.15985398131398823","0.16712250498898618","0.16712250498898618","0.16712250498898618","","",""
"2881","0.1617685612417614","0.1617685612417614","0.1617685612417614","0.16635053355868498","0.16635053355868498","0.16635053355868498","","",""
"2882","0.15996198018150828","0.15996198018150828","0.15996198018150828","0.16836097575816214","0.16836097575816214","0.16836097575816214","","",""
"2883","0.16097430452652786","0.16097430452652786","0.16097430452652786","0.1675349902804063","0.1675349902804063","0.1675349902804063","","",""
"2884","0.16175625327270668","0.16175625327270668","0.16175625327270668","0.16950953674587918","0.16950953674587918","0.16950953674587918","","",""
"2885","0.1614018227626585","0.1614018227626585","0.1614018227626585","0.16592589738817495","0.16592589738817495","0.16592589738817495","","",""
"2886","0.1611802498713136","0.1611802498713136","0.1611802498713136","0.16922935182422694","0.16922935182422694","0.16922935182422694","","",""
"2887","0.16233788508463362","0.16233788508463362","0.16233788508463362","0.16541507510852785","0.16541507510852785","0.16541507510852785","","",""
"2888","0.15859782599098482","0.15859782599098482","0.15859782599098482","0.16540724037256818","0.16540724037256818","0.16540724037256818","","",""
"2889","0.16063045610533086","0.16063045610533086","0.16063045610533086","0.1635325714617046","0.1635325714617046","0.1635325714617046","","",""
"2890","0.16015959357373663","0.16015959357373663","0.16015959357373663","0.1640551702525706","0.1640551702525706","0.1640551702525706","","",""
"2891","0.16187005147994016","0.16187005147994016","0.16187005147994016","0.16763787204649497","0.16763787204649497","0.16763787204649497","","",""
"2892","0.15785222096059928","0.15785222096059928","0.15785222096059928","0.16464049453548735","0.16464049453548735","0.16464049453548735","","",""
"2893","0.1595166354107124","0.1595166354107124","0.1595166354107124","0.16321159135725774","0.16321159135725774","0.16321159135725774","","",""
"2894","0.16034484868396992","0.16034484868396992","0.16034484868396992","0.16697952363148785","0.16697952363148785","0.16697952363148785","","",""
"2895","0.16030645981656902","0.16030645981656902","0.16030645981656902","0.1684306173402245","0.1684306173402245","0.1684306173402245","","",""
"2896","0.15891176004245736","0.15891176004245736","0.15891176004245736","0.16464837113380662","0.16464837113380662","0.16464837113380662","","",""
"2897","0.15882860036140553","0.15882860036140553","0.15882860036140553","0.16435976993939158","0.16435976993939158","0.16435976993939158","","",""
"2898","0.1640668842569567","0.1640668842569567","0.1640668842569567","0.1657134479219841","0.1657134479219841","0.1657134479219841","","",""
"2899","0.16065899415711912","0.16065899415711912","0.16065899415711912","0.16474353103707792","0.16474353103707792","0.16474353103707792","","",""
"2900","0.15717303692369894","0.15717303692369894","0.15717303692369894","0.16642574268134538","0.16642574268134538","0.16642574268134538","","",""
"2901","0.16240237596925175","0.16240237596925175","0.16240237596925175","0.16723939340563235","0.16723939340563235","0.16723939340563235","","",""
"2902","0.15909456525215027","0.15909456525215027","0.15909456525215027","0.16228895003119664","0.16228895003119664","0.16228895003119664","","",""
"2903","0.16231513737674835","0.16231513737674835","0.16231513737674835","0.16753291014833463","0.16753291014833463","0.16753291014833463","","",""
"2904","0.1546692377208279","0.1546692377208279","0.1546692377208279","0.16706777522162145","0.16706777522162145","0.16706777522162145","","",""
"2905","0.1625716644261385","0.1625716644261385","0.1625716644261385","0.16695075963394657","0.16695075963394657","0.16695075963394657","","",""
"2906","0.15996308781601","0.15996308781601","0.15996308781601","0.16791746329087653","0.16791746329087653","0.16791746329087653","","",""
"2907","0.16064740468234398","0.16064740468234398","0.16064740468234398","0.16760986382655538","0.16760986382655538","0.16760986382655538","","",""
"2908","0.16165937598179136","0.16165937598179136","0.16165937598179136","0.1660314540138234","0.1660314540138234","0.1660314540138234","","",""
"2909","0.1582744759858434","0.1582744759858434","0.1582744759858434","0.16733257146349256","0.16733257146349256","0.16733257146349256","","",""
"2910","0.15907370343340524","0.15907370343340524","0.15907370343340524","0.16790981784298156","0.16790981784298156","0.16790981784298156","","",""
"2911","0.16039851934407043","0.16039851934407043","0.16039851934407043","0.16419462362392886","0.16419462362392886","0.16419462362392886","","",""
"2912","0.16001066343775117","0.16001066343775117","0.16001066343775117","0.16630259931647848","0.16630259931647848","0.16630259931647848","","",""
"2913","0.1610307481325256","0.1610307481325256","0.1610307481325256","0.16660866004330563","0.16660866004330563","0.16660866004330563","","",""
"2914","0.16041589354626853","0.16041589354626853","0.16041589354626853","0.1653824592002431","0.1653824592002431","0.1653824592002431","","",""
"2915","0.15935627355707097","0.15935627355707097","0.15935627355707097","0.16599952830402195","0.16599952830402195","0.16599952830402195","","",""
"2916","0.16162799267192543","0.16162799267192543","0.16162799267192543","0.16570217461605977","0.16570217461605977","0.16570217461605977","","",""
"2917","0.15966063530181906","0.15966063530181906","0.15966063530181906","0.16682464953784848","0.16682464953784848","0.16682464953784848","","",""
"2918","0.16072272398383056","0.16072272398383056","0.16072272398383056","0.16644334683980297","0.16644334683980297","0.16644334683980297","","",""
"2919","0.16110411004851966","0.16110411004851966","0.16110411004851966","0.1662616006352712","0.1662616006352712","0.1662616006352712","","",""
"2920","0.1652205389675404","0.1652205389675404","0.1652205389675404","0.1684349655368703","0.1684349655368703","0.1684349655368703","","",""
"2921","0.15928167160306325","0.15928167160306325","0.15928167160306325","0.16550011584955465","0.16550011584955465","0.16550011584955465","","",""
"2922","0.16135948378304257","0.16135948378304257","0.16135948378304257","0.16674788137117688","0.16674788137117688","0.16674788137117688","","",""
"2923","0.16349215895597594","0.16349215895597594","0.16349215895597594","0.16448834804013018","0.16448834804013018","0.16448834804013018","","",""
"2924","0.1592380656834086","0.1592380656834086","0.1592380656834086","0.16465998816127567","0.16465998816127567","0.16465998816127567","","",""
"2925","0.16142122157452674","0.16142122157452674","0.16142122157452674","0.1677359380125547","0.1677359380125547","0.1677359380125547","","",""
"2926","0.16172988632191912","0.16172988632191912","0.16172988632191912","0.16482008959403524","0.16482008959403524","0.16482008959403524","","",""
"2927","0.16207218733722398","0.16207218733722398","0.16207218733722398","0.1646828325153539","0.1646828325153539","0.1646828325153539","","",""
"2928","0.16010609889239166","0.16010609889239166","0.16010609889239166","0.16751240172797618","0.16751240172797618","0.16751240172797618","","",""
"2929","0.16055444647701997","0.16055444647701997","0.16055444647701997","0.16768109112957122","0.16768109112957122","0.16768109112957122","","",""
"2930","0.16128131656119146","0.16128131656119146","0.16128131656119146","0.16859490174023695","0.16859490174023695","0.16859490174023695","","",""
"2931","0.15863255480834756","0.15863255480834756","0.15863255480834756","0.1670467324938789","0.1670467324938789","0.1670467324938789","","",""
"2932","0.15741279232728342","0.15741279232728342","0.15741279232728342","0.16618380963785098","0.16618380963785098","0.16618380963785098","","",""
"2933","0.1601742999041941","0.1601742999041941","0.1601742999041941","0.16565927993144136","0.16565927993144136","0.16565927993144136","","",""
"2934","0.16176388366292413","0.16176388366292413","0.16176388366292413","0.16776016348272813","0.16776016348272813","0.16776016348272813","","",""
"2935","0.1641430885441317","0.1641430885441317","0.1641430885441317","0.17151949845480355","0.17151949845480355","0.17151949845480355","","",""
"2936","0.1611044910086139","0.1611044910086139","0.1611044910086139","0.16295823325683845","0.16295823325683845","0.16295823325683845","","",""
"2937","0.15822571904995594","0.15822571904995594","0.15822571904995594","0.16654670251114684","0.16654670251114684","0.16654670251114684","","",""
"2938","0.1616437462245858","0.1616437462245858","0.1616437462245858","0.16705216006132362","0.16705216006132362","0.16705216006132362","","",""
"2939","0.16111907413148097","0.16111907413148097","0.16111907413148097","0.16653664973026253","0.16653664973026253","0.16653664973026253","","",""
"2940","0.16008909440566796","0.16008909440566796","0.16008909440566796","0.16979067870528156","0.16979067870528156","0.16979067870528156","","",""
"2941","0.16227425525850606","0.16227425525850606","0.16227425525850606","0.16820957205062456","0.16820957205062456","0.16820957205062456","","",""
"2942","0.15826236284158243","0.15826236284158243","0.15826236284158243","0.1671492109337626","0.1671492109337626","0.1671492109337626","","",""
"2943","0.15924604038272105","0.15924604038272105","0.15924604038272105","0.1661488617241945","0.1661488617241945","0.1661488617241945","","",""
"2944","0.1594758307742912","0.1594758307742912","0.1594758307742912","0.16724552212820487","0.16724552212820487","0.16724552212820487","","",""
"2945","0.15955344434572583","0.15955344434572583","0.15955344434572583","0.16663097337472285","0.16663097337472285","0.16663097337472285","","",""
"2946","0.1576773356857257","0.1576773356857257","0.1576773356857257","0.16509409348526924","0.16509409348526924","0.16509409348526924","","",""
"2947","0.16017365881121767","0.16017365881121767","0.16017365881121767","0.16513268376109927","0.16513268376109927","0.16513268376109927","","",""
"2948","0.1588722646546257","0.1588722646546257","0.1588722646546257","0.16739377857804405","0.16739377857804405","0.16739377857804405","","",""
"2949","0.16040118219873592","0.16040118219873592","0.16040118219873592","0.16645885758046064","0.16645885758046064","0.16645885758046064","","",""
"2950","0.1614640490769952","0.1614640490769952","0.1614640490769952","0.16860123414523545","0.16860123414523545","0.16860123414523545","","",""
"2951","0.1617021502208457","0.1617021502208457","0.1617021502208457","0.16558956922955018","0.16558956922955018","0.16558956922955018","","",""
"2952","0.1617423085577943","0.1617423085577943","0.1617423085577943","0.1673419936574805","0.1673419936574805","0.1673419936574805","","",""
"2953","0.15947130071963012","0.15947130071963012","0.15947130071963012","0.1679961939206899","0.1679961939206899","0.1679961939206899","","",""
"2954","0.16102240883940688","0.16102240883940688","0.16102240883940688","0.1688362650473575","0.1688362650473575","0.1688362650473575","","",""
"2955","0.15771557048819507","0.15771557048819507","0.15771557048819507","0.17121479668188452","0.17121479668188452","0.17121479668188452","","",""
"2956","0.15912864358148393","0.15912864358148393","0.15912864358148393","0.16511320327329485","0.16511320327329485","0.16511320327329485","","",""
"2957","0.16100081981919226","0.16100081981919226","0.16100081981919226","0.16580638987107257","0.16580638987107257","0.16580638987107257","","",""
"2958","0.16126418887324517","0.16126418887324517","0.16126418887324517","0.16583286940062195","0.16583286940062195","0.16583286940062195","","",""
"2959","0.1642406896223885","0.1642406896223885","0.1642406896223885","0.166659579677419","0.166659579677419","0.166659579677419","","",""
"2960","0.16024943294189317","0.16024943294189317","0.16024943294189317","0.1677964489787476","0.1677964489787476","0.1677964489787476","","",""
"2961","0.15953958094153373","0.15953958094153373","0.15953958094153373","0.16775126564481616","0.16775126564481616","0.16775126564481616","","",""
"2962","0.1588749595251334","0.1588749595251334","0.1588749595251334","0.16597149286436252","0.16597149286436252","0.16597149286436252","","",""
"2963","0.1589489358577477","0.1589489358577477","0.1589489358577477","0.1673952284689971","0.1673952284689971","0.1673952284689971","","",""
"2964","0.15924710641563816","0.15924710641563816","0.15924710641563816","0.16740472081793564","0.16740472081793564","0.16740472081793564","","",""
"2965","0.15851521206449085","0.15851521206449085","0.15851521206449085","0.16578774639790098","0.16578774639790098","0.16578774639790098","","",""
"2966","0.15898455565754038","0.15898455565754038","0.15898455565754038","0.16538140049025332","0.16538140049025332","0.16538140049025332","","",""
"2967","0.16219631770608794","0.16219631770608794","0.16219631770608794","0.1656693921677556","0.1656693921677556","0.1656693921677556","","",""
"2968","0.1586495598294966","0.1586495598294966","0.1586495598294966","0.171660879395879","0.171660879395879","0.171660879395879","","",""
"2969","0.15938837232122471","0.15938837232122471","0.15938837232122471","0.16663811887047422","0.16663811887047422","0.16663811887047422","","",""
"2970","0.15725111892078342","0.15725111892078342","0.15725111892078342","0.16563118152140402","0.16563118152140402","0.16563118152140402","","",""
"2971","0.16168760025656348","0.16168760025656348","0.16168760025656348","0.1686887173694984","0.1686887173694984","0.1686887173694984","","",""
"2972","0.1630949536320486","0.1630949536320486","0.1630949536320486","0.16493904967464584","0.16493904967464584","0.16493904967464584","","",""
"2973","0.16521732404660622","0.16521732404660622","0.16521732404660622","0.16850317021750308","0.16850317021750308","0.16850317021750308","","",""
"2974","0.16083424921079656","0.16083424921079656","0.16083424921079656","0.16456082259292923","0.16456082259292923","0.16456082259292923","","",""
"2975","0.16045015244012786","0.16045015244012786","0.16045015244012786","0.16479788369267098","0.16479788369267098","0.16479788369267098","","",""
"2976","0.1601121694374447","0.1601121694374447","0.1601121694374447","0.16577782452682413","0.16577782452682413","0.16577782452682413","","",""
"2977","0.1587168167791049","0.1587168167791049","0.1587168167791049","0.16803223659415056","0.16803223659415056","0.16803223659415056","","",""
"2978","0.15916105664826372","0.15916105664826372","0.15916105664826372","0.1650636511509054","0.1650636511509054","0.1650636511509054","","",""
"2979","0.16025109873227758","0.16025109873227758","0.16025109873227758","0.17148719875287408","0.17148719875287408","0.17148719875287408","","",""
"2980","0.16159813365716916","0.16159813365716916","0.16159813365716916","0.1678317381534331","0.1678317381534331","0.1678317381534331","","",""
"2981","0.16053877985278678","0.16053877985278678","0.16053877985278678","0.16657225034491888","0.16657225034491888","0.16657225034491888","","",""
"2982","0.15976463449221226","0.15976463449221226","0.15976463449221226","0.1648791257853067","0.1648791257853067","0.1648791257853067","","",""
"2983","0.16180297002317115","0.16180297002317115","0.16180297002317115","0.16284350528384242","0.16284350528384242","0.16284350528384242","","",""
"2984","0.15939745847028197","0.15939745847028197","0.15939745847028197","0.16603656835897754","0.16603656835897754","0.16603656835897754","","",""
"2985","0.15999613791116574","0.15999613791116574","0.15999613791116574","0.16855160374487102","0.16855160374487102","0.16855160374487102","","",""
"2986","0.1624899497955329","0.1624899497955329","0.1624899497955329","0.16580290020418367","0.16580290020418367","0.16580290020418367","","",""
"2987","0.15682711486302622","0.15682711486302622","0.15682711486302622","0.16421182023296835","0.16421182023296835","0.16421182023296835","","",""
"2988","0.1604116518720878","0.1604116518720878","0.1604116518720878","0.1637687467610929","0.1637687467610929","0.1637687467610929","","",""
"2989","0.16016003269350335","0.16016003269350335","0.16016003269350335","0.16460962400885323","0.16460962400885323","0.16460962400885323","","",""
"2990","0.16051524557861582","0.16051524557861582","0.16051524557861582","0.16859733757687112","0.16859733757687112","0.16859733757687112","","",""
"2991","0.1592135344781964","0.1592135344781964","0.1592135344781964","0.1678515765033771","0.1678515765033771","0.1678515765033771","","",""
"2992","0.16185863400434145","0.16185863400434145","0.16185863400434145","0.16625152717883931","0.16625152717883931","0.16625152717883931","","",""
"2993","0.1592635374799849","0.1592635374799849","0.1592635374799849","0.16717598688686575","0.16717598688686575","0.16717598688686575","","",""
"2994","0.16151863013741038","0.16151863013741038","0.16151863013741038","0.16279130305466968","0.16279130305466968","0.16279130305466968","","",""
"2995","0.1621742002238005","0.1621742002238005","0.1621742002238005","0.16634804525339786","0.16634804525339786","0.16634804525339786","","",""
"2996","0.15845534303991562","0.15845534303991562","0.15845534303991562","0.16452656461700568","0.16452656461700568","0.16452656461700568","","",""
"2997","0.16236852396221244","0.16236852396221244","0.16236852396221244","0.16477277862672396","0.16477277862672396","0.16477277862672396","","",""
"2998","0.15967508859809457","0.15967508859809457","0.15967508859809457","0.16518029245051116","0.16518029245051116","0.16518029245051116","","",""
"2999","0.15973205864287185","0.15973205864287185","0.15973205864287185","0.16604536930700145","0.16604536930700145","0.16604536930700145","","",""
"3000","0.16227650766458837","0.16227650766458837","0.16227650766458837","0.16718191973271346","0.16718191973271346","0.16718191973271346","","",""
"3001","0.1583354352820218","0.1583354352820218","0.1583354352820218","0.16496451906275297","0.16496451906275297","0.16496451906275297","","",""
"3002","0.16165606234558663","0.16165606234558663","0.16165606234558663","0.1668889749845739","0.1668889749845739","0.1668889749845739","","",""
"3003","0.1617664921912795","0.1617664921912795","0.1617664921912795","0.16331843303795934","0.16331843303795934","0.16331843303795934","","",""
"3004","0.16244424534847887","0.16244424534847887","0.16244424534847887","0.1659400108834472","0.1659400108834472","0.1659400108834472","","",""
"3005","0.1597953409691654","0.1597953409691654","0.1597953409691654","0.16480845315609768","0.16480845315609768","0.16480845315609768","","",""
"3006","0.16136122693001145","0.16136122693001145","0.16136122693001145","0.16677838694552524","0.16677838694552524","0.16677838694552524","","",""
"3007","0.15904471574546478","0.15904471574546478","0.15904471574546478","0.16675250004973366","0.16675250004973366","0.16675250004973366","","",""
"3008","0.1568786454051873","0.1568786454051873","0.1568786454051873","0.16762012055614853","0.16762012055614853","0.16762012055614853","","",""
"3009","0.15960747214450768","0.15960747214450768","0.15960747214450768","0.16780386122576305","0.16780386122576305","0.16780386122576305","","",""
"3010","0.15974689660654084","0.15974689660654084","0.15974689660654084","0.16505066894100695","0.16505066894100695","0.16505066894100695","","",""
"3011","0.15881379730677464","0.15881379730677464","0.15881379730677464","0.16530870639268405","0.16530870639268405","0.16530870639268405","","",""
"3012","0.16290805444655385","0.16290805444655385","0.16290805444655385","0.16856912718332995","0.16856912718332995","0.16856912718332995","","",""
"3013","0.15746741221646463","0.15746741221646463","0.15746741221646463","0.16638981838548864","0.16638981838548864","0.16638981838548864","","",""
"3014","0.15729277736414693","0.15729277736414693","0.15729277736414693","0.16811334113178744","0.16811334113178744","0.16811334113178744","","",""
"3015","0.1587030168624077","0.1587030168624077","0.1587030168624077","0.16493667569364343","0.16493667569364343","0.16493667569364343","","",""
"3016","0.1601163206510127","0.1601163206510127","0.1601163206510127","0.1642959756635032","0.1642959756635032","0.1642959756635032","","",""
"3017","0.15828270748522086","0.15828270748522086","0.15828270748522086","0.16622799640195057","0.16622799640195057","0.16622799640195057","","",""
"3018","0.16205827548754276","0.16205827548754276","0.16205827548754276","0.16696068478154555","0.16696068478154555","0.16696068478154555","","",""
"3019","0.15808007539141675","0.15808007539141675","0.15808007539141675","0.16590712132772983","0.16590712132772983","0.16590712132772983","","",""
"3020","0.15797416783638804","0.15797416783638804","0.15797416783638804","0.16429069773214774","0.16429069773214774","0.16429069773214774","","",""
"3021","0.16103578868961285","0.16103578868961285","0.16103578868961285","0.16754072532663614","0.16754072532663614","0.16754072532663614","","",""
"3022","0.158669437462566","0.158669437462566","0.158669437462566","0.16609957618531043","0.16609957618531043","0.16609957618531043","","",""
"3023","0.15816531129251682","0.15816531129251682","0.15816531129251682","0.16641063971490938","0.16641063971490938","0.16641063971490938","","",""
"3024","0.15838739700755308","0.15838739700755308","0.15838739700755308","0.1654455836449135","0.1654455836449135","0.1654455836449135","","",""
"3025","0.15955508107477404","0.15955508107477404","0.15955508107477404","0.16757783052001393","0.16757783052001393","0.16757783052001393","","",""
"3026","0.16186628235609976","0.16186628235609976","0.16186628235609976","0.16488909306049493","0.16488909306049493","0.16488909306049493","","",""
"3027","0.16119432524461774","0.16119432524461774","0.16119432524461774","0.17011267101086158","0.17011267101086158","0.17011267101086158","","",""
"3028","0.16002742763296673","0.16002742763296673","0.16002742763296673","0.16885859359101285","0.16885859359101285","0.16885859359101285","","",""
"3029","0.15869136785710145","0.15869136785710145","0.15869136785710145","0.1646762580790946","0.1646762580790946","0.1646762580790946","","",""
"3030","0.16062176518470597","0.16062176518470597","0.16062176518470597","0.16656355604974818","0.16656355604974818","0.16656355604974818","","",""
"3031","0.1607416699381784","0.1607416699381784","0.1607416699381784","0.16567596222140882","0.16567596222140882","0.16567596222140882","","",""
"3032","0.16225401271734363","0.16225401271734363","0.16225401271734363","0.16494997519908855","0.16494997519908855","0.16494997519908855","","",""
"3033","0.16075683010042796","0.16075683010042796","0.16075683010042796","0.1709498325465675","0.1709498325465675","0.1709498325465675","","",""
"3034","0.16073031225012888","0.16073031225012888","0.16073031225012888","0.16981042496591967","0.16981042496591967","0.16981042496591967","","",""
"3035","0.16050421798543069","0.16050421798543069","0.16050421798543069","0.1639748212929857","0.1639748212929857","0.1639748212929857","","",""
"3036","0.16008967216289308","0.16008967216289308","0.16008967216289308","0.1645279956329038","0.1645279956329038","0.1645279956329038","","",""
"3037","0.16086574271802487","0.16086574271802487","0.16086574271802487","0.16551357043086198","0.16551357043086198","0.16551357043086198","","",""
"3038","0.16018193613166362","0.16018193613166362","0.16018193613166362","0.16330791588975366","0.16330791588975366","0.16330791588975366","","",""
"3039","0.1600926011840773","0.1600926011840773","0.1600926011840773","0.1658629959582177","0.1658629959582177","0.1658629959582177","","",""
"3040","0.16124624611843094","0.16124624611843094","0.16124624611843094","0.16873542576420034","0.16873542576420034","0.16873542576420034","","",""
"3041","0.15876659369359028","0.15876659369359028","0.15876659369359028","0.16804209492153058","0.16804209492153058","0.16804209492153058","","",""
"3042","0.161389141922344","0.161389141922344","0.161389141922344","0.16501646215895496","0.16501646215895496","0.16501646215895496","","",""
"3043","0.16073629836805575","0.16073629836805575","0.16073629836805575","0.1682179595069636","0.1682179595069636","0.1682179595069636","","",""
"3044","0.15769942622002392","0.15769942622002392","0.15769942622002392","0.16555425029100157","0.16555425029100157","0.16555425029100157","","",""
"3045","0.1592606510078717","0.1592606510078717","0.1592606510078717","0.17075583505434433","0.17075583505434433","0.17075583505434433","","",""
"3046","0.16095745850703982","0.16095745850703982","0.16095745850703982","0.16698748382646691","0.16698748382646691","0.16698748382646691","","",""
"3047","0.15930193300859838","0.15930193300859838","0.15930193300859838","0.16738151371619311","0.16738151371619311","0.16738151371619311","","",""
"3048","0.1612080583541785","0.1612080583541785","0.1612080583541785","0.1651028138057669","0.1651028138057669","0.1651028138057669","","",""
"3049","0.16104924854364952","0.16104924854364952","0.16104924854364952","0.16593296743469618","0.16593296743469618","0.16593296743469618","","",""
"3050","0.15857956743696816","0.15857956743696816","0.15857956743696816","0.16613571330011087","0.16613571330011087","0.16613571330011087","","",""
"3051","0.1627893644379555","0.1627893644379555","0.1627893644379555","0.16498421637766203","0.16498421637766203","0.16498421637766203","","",""
"3052","0.1622593300674737","0.1622593300674737","0.1622593300674737","0.16775778188175886","0.16775778188175886","0.16775778188175886","","",""
"3053","0.16201492499049458","0.16201492499049458","0.16201492499049458","0.16921800409184914","0.16921800409184914","0.16921800409184914","","",""
"3054","0.16198575949121077","0.16198575949121077","0.16198575949121077","0.16702755257729232","0.16702755257729232","0.16702755257729232","","",""
"3055","0.16294038345393191","0.16294038345393191","0.16294038345393191","0.1653514266004139","0.1653514266004139","0.1653514266004139","","",""
"3056","0.1598646210518209","0.1598646210518209","0.1598646210518209","0.16658795308927118","0.16658795308927118","0.16658795308927118","","",""
"3057","0.1588764091243312","0.1588764091243312","0.1588764091243312","0.16435809955304867","0.16435809955304867","0.16435809955304867","","",""
"3058","0.1608913038207179","0.1608913038207179","0.1608913038207179","0.16450533639812784","0.16450533639812784","0.16450533639812784","","",""
"3059","0.16051737707811173","0.16051737707811173","0.16051737707811173","0.1657130766879873","0.1657130766879873","0.1657130766879873","","",""
"3060","0.1584876435670963","0.1584876435670963","0.1584876435670963","0.1661311646702132","0.1661311646702132","0.1661311646702132","","",""
"3061","0.1599677330277992","0.1599677330277992","0.1599677330277992","0.1665110012872794","0.1665110012872794","0.1665110012872794","","",""
"3062","0.1634393036520862","0.1634393036520862","0.1634393036520862","0.16564685839206758","0.16564685839206758","0.16564685839206758","","",""
"3063","0.16069644855238768","0.16069644855238768","0.16069644855238768","0.16467110071574495","0.16467110071574495","0.16467110071574495","","",""
"3064","0.163414347539975","0.163414347539975","0.163414347539975","0.16714604821844295","0.16714604821844295","0.16714604821844295","","",""
"3065","0.15814265313057088","0.15814265313057088","0.15814265313057088","0.16455989765049853","0.16455989765049853","0.16455989765049853","","",""
"3066","0.1597103821955913","0.1597103821955913","0.1597103821955913","0.16334607082927918","0.16334607082927918","0.16334607082927918","","",""
"3067","0.15961493638558452","0.15961493638558452","0.15961493638558452","0.16565629685699265","0.16565629685699265","0.16565629685699265","","",""
"3068","0.16256642353410633","0.16256642353410633","0.16256642353410633","0.16550464722492536","0.16550464722492536","0.16550464722492536","","",""
"3069","0.16013748907263","0.16013748907263","0.16013748907263","0.16916754994024483","0.16916754994024483","0.16916754994024483","","",""
"3070","0.15765302545128262","0.15765302545128262","0.15765302545128262","0.16790814828713477","0.16790814828713477","0.16790814828713477","","",""
"3071","0.1611652458272047","0.1611652458272047","0.1611652458272047","0.16484962860328825","0.16484962860328825","0.16484962860328825","","",""
"3072","0.16166305252178362","0.16166305252178362","0.16166305252178362","0.16651793760073252","0.16651793760073252","0.16651793760073252","","",""
"3073","0.16051954229008927","0.16051954229008927","0.16051954229008927","0.16368639573987692","0.16368639573987692","0.16368639573987692","","",""
"3074","0.16346454878089714","0.16346454878089714","0.16346454878089714","0.16834023425695985","0.16834023425695985","0.16834023425695985","","",""
"3075","0.16290204679017065","0.16290204679017065","0.16290204679017065","0.16948522341946462","0.16948522341946462","0.16948522341946462","","",""
"3076","0.16171118797955644","0.16171118797955644","0.16171118797955644","0.1668902446179166","0.1668902446179166","0.1668902446179166","","",""
"3077","0.16037717348317593","0.16037717348317593","0.16037717348317593","0.16534494397351862","0.16534494397351862","0.16534494397351862","","",""
"3078","0.15817145317083592","0.15817145317083592","0.15817145317083592","0.164855233875383","0.164855233875383","0.164855233875383","","",""
"3079","0.1584741404367715","0.1584741404367715","0.1584741404367715","0.1669184669593541","0.1669184669593541","0.1669184669593541","","",""
"3080","0.16089357387580808","0.16089357387580808","0.16089357387580808","0.1688290061822525","0.1688290061822525","0.1688290061822525","","",""
"3081","0.15848326142625432","0.15848326142625432","0.15848326142625432","0.16921728582310458","0.16921728582310458","0.16921728582310458","","",""
"3082","0.15986980691195515","0.15986980691195515","0.15986980691195515","0.16417610400730537","0.16417610400730537","0.16417610400730537","","",""
"3083","0.1594378221449225","0.1594378221449225","0.1594378221449225","0.16431301061794093","0.16431301061794093","0.16431301061794093","","",""
"3084","0.15735477911677606","0.15735477911677606","0.15735477911677606","0.16811358005873797","0.16811358005873797","0.16811358005873797","","",""
"3085","0.16101362705143862","0.16101362705143862","0.16101362705143862","0.16768774142564227","0.16768774142564227","0.16768774142564227","","",""
"3086","0.16115192132968617","0.16115192132968617","0.16115192132968617","0.16772539202952655","0.16772539202952655","0.16772539202952655","","",""
"3087","0.1590629433231572","0.1590629433231572","0.1590629433231572","0.16702208950464245","0.16702208950464245","0.16702208950464245","","",""
"3088","0.1604962156810416","0.1604962156810416","0.1604962156810416","0.1651874112870972","0.1651874112870972","0.1651874112870972","","",""
"3089","0.16257726154386032","0.16257726154386032","0.16257726154386032","0.16314553475288948","0.16314553475288948","0.16314553475288948","","",""
"3090","0.1609353460361684","0.1609353460361684","0.1609353460361684","0.16833296695120625","0.16833296695120625","0.16833296695120625","","",""
"3091","0.15890522734749807","0.15890522734749807","0.15890522734749807","0.1656443497602025","0.1656443497602025","0.1656443497602025","","",""
"3092","0.1605273566273424","0.1605273566273424","0.1605273566273424","0.16353625124867083","0.16353625124867083","0.16353625124867083","","",""
"3093","0.1601874640792609","0.1601874640792609","0.1601874640792609","0.16854345015110858","0.16854345015110858","0.16854345015110858","","",""
"3094","0.15803429057716864","0.15803429057716864","0.15803429057716864","0.169708155211635","0.169708155211635","0.169708155211635","","",""
"3095","0.15792187908707606","0.15792187908707606","0.15792187908707606","0.16656391111701843","0.16656391111701843","0.16656391111701843","","",""
"3096","0.15955086956075756","0.15955086956075756","0.15955086956075756","0.1643551679282729","0.1643551679282729","0.1643551679282729","","",""
"3097","0.15833462872002216","0.15833462872002216","0.15833462872002216","0.1680823020959603","0.1680823020959603","0.1680823020959603","","",""
"3098","0.15973591286788885","0.15973591286788885","0.15973591286788885","0.16967830204204756","0.16967830204204756","0.16967830204204756","","",""
"3099","0.16169210537311166","0.16169210537311166","0.16169210537311166","0.16398537532837681","0.16398537532837681","0.16398537532837681","","",""
"3100","0.1604335658364837","0.1604335658364837","0.1604335658364837","0.16718520052699892","0.16718520052699892","0.16718520052699892","","",""
"3101","0.16013319476369559","0.16013319476369559","0.16013319476369559","0.1655650975227522","0.1655650975227522","0.1655650975227522","","",""
"3102","0.15966614142124083","0.15966614142124083","0.15966614142124083","0.1662738616403637","0.1662738616403637","0.1662738616403637","","",""
"3103","0.16096517221952644","0.16096517221952644","0.16096517221952644","0.1659579143158895","0.1659579143158895","0.1659579143158895","","",""
"3104","0.16277125668331213","0.16277125668331213","0.16277125668331213","0.1677899010641846","0.1677899010641846","0.1677899010641846","","",""
"3105","0.15962776421579117","0.15962776421579117","0.15962776421579117","0.1637236977942368","0.1637236977942368","0.1637236977942368","","",""
"3106","0.16293567843992818","0.16293567843992818","0.16293567843992818","0.16444915267827012","0.16444915267827012","0.16444915267827012","","",""
"3107","0.15973237419015482","0.15973237419015482","0.15973237419015482","0.16558586757054825","0.16558586757054825","0.16558586757054825","","",""
"3108","0.16031885915098867","0.16031885915098867","0.16031885915098867","0.16528337285555111","0.16528337285555111","0.16528337285555111","","",""
"3109","0.16138504101723875","0.16138504101723875","0.16138504101723875","0.16630872480263606","0.16630872480263606","0.16630872480263606","","",""
"3110","0.1628134395198651","0.1628134395198651","0.1628134395198651","0.16478157133851914","0.16478157133851914","0.16478157133851914","","",""
"3111","0.15906392083063695","0.15906392083063695","0.15906392083063695","0.16646313936338578","0.16646313936338578","0.16646313936338578","","",""
"3112","0.1594054592110466","0.1594054592110466","0.1594054592110466","0.16669730360768023","0.16669730360768023","0.16669730360768023","","",""
"3113","0.16040963148918508","0.16040963148918508","0.16040963148918508","0.16722704449377168","0.16722704449377168","0.16722704449377168","","",""
"3114","0.1616801424155858","0.1616801424155858","0.1616801424155858","0.16745329048879706","0.16745329048879706","0.16745329048879706","","",""
"3115","0.15964299946890523","0.15964299946890523","0.15964299946890523","0.16596401646488804","0.16596401646488804","0.16596401646488804","","",""
"3116","0.15917289882388233","0.15917289882388233","0.15917289882388233","0.16977638826384708","0.16977638826384708","0.16977638826384708","","",""
"3117","0.16166902300757352","0.16166902300757352","0.16166902300757352","0.16323005840797802","0.16323005840797802","0.16323005840797802","","",""
"3118","0.16004375032365217","0.16004375032365217","0.16004375032365217","0.16584100598893373","0.16584100598893373","0.16584100598893373","","",""
"3119","0.15948574840705196","0.15948574840705196","0.15948574840705196","0.1648355684836666","0.1648355684836666","0.1648355684836666","","",""
"3120","0.15855064183215278","0.15855064183215278","0.15855064183215278","0.16890928539688857","0.16890928539688857","0.16890928539688857","","",""
"3121","0.15967442286501413","0.15967442286501413","0.15967442286501413","0.16677127433808756","0.16677127433808756","0.16677127433808756","","",""
"3122","0.15987473486742246","0.15987473486742246","0.15987473486742246","0.16686586778039436","0.16686586778039436","0.16686586778039436","","",""
"3123","0.15979396487718175","0.15979396487718175","0.15979396487718175","0.16759125660969929","0.16759125660969929","0.16759125660969929","","",""
"3124","0.1584413632416958","0.1584413632416958","0.1584413632416958","0.16553593530974053","0.16553593530974053","0.16553593530974053","","",""
"3125","0.15988821602639733","0.15988821602639733","0.15988821602639733","0.16279803145163343","0.16279803145163343","0.16279803145163343","","",""
"3126","0.1600877872811047","0.1600877872811047","0.1600877872811047","0.16350486631269692","0.16350486631269692","0.16350486631269692","","",""
"3127","0.1589788048649293","0.1589788048649293","0.1589788048649293","0.1635175781311061","0.1635175781311061","0.1635175781311061","","",""
"3128","0.1598333969121307","0.1598333969121307","0.1598333969121307","0.16417340796816463","0.16417340796816463","0.16417340796816463","","",""
"3129","0.15855085705795322","0.15855085705795322","0.15855085705795322","0.16584549478348212","0.16584549478348212","0.16584549478348212","","",""
"3130","0.16287354139772534","0.16287354139772534","0.16287354139772534","0.16339860446421822","0.16339860446421822","0.16339860446421822","","",""
"3131","0.162710585841193","0.162710585841193","0.162710585841193","0.16449350119826248","0.16449350119826248","0.16449350119826248","","",""
"3132","0.16364405195053094","0.16364405195053094","0.16364405195053094","0.169326103497774","0.169326103497774","0.169326103497774","","",""
"3133","0.16099011219150663","0.16099011219150663","0.16099011219150663","0.1677085538700528","0.1677085538700528","0.1677085538700528","","",""
"3134","0.1602417767411998","0.1602417767411998","0.1602417767411998","0.16623011392523881","0.16623011392523881","0.16623011392523881","","",""
"3135","0.15883247505752354","0.15883247505752354","0.15883247505752354","0.1657852155320835","0.1657852155320835","0.1657852155320835","","",""
"3136","0.15955534415995634","0.15955534415995634","0.15955534415995634","0.16958994859143703","0.16958994859143703","0.16958994859143703","","",""
"3137","0.15900619868816376","0.15900619868816376","0.15900619868816376","0.1644878129527059","0.1644878129527059","0.1644878129527059","","",""
"3138","0.16152519965363085","0.16152519965363085","0.16152519965363085","0.16462912223575563","0.16462912223575563","0.16462912223575563","","",""
"3139","0.1623050871924529","0.1623050871924529","0.1623050871924529","0.16400201901201708","0.16400201901201708","0.16400201901201708","","",""
"3140","0.15932705010971382","0.15932705010971382","0.15932705010971382","0.1656488494672397","0.1656488494672397","0.1656488494672397","","",""
"3141","0.16004166483819904","0.16004166483819904","0.16004166483819904","0.1630245459631826","0.1630245459631826","0.1630245459631826","","",""
"3142","0.16004992612849553","0.16004992612849553","0.16004992612849553","0.1656392157350954","0.1656392157350954","0.1656392157350954","","",""
"3143","0.15985175472056443","0.15985175472056443","0.15985175472056443","0.16847489254676817","0.16847489254676817","0.16847489254676817","","",""
"3144","0.1624151847881696","0.1624151847881696","0.1624151847881696","0.16606401598304676","0.16606401598304676","0.16606401598304676","","",""
"3145","0.1598159512514569","0.1598159512514569","0.1598159512514569","0.16449201030854774","0.16449201030854774","0.16449201030854774","","",""
"3146","0.16066001556497642","0.16066001556497642","0.16066001556497642","0.16521391028807073","0.16521391028807073","0.16521391028807073","","",""
"3147","0.16245612621081745","0.16245612621081745","0.16245612621081745","0.1642281044313306","0.1642281044313306","0.1642281044313306","","",""
"3148","0.1607128972874893","0.1607128972874893","0.1607128972874893","0.16909242909798383","0.16909242909798383","0.16909242909798383","","",""
"3149","0.16056239717935147","0.16056239717935147","0.16056239717935147","0.16714140980711903","0.16714140980711903","0.16714140980711903","","",""
"3150","0.16120798270545864","0.16120798270545864","0.16120798270545864","0.16571507747654723","0.16571507747654723","0.16571507747654723","","",""
"3151","0.16159632058959153","0.16159632058959153","0.16159632058959153","0.1623167042240697","0.1623167042240697","0.1623167042240697","","",""
"3152","0.15951471747975907","0.15951471747975907","0.15951471747975907","0.16768520492549122","0.16768520492549122","0.16768520492549122","","",""
"3153","0.16011783408772506","0.16011783408772506","0.16011783408772506","0.1653333679171773","0.1653333679171773","0.1653333679171773","","",""
"3154","0.15893876211690663","0.15893876211690663","0.15893876211690663","0.16443770782008196","0.16443770782008196","0.16443770782008196","","",""
"3155","0.16141077624947506","0.16141077624947506","0.16141077624947506","0.16153551707007174","0.16153551707007174","0.16153551707007174","","",""
"3156","0.15924853227787644","0.15924853227787644","0.15924853227787644","0.1652567422568402","0.1652567422568402","0.1652567422568402","","",""
"3157","0.16003996914560784","0.16003996914560784","0.16003996914560784","0.1635621860050791","0.1635621860050791","0.1635621860050791","","",""
"3158","0.16038872357865555","0.16038872357865555","0.16038872357865555","0.1696893620793257","0.1696893620793257","0.1696893620793257","","",""
"3159","0.15715537212713507","0.15715537212713507","0.15715537212713507","0.16405408730319382","0.16405408730319382","0.16405408730319382","","",""
"3160","0.15861005569286116","0.15861005569286116","0.15861005569286116","0.16397813165645292","0.16397813165645292","0.16397813165645292","","",""
"3161","0.16066216896236982","0.16066216896236982","0.16066216896236982","0.16512924900040038","0.16512924900040038","0.16512924900040038","","",""
"3162","0.1612963387429728","0.1612963387429728","0.1612963387429728","0.16478993293891087","0.16478993293891087","0.16478993293891087","","",""
"3163","0.1597350170087041","0.1597350170087041","0.1597350170087041","0.16599991696379765","0.16599991696379765","0.16599991696379765","","",""
"3164","0.15991424797162","0.15991424797162","0.15991424797162","0.16736142119572872","0.16736142119572872","0.16736142119572872","","",""
"3165","0.16079103285618004","0.16079103285618004","0.16079103285618004","0.16631113878059986","0.16631113878059986","0.16631113878059986","","",""
"3166","0.1599483782812083","0.1599483782812083","0.1599483782812083","0.16884817291151477","0.16884817291151477","0.16884817291151477","","",""
"3167","0.15947573335073675","0.15947573335073675","0.15947573335073675","0.1637617772949252","0.1637617772949252","0.1637617772949252","","",""
"3168","0.1584274073008647","0.1584274073008647","0.1584274073008647","0.16339915959055085","0.16339915959055085","0.16339915959055085","","",""
"3169","0.15784195825486166","0.15784195825486166","0.15784195825486166","0.16672058764623446","0.16672058764623446","0.16672058764623446","","",""
"3170","0.1605987569730156","0.1605987569730156","0.1605987569730156","0.16745142873960764","0.16745142873960764","0.16745142873960764","","",""
"3171","0.16345009273501654","0.16345009273501654","0.16345009273501654","0.16288218454742096","0.16288218454742096","0.16288218454742096","","",""
"3172","0.15781827590268316","0.15781827590268316","0.15781827590268316","0.16622151792804613","0.16622151792804613","0.16622151792804613","","",""
"3173","0.15977078990229054","0.15977078990229054","0.15977078990229054","0.1656657174845077","0.1656657174845077","0.1656657174845077","","",""
"3174","0.15945681984358479","0.15945681984358479","0.15945681984358479","0.16883342220956077","0.16883342220956077","0.16883342220956077","","",""
"3175","0.1588434715947021","0.1588434715947021","0.1588434715947021","0.16795883977534953","0.16795883977534953","0.16795883977534953","","",""
"3176","0.16088674895579838","0.16088674895579838","0.16088674895579838","0.16416674623157934","0.16416674623157934","0.16416674623157934","","",""
"3177","0.15860055541867132","0.15860055541867132","0.15860055541867132","0.16921271687740277","0.16921271687740277","0.16921271687740277","","",""
"3178","0.16120638446076704","0.16120638446076704","0.16120638446076704","0.16617217590245117","0.16617217590245117","0.16617217590245117","","",""
"3179","0.1626810977208946","0.1626810977208946","0.1626810977208946","0.16566888975084723","0.16566888975084723","0.16566888975084723","","",""
"3180","0.16022736955801656","0.16022736955801656","0.16022736955801656","0.16553253889694805","0.16553253889694805","0.16553253889694805","","",""
"3181","0.1639874670711446","0.1639874670711446","0.1639874670711446","0.16539916937336363","0.16539916937336363","0.16539916937336363","","",""
"3182","0.1637911302277539","0.1637911302277539","0.1637911302277539","0.16553001635157333","0.16553001635157333","0.16553001635157333","","",""
"3183","0.1620728639358104","0.1620728639358104","0.1620728639358104","0.16895131057968948","0.16895131057968948","0.16895131057968948","","",""
"3184","0.158947620246524","0.158947620246524","0.158947620246524","0.16696022229687402","0.16696022229687402","0.16696022229687402","","",""
"3185","0.16065025595988494","0.16065025595988494","0.16065025595988494","0.1670169339078155","0.1670169339078155","0.1670169339078155","","",""
"3186","0.15817284967287235","0.15817284967287235","0.15817284967287235","0.1640704033400406","0.1640704033400406","0.1640704033400406","","",""
"3187","0.15862871549149385","0.15862871549149385","0.15862871549149385","0.16302307840058747","0.16302307840058747","0.16302307840058747","","",""
"3188","0.16162199818297976","0.16162199818297976","0.16162199818297976","0.1646853442478031","0.1646853442478031","0.1646853442478031","","",""
"3189","0.15811270519370393","0.15811270519370393","0.15811270519370393","0.16254485763633109","0.16254485763633109","0.16254485763633109","","",""
"3190","0.16177070188426343","0.16177070188426343","0.16177070188426343","0.16363762444137112","0.16363762444137112","0.16363762444137112","","",""
"3191","0.15960472143322124","0.15960472143322124","0.15960472143322124","0.1650031905830388","0.1650031905830388","0.1650031905830388","","",""
"3192","0.16257284548758988","0.16257284548758988","0.16257284548758988","0.16502104146212432","0.16502104146212432","0.16502104146212432","","",""
"3193","0.16446157394807545","0.16446157394807545","0.16446157394807545","0.16625625737692534","0.16625625737692534","0.16625625737692534","","",""
"3194","0.15982334149277086","0.15982334149277086","0.15982334149277086","0.16518833852858253","0.16518833852858253","0.16518833852858253","","",""
"3195","0.16138142932710495","0.16138142932710495","0.16138142932710495","0.16544636731251225","0.16544636731251225","0.16544636731251225","","",""
"3196","0.1612160946228698","0.1612160946228698","0.1612160946228698","0.16456054239144988","0.16456054239144988","0.16456054239144988","","",""
"3197","0.15624302675192023","0.15624302675192023","0.15624302675192023","0.16413792314353162","0.16413792314353162","0.16413792314353162","","",""
"3198","0.16004283416001297","0.16004283416001297","0.16004283416001297","0.1659417543619712","0.1659417543619712","0.1659417543619712","","",""
"3199","0.1597445627759905","0.1597445627759905","0.1597445627759905","0.16794518836365482","0.16794518836365482","0.16794518836365482","","",""
"3200","0.1587790287338273","0.1587790287338273","0.1587790287338273","0.16671245561574496","0.16671245561574496","0.16671245561574496","","",""
"3201","0.16186640213619252","0.16186640213619252","0.16186640213619252","0.16736137249214736","0.16736137249214736","0.16736137249214736","","",""
"3202","0.16091678055642203","0.16091678055642203","0.16091678055642203","0.1659836682209408","0.1659836682209408","0.1659836682209408","","",""
"3203","0.15837791398078943","0.15837791398078943","0.15837791398078943","0.16497203925475673","0.16497203925475673","0.16497203925475673","","",""
"3204","0.15925436836454585","0.15925436836454585","0.15925436836454585","0.16399965664737104","0.16399965664737104","0.16399965664737104","","",""
"3205","0.16191227958169296","0.16191227958169296","0.16191227958169296","0.16429511546872916","0.16429511546872916","0.16429511546872916","","",""
"3206","0.16074413638586546","0.16074413638586546","0.16074413638586546","0.16650154511668205","0.16650154511668205","0.16650154511668205","","",""
"3207","0.1569236243336176","0.1569236243336176","0.1569236243336176","0.16749312298183705","0.16749312298183705","0.16749312298183705","","",""
"3208","0.15828351032612414","0.15828351032612414","0.15828351032612414","0.16452224326611276","0.16452224326611276","0.16452224326611276","","",""
"3209","0.1627468403302546","0.1627468403302546","0.1627468403302546","0.16610527855624976","0.16610527855624976","0.16610527855624976","","",""
"3210","0.16104733394846105","0.16104733394846105","0.16104733394846105","0.16805283637212964","0.16805283637212964","0.16805283637212964","","",""
"3211","0.1593856156525497","0.1593856156525497","0.1593856156525497","0.16740142645488673","0.16740142645488673","0.16740142645488673","","",""
"3212","0.16017594734557514","0.16017594734557514","0.16017594734557514","0.16421949509375103","0.16421949509375103","0.16421949509375103","","",""
"3213","0.15873604945549066","0.15873604945549066","0.15873604945549066","0.16644689333746995","0.16644689333746995","0.16644689333746995","","",""
"3214","0.16053863624363696","0.16053863624363696","0.16053863624363696","0.1662919278108167","0.1662919278108167","0.1662919278108167","","",""
"3215","0.1575758166451857","0.1575758166451857","0.1575758166451857","0.16342186807860282","0.16342186807860282","0.16342186807860282","","",""
"3216","0.15975917922050417","0.15975917922050417","0.15975917922050417","0.1650606838849603","0.1650606838849603","0.1650606838849603","","",""
"3217","0.16023554057393158","0.16023554057393158","0.16023554057393158","0.16458773138742158","0.16458773138742158","0.16458773138742158","","",""
"3218","0.15610866476366375","0.15610866476366375","0.15610866476366375","0.16453221184054145","0.16453221184054145","0.16453221184054145","","",""
"3219","0.15869647755874275","0.15869647755874275","0.15869647755874275","0.16534094130859153","0.16534094130859153","0.16534094130859153","","",""
"3220","0.16083464501152175","0.16083464501152175","0.16083464501152175","0.16686386974714443","0.16686386974714443","0.16686386974714443","","",""
"3221","0.16210217756454923","0.16210217756454923","0.16210217756454923","0.1655714906811672","0.1655714906811672","0.1655714906811672","","",""
"3222","0.1552435550880288","0.1552435550880288","0.1552435550880288","0.16790274134710229","0.16790274134710229","0.16790274134710229","","",""
"3223","0.1612625980609971","0.1612625980609971","0.1612625980609971","0.16676365499418247","0.16676365499418247","0.16676365499418247","","",""
"3224","0.15779799149741042","0.15779799149741042","0.15779799149741042","0.16659919859084213","0.16659919859084213","0.16659919859084213","","",""
"3225","0.15923350973581263","0.15923350973581263","0.15923350973581263","0.1668904655402943","0.1668904655402943","0.1668904655402943","","",""
"3226","0.1591399830293466","0.1591399830293466","0.1591399830293466","0.16791136744848598","0.16791136744848598","0.16791136744848598","","",""
"3227","0.15715404336081928","0.15715404336081928","0.15715404336081928","0.17053060235322956","0.17053060235322956","0.17053060235322956","","",""
"3228","0.16144046425446926","0.16144046425446926","0.16144046425446926","0.16355468414882182","0.16355468414882182","0.16355468414882182","","",""
"3229","0.15847355732865073","0.15847355732865073","0.15847355732865073","0.1633101116356518","0.1633101116356518","0.1633101116356518","","",""
"3230","0.160262965173626","0.160262965173626","0.160262965173626","0.16803245861751062","0.16803245861751062","0.16803245861751062","","",""
"3231","0.15773815749958622","0.15773815749958622","0.15773815749958622","0.16453455296012087","0.16453455296012087","0.16453455296012087","","",""
"3232","0.1616976598837534","0.1616976598837534","0.1616976598837534","0.1662845575892414","0.1662845575892414","0.1662845575892414","","",""
"3233","0.16201280629214485","0.16201280629214485","0.16201280629214485","0.16480769504735315","0.16480769504735315","0.16480769504735315","","",""
"3234","0.16204704803289774","0.16204704803289774","0.16204704803289774","","","","","",""
"3235","0.15931937354665274","0.15931937354665274","0.15931937354665274","","","","","",""
"3236","0.15970148819171798","0.15970148819171798","0.15970148819171798","","","","","",""
"3237","0.1620497935318728","0.1620497935318728","0.1620497935318728","","","","","",""
"3238","0.15975465017214788","0.15975465017214788","0.15975465017214788","","","","","",""
"3239","0.16194579752181845","0.16194579752181845","0.16194579752181845","","","","","",""
"3240","0.15839659958282906","0.15839659958282906","0.15839659958282906","","","","","",""
"3241","0.162896639175311","0.162896639175311","0.162896639175311","","","","","",""
"3242","0.15791291842558505","0.15791291842558505","0.15791291842558505","","","","","",""
"3243","0.16013246727900837","0.16013246727900837","0.16013246727900837","","","","","",""
"3244","0.16047253637851758","0.16047253637851758","0.16047253637851758","","","","","",""
"3245","0.15919444931996804","0.15919444931996804","0.15919444931996804","","","","","",""
"3246","0.1600767164783519","0.1600767164783519","0.1600767164783519","","","","","",""
"3247","0.16126411301345137","0.16126411301345137","0.16126411301345137","","","","","",""
"3248","0.15902411374324074","0.15902411374324074","0.15902411374324074","","","","","",""
"3249","0.1605055146631336","0.1605055146631336","0.1605055146631336","","","","","",""
"3250","0.15965602539874377","0.15965602539874377","0.15965602539874377","","","","","",""
"3251","0.1597820363047875","0.1597820363047875","0.1597820363047875","","","","","",""
"3252","0.15913340902187784","0.15913340902187784","0.15913340902187784","","","","","",""
"3253","0.15768283027957436","0.15768283027957436","0.15768283027957436","","","","","",""
"3254","0.1594390856976139","0.1594390856976139","0.1594390856976139","","","","","",""
"3255","0.15966593403228493","0.15966593403228493","0.15966593403228493","","","","","",""
"3256","0.16161580582633217","0.16161580582633217","0.16161580582633217","","","","","",""
"3257","0.16272721928953987","0.16272721928953987","0.16272721928953987","","","","","",""
"3258","0.15895992390139088","0.15895992390139088","0.15895992390139088","","","","","",""
"3259","0.15917771039435016","0.15917771039435016","0.15917771039435016","","","","","",""
"3260","0.16053591831056443","0.16053591831056443","0.16053591831056443","","","","","",""
"3261","0.15874455991979572","0.15874455991979572","0.15874455991979572","","","","","",""
"3262","0.15629374132589208","0.15629374132589208","0.15629374132589208","","","","","",""
"3263","0.16070436685945025","0.16070436685945025","0.16070436685945025","","","","","",""
"3264","0.16143005527319546","0.16143005527319546","0.16143005527319546","","","","","",""
"3265","0.15975220727384143","0.15975220727384143","0.15975220727384143","","","","","",""
"3266","0.16037634440135698","0.16037634440135698","0.16037634440135698","","","","","",""
"3267","0.15956041080791347","0.15956041080791347","0.15956041080791347","","","","","",""
"3268","0.15985577024182898","0.15985577024182898","0.15985577024182898","","","","","",""
"3269","0.15872042371539455","0.15872042371539455","0.15872042371539455","","","","","",""
"3270","0.15856245903878066","0.15856245903878066","0.15856245903878066","","","","","",""
"3271","0.15928983997255883","0.15928983997255883","0.15928983997255883","","","","","",""
"3272","0.15800720014336908","0.15800720014336908","0.15800720014336908","","","","","",""
"3273","0.158288316616067","0.158288316616067","0.158288316616067","","","","","",""
"3274","0.16280404043355814","0.16280404043355814","0.16280404043355814","","","","","",""
"3275","0.16024223495736403","0.16024223495736403","0.16024223495736403","","","","","",""
"3276","0.16184803698659123","0.16184803698659123","0.16184803698659123","","","","","",""
"3277","0.15906684578390853","0.15906684578390853","0.15906684578390853","","","","","",""
"3278","0.1587840227760662","0.1587840227760662","0.1587840227760662","","","","","",""
"3279","0.16191079694958985","0.16191079694958985","0.16191079694958985","","","","","",""
"3280","0.16208847410148017","0.16208847410148017","0.16208847410148017","","","","","",""
"3281","0.15578501088883154","0.15578501088883154","0.15578501088883154","","","","","",""
"3282","0.16003276520707013","0.16003276520707013","0.16003276520707013","","","","","",""
"3283","0.1582509049054985","0.1582509049054985","0.1582509049054985","","","","","",""
"3284","0.15485145596520972","0.15485145596520972","0.15485145596520972","","","","","",""
"3285","0.15893987249600855","0.15893987249600855","0.15893987249600855","","","","","",""
"3286","0.1590210751351219","0.1590210751351219","0.1590210751351219","","","","","",""
"3287","0.1587473622652558","0.1587473622652558","0.1587473622652558","","","","","",""
"3288","0.1610102783688785","0.1610102783688785","0.1610102783688785","","","","","",""
"3289","0.15892450476834097","0.15892450476834097","0.15892450476834097","","","","","",""
"3290","0.1594127461239525","0.1594127461239525","0.1594127461239525","","","","","",""
"3291","0.1587445816517465","0.1587445816517465","0.1587445816517465","","","","","",""
"3292","0.15887641264111327","0.15887641264111327","0.15887641264111327","","","","","",""
"3293","0.16245150511133669","0.16245150511133669","0.16245150511133669","","","","","",""
"3294","0.1610217000940662","0.1610217000940662","0.1610217000940662","","","","","",""
"3295","0.16154299677059553","0.16154299677059553","0.16154299677059553","","","","","",""
"3296","0.16210295556180546","0.16210295556180546","0.16210295556180546","","","","","",""
"3297","0.15856125468285354","0.15856125468285354","0.15856125468285354","","","","","",""
"3298","0.16208490109041387","0.16208490109041387","0.16208490109041387","","","","","",""
"3299","0.15832791591706089","0.15832791591706089","0.15832791591706089","","","","","",""
"3300","0.16119949295871008","0.16119949295871008","0.16119949295871008","","","","","",""
"3301","0.16005210186770005","0.16005210186770005","0.16005210186770005","","","","","",""
"3302","0.1594185602888876","0.1594185602888876","0.1594185602888876","","","","","",""
"3303","0.16008981754216303","0.16008981754216303","0.16008981754216303","","","","","",""
"3304","0.1601378254848884","0.1601378254848884","0.1601378254848884","","","","","",""
"3305","0.1599894702526016","0.1599894702526016","0.1599894702526016","","","","","",""
"3306","0.16054804819420979","0.16054804819420979","0.16054804819420979","","","","","",""
"3307","0.16023291187371244","0.16023291187371244","0.16023291187371244","","","","","",""
"3308","0.16039522687316088","0.16039522687316088","0.16039522687316088","","","","","",""
"3309","0.1601340124606453","0.1601340124606453","0.1601340124606453","","","","","",""
"3310","0.1576062738895566","0.1576062738895566","0.1576062738895566","","","","","",""
"3311","0.1615992474819962","0.1615992474819962","0.1615992474819962","","","","","",""
"3312","0.16221530451275953","0.16221530451275953","0.16221530451275953","","","","","",""
"3313","0.1631827912626398","0.1631827912626398","0.1631827912626398","","","","","",""
"3314","0.1608558421056462","0.1608558421056462","0.1608558421056462","","","","","",""
"3315","0.15941749445522593","0.15941749445522593","0.15941749445522593","","","","","",""
"3316","0.16065419985292348","0.16065419985292348","0.16065419985292348","","","","","",""
"3317","0.1617315013722305","0.1617315013722305","0.1617315013722305","","","","","",""
"3318","0.1593414442035923","0.1593414442035923","0.1593414442035923","","","","","",""
"3319","0.15980834285976214","0.15980834285976214","0.15980834285976214","","","","","",""
"3320","0.1582360635771882","0.1582360635771882","0.1582360635771882","","","","","",""
"3321","0.16040264438398347","0.16040264438398347","0.16040264438398347","","","","","",""
"3322","0.15918644747358088","0.15918644747358088","0.15918644747358088","","","","","",""
"3323","0.1599230810499647","0.1599230810499647","0.1599230810499647","","","","","",""
"3324","0.1576120562624868","0.1576120562624868","0.1576120562624868","","","","","",""
"3325","0.15919120665710765","0.15919120665710765","0.15919120665710765","","","","","",""
"3326","0.16153902258163721","0.16153902258163721","0.16153902258163721","","","","","",""
"3327","0.1580804315482132","0.1580804315482132","0.1580804315482132","","","","","",""
"3328","0.15900043027203886","0.15900043027203886","0.15900043027203886","","","","","",""
"3329","0.15732106028211482","0.15732106028211482","0.15732106028211482","","","","","",""
"3330","0.15820196697056077","0.15820196697056077","0.15820196697056077","","","","","",""
"3331","0.15872486965440502","0.15872486965440502","0.15872486965440502","","","","","",""
"3332","0.15851318684400115","0.15851318684400115","0.15851318684400115","","","","","",""
"3333","0.157944349061787","0.157944349061787","0.157944349061787","","","","","",""
"3334","0.16010052876311165","0.16010052876311165","0.16010052876311165","","","","","",""
"3335","0.15910747391554972","0.15910747391554972","0.15910747391554972","","","","","",""
"3336","0.15810014319254215","0.15810014319254215","0.15810014319254215","","","","","",""
"3337","0.16221193178318447","0.16221193178318447","0.16221193178318447","","","","","",""
"3338","0.15856797933744146","0.15856797933744146","0.15856797933744146","","","","","",""
"3339","0.1602831006375669","0.1602831006375669","0.1602831006375669","","","","","",""
"3340","0.15836978285387016","0.15836978285387016","0.15836978285387016","","","","","",""
"3341","0.1613875182817791","0.1613875182817791","0.1613875182817791","","","","","",""
"3342","0.16229766972825715","0.16229766972825715","0.16229766972825715","","","","","",""
"3343","0.16099534653784112","0.16099534653784112","0.16099534653784112","","","","","",""
"3344","0.16181925346101927","0.16181925346101927","0.16181925346101927","","","","","",""
"3345","0.15904762160796318","0.15904762160796318","0.15904762160796318","","","","","",""
"3346","0.16007057457241938","0.16007057457241938","0.16007057457241938","","","","","",""
"3347","0.15806298640876124","0.15806298640876124","0.15806298640876124","","","","","",""
"3348","0.16120941764405552","0.16120941764405552","0.16120941764405552","","","","","",""
"3349","0.1619408594497019","0.1619408594497019","0.1619408594497019","","","","","",""
"3350","0.16124023840127485","0.16124023840127485","0.16124023840127485","","","","","",""
"3351","0.16067716614361524","0.16067716614361524","0.16067716614361524","","","","","",""
"3352","0.1564610195130723","0.1564610195130723","0.1564610195130723","","","","","",""
"3353","0.15979702222682546","0.15979702222682546","0.15979702222682546","","","","","",""
"3354","0.16046399310750603","0.16046399310750603","0.16046399310750603","","","","","",""
"3355","0.16014229905489066","0.16014229905489066","0.16014229905489066","","","","","",""
"3356","0.1592637482323305","0.1592637482323305","0.1592637482323305","","","","","",""
"3357","0.15566328434163992","0.15566328434163992","0.15566328434163992","","","","","",""
"3358","0.15849828855023013","0.15849828855023013","0.15849828855023013","","","","","",""
"3359","0.1596812093318068","0.1596812093318068","0.1596812093318068","","","","","",""
"3360","0.163307882254905","0.163307882254905","0.163307882254905","","","","","",""
"3361","0.16032444315825903","0.16032444315825903","0.16032444315825903","","","","","",""
"3362","0.16007582131735723","0.16007582131735723","0.16007582131735723","","","","","",""
"3363","0.15629417729991438","0.15629417729991438","0.15629417729991438","","","","","",""
"3364","0.16067934015773044","0.16067934015773044","0.16067934015773044","","","","","",""
"3365","0.16265586331787835","0.16265586331787835","0.16265586331787835","","","","","",""
"3366","0.1574656662673354","0.1574656662673354","0.1574656662673354","","","","","",""
"3367","0.16063932156736052","0.16063932156736052","0.16063932156736052","","","","","",""
"3368","0.16211401267981937","0.16211401267981937","0.16211401267981937","","","","","",""
"3369","0.15926385279596708","0.15926385279596708","0.15926385279596708","","","","","",""
"3370","0.15832932699769683","0.15832932699769683","0.15832932699769683","","","","","",""
"3371","0.1606099359897369","0.1606099359897369","0.1606099359897369","","","","","",""
"3372","0.15780161879257318","0.15780161879257318","0.15780161879257318","","","","","",""
"3373","0.16047192876713742","0.16047192876713742","0.16047192876713742","","","","","",""
"3374","0.16171991388828239","0.16171991388828239","0.16171991388828239","","","","","",""
"3375","0.16200541938409121","0.16200541938409121","0.16200541938409121","","","","","",""
"3376","0.16123058059754322","0.16123058059754322","0.16123058059754322","","","","","",""
"3377","0.16257058473292763","0.16257058473292763","0.16257058473292763","","","","","",""
"3378","0.1620480050231091","0.1620480050231091","0.1620480050231091","","","","","",""
"3379","0.15727645637860757","0.15727645637860757","0.15727645637860757","","","","","",""
"3380","0.15859036184364853","0.15859036184364853","0.15859036184364853","","","","","",""
"3381","0.15945205658771974","0.15945205658771974","0.15945205658771974","","","","","",""
"3382","0.15963682797077686","0.15963682797077686","0.15963682797077686","","","","","",""
"3383","0.15848102056520008","0.15848102056520008","0.15848102056520008","","","","","",""
"3384","0.16218866176553176","0.16218866176553176","0.16218866176553176","","","","","",""
"3385","0.15933806744820614","0.15933806744820614","0.15933806744820614","","","","","",""
"3386","0.16011159368620967","0.16011159368620967","0.16011159368620967","","","","","",""
"3387","0.16041235509457838","0.16041235509457838","0.16041235509457838","","","","","",""
"3388","0.16106449240068454","0.16106449240068454","0.16106449240068454","","","","","",""
"3389","0.16175450794419408","0.16175450794419408","0.16175450794419408","","","","","",""
"3390","0.1590945721552439","0.1590945721552439","0.1590945721552439","","","","","",""
"3391","0.1613320304120383","0.1613320304120383","0.1613320304120383","","","","","",""
"3392","0.16006331346077396","0.16006331346077396","0.16006331346077396","","","","","",""
"3393","0.1599721636301113","0.1599721636301113","0.1599721636301113","","","","","",""
"3394","0.15775421323958777","0.15775421323958777","0.15775421323958777","","","","","",""
"3395","0.15728946767523852","0.15728946767523852","0.15728946767523852","","","","","",""
"3396","0.15935146637901632","0.15935146637901632","0.15935146637901632","","","","","",""
"3397","0.16006285936751735","0.16006285936751735","0.16006285936751735","","","","","",""
"3398","0.15967465768795025","0.15967465768795025","0.15967465768795025","","","","","",""
"3399","0.15865059287659694","0.15865059287659694","0.15865059287659694","","","","","",""
"3400","0.1593764580269344","0.1593764580269344","0.1593764580269344","","","","","",""
"3401","0.15981916922879175","0.15981916922879175","0.15981916922879175","","","","","",""
"3402","0.1591787344711338","0.1591787344711338","0.1591787344711338","","","","","",""
"3403","0.15941450290053386","0.15941450290053386","0.15941450290053386","","","","","",""
"3404","0.15809165743168196","0.15809165743168196","0.15809165743168196","","","","","",""
"3405","0.1634368617443693","0.1634368617443693","0.1634368617443693","","","","","",""
"3406","0.16073716449817047","0.16073716449817047","0.16073716449817047","","","","","",""
"3407","0.16101957598612462","0.16101957598612462","0.16101957598612462","","","","","",""
"3408","0.1588453187443257","0.1588453187443257","0.1588453187443257","","","","","",""
"3409","0.15994241683639537","0.15994241683639537","0.15994241683639537","","","","","",""
"3410","0.15963908181250583","0.15963908181250583","0.15963908181250583","","","","","",""
"3411","0.16280173632951797","0.16280173632951797","0.16280173632951797","","","","","",""
"3412","0.15811438869993405","0.15811438869993405","0.15811438869993405","","","","","",""
"3413","0.16256690116252812","0.16256690116252812","0.16256690116252812","","","","","",""
"3414","0.15998867256966465","0.15998867256966465","0.15998867256966465","","","","","",""
"3415","0.16101683659229563","0.16101683659229563","0.16101683659229563","","","","","",""
"3416","0.15931022891079727","0.15931022891079727","0.15931022891079727","","","","","",""
"3417","0.15852808839174323","0.15852808839174323","0.15852808839174323","","","","","",""
"3418","0.1574681602643251","0.1574681602643251","0.1574681602643251","","","","","",""
"3419","0.1573848514610023","0.1573848514610023","0.1573848514610023","","","","","",""
"3420","0.15844271032847723","0.15844271032847723","0.15844271032847723","","","","","",""
"3421","0.15935488180529855","0.15935488180529855","0.15935488180529855","","","","","",""
"3422","0.15794856629044252","0.15794856629044252","0.15794856629044252","","","","","",""
"3423","0.15807187960114807","0.15807187960114807","0.15807187960114807","","","","","",""
"3424","0.15952453506962885","0.15952453506962885","0.15952453506962885","","","","","",""
"3425","0.15725249425149312","0.15725249425149312","0.15725249425149312","","","","","",""
"3426","0.16158852676890315","0.16158852676890315","0.16158852676890315","","","","","",""
"3427","0.1598425471214333","0.1598425471214333","0.1598425471214333","","","","","",""
"3428","0.16160174116327428","0.16160174116327428","0.16160174116327428","","","","","",""
"3429","0.15953768337980526","0.15953768337980526","0.15953768337980526","","","","","",""
"3430","0.15960182195911699","0.15960182195911699","0.15960182195911699","","","","","",""
"3431","0.16031769043560054","0.16031769043560054","0.16031769043560054","","","","","",""
"3432","0.15898400752848543","0.15898400752848543","0.15898400752848543","","","","","",""
"3433","0.16163864455671154","0.16163864455671154","0.16163864455671154","","","","","",""
"3434","0.16006306158906244","0.16006306158906244","0.16006306158906244","","","","","",""
"3435","0.16065439436525872","0.16065439436525872","0.16065439436525872","","","","","",""
"3436","0.15859135287158627","0.15859135287158627","0.15859135287158627","","","","","",""
"3437","0.15747277564983267","0.15747277564983267","0.15747277564983267","","","","","",""
"3438","0.15814726924108102","0.15814726924108102","0.15814726924108102","","","","","",""
"3439","0.15983369874308695","0.15983369874308695","0.15983369874308695","","","","","",""
"3440","0.1588015285852669","0.1588015285852669","0.1588015285852669","","","","","",""
"3441","0.15889843225841035","0.15889843225841035","0.15889843225841035","","","","","",""
"3442","0.1603867370953035","0.1603867370953035","0.1603867370953035","","","","","",""
"3443","0.1625292785543395","0.1625292785543395","0.1625292785543395","","","","","",""
"3444","0.15627618333175694","0.15627618333175694","0.15627618333175694","","","","","",""
"3445","0.16126182198523986","0.16126182198523986","0.16126182198523986","","","","","",""
"3446","0.15994049293273857","0.15994049293273857","0.15994049293273857","","","","","",""
"3447","0.15921081230545117","0.15921081230545117","0.15921081230545117","","","","","",""
"3448","0.16030648187081092","0.16030648187081092","0.16030648187081092","","","","","",""
"3449","0.15966615255349895","0.15966615255349895","0.15966615255349895","","","","","",""
"3450","0.1594323229208761","0.1594323229208761","0.1594323229208761","","","","","",""
"3451","0.15881953783453992","0.15881953783453992","0.15881953783453992","","","","","",""
"3452","0.15949393871321982","0.15949393871321982","0.15949393871321982","","","","","",""
"3453","0.15875410941646426","0.15875410941646426","0.15875410941646426","","","","","",""
"3454","0.1595297001117304","0.1595297001117304","0.1595297001117304","","","","","",""
"3455","0.15942673725319648","0.15942673725319648","0.15942673725319648","","","","","",""
"3456","0.1593052660104971","0.1593052660104971","0.1593052660104971","","","","","",""
"3457","0.1604344401088473","0.1604344401088473","0.1604344401088473","","","","","",""
"3458","0.16286791113682816","0.16286791113682816","0.16286791113682816","","","","","",""
"3459","0.1600864805912429","0.1600864805912429","0.1600864805912429","","","","","",""
"3460","0.15693862499688985","0.15693862499688985","0.15693862499688985","","","","","",""
"3461","0.1591529919468335","0.1591529919468335","0.1591529919468335","","","","","",""
"3462","0.15868879600658","0.15868879600658","0.15868879600658","","","","","",""
"3463","0.16150665856024934","0.16150665856024934","0.16150665856024934","","","","","",""
"3464","0.156930947320972","0.156930947320972","0.156930947320972","","","","","",""
"3465","0.15897637219904945","0.15897637219904945","0.15897637219904945","","","","","",""
"3466","0.15766960827336096","0.15766960827336096","0.15766960827336096","","","","","",""
"3467","0.15939333395808616","0.15939333395808616","0.15939333395808616","","","","","",""
"3468","0.1623729256216887","0.1623729256216887","0.1623729256216887","","","","","",""
"3469","0.1625092842165793","0.1625092842165793","0.1625092842165793","","","","","",""
"3470","0.15807925138820125","0.15807925138820125","0.15807925138820125","","","","","",""
"3471","0.15892561073591713","0.15892561073591713","0.15892561073591713","","","","","",""
"3472","0.15683342780478163","0.15683342780478163","0.15683342780478163","","","","","",""
"3473","0.15720706342387494","0.15720706342387494","0.15720706342387494","","","","","",""
"3474","0.16005524428665632","0.16005524428665632","0.16005524428665632","","","","","",""
"3475","0.15841024103011359","0.15841024103011359","0.15841024103011359","","","","","",""
"3476","0.16125714633460794","0.16125714633460794","0.16125714633460794","","","","","",""
"3477","0.16063124276090077","0.16063124276090077","0.16063124276090077","","","","","",""
"3478","0.15866880203593425","0.15866880203593425","0.15866880203593425","","","","","",""
"3479","0.16011110894544028","0.16011110894544028","0.16011110894544028","","","","","",""
"3480","0.15799596886072662","0.15799596886072662","0.15799596886072662","","","","","",""
"3481","0.16026905025260288","0.16026905025260288","0.16026905025260288","","","","","",""
"3482","0.15949131008551135","0.15949131008551135","0.15949131008551135","","","","","",""
"3483","0.15778558036108126","0.15778558036108126","0.15778558036108126","","","","","",""
"3484","0.16000281266919403","0.16000281266919403","0.16000281266919403","","","","","",""
"3485","0.159945715410273","0.159945715410273","0.159945715410273","","","","","",""
"3486","0.16183667831965756","0.16183667831965756","0.16183667831965756","","","","","",""
"3487","0.1608739140118873","0.1608739140118873","0.1608739140118873","","","","","",""
"3488","0.15793788477346593","0.15793788477346593","0.15793788477346593","","","","","",""
"3489","0.15592339074897327","0.15592339074897327","0.15592339074897327","","","","","",""
"3490","0.1576558237552899","0.1576558237552899","0.1576558237552899","","","","","",""
"3491","0.16023184241099248","0.16023184241099248","0.16023184241099248","","","","","",""
"3492","0.16234159852847285","0.16234159852847285","0.16234159852847285","","","","","",""
"3493","0.15934080418093008","0.15934080418093008","0.15934080418093008","","","","","",""
"3494","0.15821128345545823","0.15821128345545823","0.15821128345545823","","","","","",""
"3495","0.16016548525143337","0.16016548525143337","0.16016548525143337","","","","","",""
"3496","0.16015908672723075","0.16015908672723075","0.16015908672723075","","","","","",""
"3497","0.1595545065166024","0.1595545065166024","0.1595545065166024","","","","","",""
"3498","0.1587804355916755","0.1587804355916755","0.1587804355916755","","","","","",""
"3499","0.15927481083911116","0.15927481083911116","0.15927481083911116","","","","","",""
"3500","0.16024676057878776","0.16024676057878776","0.16024676057878776","","","","","",""
"3501","0.16138432892307428","0.16138432892307428","0.16138432892307428","","","","","",""
"3502","0.16007247890662216","0.16007247890662216","0.16007247890662216","","","","","",""
"3503","0.15862419487255394","0.15862419487255394","0.15862419487255394","","","","","",""
"3504","0.15706483076244634","0.15706483076244634","0.15706483076244634","","","","","",""
"3505","0.1591276873457009","0.1591276873457009","0.1591276873457009","","","","","",""
"3506","0.15795012180964754","0.15795012180964754","0.15795012180964754","","","","","",""
"3507","0.1588954228561424","0.1588954228561424","0.1588954228561424","","","","","",""
"3508","0.15806798335898695","0.15806798335898695","0.15806798335898695","","","","","",""
"3509","0.16338782440914204","0.16338782440914204","0.16338782440914204","","","","","",""
"3510","0.15808296704163086","0.15808296704163086","0.15808296704163086","","","","","",""
"3511","0.15763603498988285","0.15763603498988285","0.15763603498988285","","","","","",""
"3512","0.15607228191127534","0.15607228191127534","0.15607228191127534","","","","","",""
"3513","0.1585128948101357","0.1585128948101357","0.1585128948101357","","","","","",""
"3514","0.1624225883084036","0.1624225883084036","0.1624225883084036","","","","","",""
"3515","0.15632223299273948","0.15632223299273948","0.15632223299273948","","","","","",""
"3516","0.15838386929796414","0.15838386929796414","0.15838386929796414","","","","","",""
"3517","0.1587361151038442","0.1587361151038442","0.1587361151038442","","","","","",""
"3518","0.15835053692267845","0.15835053692267845","0.15835053692267845","","","","","",""
"3519","0.16191726044441243","0.16191726044441243","0.16191726044441243","","","","","",""
"3520","0.15805627756715943","0.15805627756715943","0.15805627756715943","","","","","",""
"3521","0.16040425051560625","0.16040425051560625","0.16040425051560625","","","","","",""
"3522","0.16017938375873242","0.16017938375873242","0.16017938375873242","","","","","",""
"3523","0.15868553098336022","0.15868553098336022","0.15868553098336022","","","","","",""
"3524","0.1591001511529633","0.1591001511529633","0.1591001511529633","","","","","",""
"3525","0.16026260907033654","0.16026260907033654","0.16026260907033654","","","","","",""
"3526","0.15935550561068904","0.15935550561068904","0.15935550561068904","","","","","",""
"3527","0.16053053675213494","0.16053053675213494","0.16053053675213494","","","","","",""
"3528","0.15995848282092173","0.15995848282092173","0.15995848282092173","","","","","",""
"3529","0.16146495556982468","0.16146495556982468","0.16146495556982468","","","","","",""
"3530","0.15938273889658003","0.15938273889658003","0.15938273889658003","","","","","",""
"3531","0.15945180670968973","0.15945180670968973","0.15945180670968973","","","","","",""
"3532","0.15987929812095525","0.15987929812095525","0.15987929812095525","","","","","",""
"3533","0.1609414798915158","0.1609414798915158","0.1609414798915158","","","","","",""
"3534","0.15764036607289245","0.15764036607289245","0.15764036607289245","","","","","",""
"3535","0.1572644159350054","0.1572644159350054","0.1572644159350054","","","","","",""
"3536","0.16256173427717277","0.16256173427717277","0.16256173427717277","","","","","",""
"3537","0.1611406918581475","0.1611406918581475","0.1611406918581475","","","","","",""
"3538","0.16283740092520052","0.16283740092520052","0.16283740092520052","","","","","",""
"3539","0.1586863736302402","0.1586863736302402","0.1586863736302402","","","","","",""
"3540","0.15706095290580058","0.15706095290580058","0.15706095290580058","","","","","",""
"3541","0.15771790144965112","0.15771790144965112","0.15771790144965112","","","","","",""
"3542","0.15951603300632708","0.15951603300632708","0.15951603300632708","","","","","",""
"3543","0.15706266511142283","0.15706266511142283","0.15706266511142283","","","","","",""
"3544","0.16055410695405467","0.16055410695405467","0.16055410695405467","","","","","",""
"3545","0.16242078793561915","0.16242078793561915","0.16242078793561915","","","","","",""
"3546","0.15853579687743","0.15853579687743","0.15853579687743","","","","","",""
"3547","0.16124002630044465","0.16124002630044465","0.16124002630044465","","","","","",""
"3548","0.1621489929447727","0.1621489929447727","0.1621489929447727","","","","","",""
"3549","0.15839341749260605","0.15839341749260605","0.15839341749260605","","","","","",""
"3550","0.15869135413781746","0.15869135413781746","0.15869135413781746","","","","","",""
"3551","0.16031200002737653","0.16031200002737653","0.16031200002737653","","","","","",""
"3552","0.16281542922390602","0.16281542922390602","0.16281542922390602","","","","","",""
"3553","0.16062310141809377","0.16062310141809377","0.16062310141809377","","","","","",""
"3554","0.1578430617603733","0.1578430617603733","0.1578430617603733","","","","","",""
"3555","0.15931760766648653","0.15931760766648653","0.15931760766648653","","","","","",""
"3556","0.1606137943870576","0.1606137943870576","0.1606137943870576","","","","","",""
"3557","0.15884632649127015","0.15884632649127015","0.15884632649127015","","","","","",""
"3558","0.15663032465750806","0.15663032465750806","0.15663032465750806","","","","","",""
"3559","0.1572688875382436","0.1572688875382436","0.1572688875382436","","","","","",""
"3560","0.1624522602581353","0.1624522602581353","0.1624522602581353","","","","","",""
"3561","0.1606425531308183","0.1606425531308183","0.1606425531308183","","","","","",""
"3562","0.15921886083009198","0.15921886083009198","0.15921886083009198","","","","","",""
"3563","0.16007782978585566","0.16007782978585566","0.16007782978585566","","","","","",""
"3564","0.1587946533655669","0.1587946533655669","0.1587946533655669","","","","","",""
"3565","0.16049197298109943","0.16049197298109943","0.16049197298109943","","","","","",""
"3566","0.15783887908959887","0.15783887908959887","0.15783887908959887","","","","","",""
"3567","0.15806847405934488","0.15806847405934488","0.15806847405934488","","","","","",""
"3568","0.15947670790556565","0.15947670790556565","0.15947670790556565","","","","","",""
"3569","0.15803574382886632","0.15803574382886632","0.15803574382886632","","","","","",""
"3570","0.15837795221326176","0.15837795221326176","0.15837795221326176","","","","","",""
"3571","0.15915944080160543","0.15915944080160543","0.15915944080160543","","","","","",""
"3572","0.15925392078202452","0.15925392078202452","0.15925392078202452","","","","","",""
"3573","0.16030223521832251","0.16030223521832251","0.16030223521832251","","","","","",""
"3574","0.15868086878176899","0.15868086878176899","0.15868086878176899","","","","","",""
"3575","0.15835060897020023","0.15835060897020023","0.15835060897020023","","","","","",""
"3576","0.16097899860710724","0.16097899860710724","0.16097899860710724","","","","","",""
"3577","0.15629361605859926","0.15629361605859926","0.15629361605859926","","","","","",""
"3578","0.15616363349410942","0.15616363349410942","0.15616363349410942","","","","","",""
"3579","0.16280522274174528","0.16280522274174528","0.16280522274174528","","","","","",""
"3580","0.1606267484588315","0.1606267484588315","0.1606267484588315","","","","","",""
"3581","0.16002989698335876","0.16002989698335876","0.16002989698335876","","","","","",""
"3582","0.15717972007553066","0.15717972007553066","0.15717972007553066","","","","","",""
"3583","0.1599228874095345","0.1599228874095345","0.1599228874095345","","","","","",""
"3584","0.15910173669064598","0.15910173669064598","0.15910173669064598","","","","","",""
"3585","0.15934132720423738","0.15934132720423738","0.15934132720423738","","","","","",""
"3586","0.1583191005654907","0.1583191005654907","0.1583191005654907","","","","","",""
"3587","0.15911300245138627","0.15911300245138627","0.15911300245138627","","","","","",""
"3588","0.15723136693442133","0.15723136693442133","0.15723136693442133","","","","","",""
"3589","0.1562183808465356","0.1562183808465356","0.1562183808465356","","","","","",""
"3590","0.16053715869733287","0.16053715869733287","0.16053715869733287","","","","","",""
"3591","0.1596734867776164","0.1596734867776164","0.1596734867776164","","","","","",""
"3592","0.16162538160926718","0.16162538160926718","0.16162538160926718","","","","","",""
"3593","0.15763832315491752","0.15763832315491752","0.15763832315491752","","","","","",""
"3594","0.15802488466179773","0.15802488466179773","0.15802488466179773","","","","","",""
"3595","0.1595912758360387","0.1595912758360387","0.1595912758360387","","","","","",""
"3596","0.16073342870230128","0.16073342870230128","0.16073342870230128","","","","","",""
"3597","0.1561109567313194","0.1561109567313194","0.1561109567313194","","","","","",""
"3598","0.16025970730197678","0.16025970730197678","0.16025970730197678","","","","","",""
"3599","0.16143930383065666","0.16143930383065666","0.16143930383065666","","","","","",""
"3600","0.15700008195266607","0.15700008195266607","0.15700008195266607","","","","","",""
"3601","0.16189121817062044","0.16189121817062044","0.16189121817062044","","","","","",""
"3602","0.15978366380139672","0.15978366380139672","0.15978366380139672","","","","","",""
"3603","0.15975805176839955","0.15975805176839955","0.15975805176839955","","","","","",""
"3604","0.15948004965989507","0.15948004965989507","0.15948004965989507","","","","","",""
"3605","0.159316195287426","0.159316195287426","0.159316195287426","","","","","",""
"3606","0.16337924425785844","0.16337924425785844","0.16337924425785844","","","","","",""
"3607","0.16083585980574502","0.16083585980574502","0.16083585980574502","","","","","",""
"3608","0.15905797758019533","0.15905797758019533","0.15905797758019533","","","","","",""
"3609","0.1597771105498018","0.1597771105498018","0.1597771105498018","","","","","",""
"3610","0.1613033007273175","0.1613033007273175","0.1613033007273175","","","","","",""
"3611","0.15768076748239065","0.15768076748239065","0.15768076748239065","","","","","",""
"3612","0.15885702668150223","0.15885702668150223","0.15885702668150223","","","","","",""
"3613","0.16074351548367635","0.16074351548367635","0.16074351548367635","","","","","",""
"3614","0.16230123901188825","0.16230123901188825","0.16230123901188825","","","","","",""
"3615","0.15997023465110607","0.15997023465110607","0.15997023465110607","","","","","",""
"3616","0.16025084333100695","0.16025084333100695","0.16025084333100695","","","","","",""
"3617","0.1594230543851101","0.1594230543851101","0.1594230543851101","","","","","",""
"3618","0.1600423736770822","0.1600423736770822","0.1600423736770822","","","","","",""
"3619","0.15933330526078834","0.15933330526078834","0.15933330526078834","","","","","",""
"3620","0.15796728116152736","0.15796728116152736","0.15796728116152736","","","","","",""
"3621","0.15842467740500402","0.15842467740500402","0.15842467740500402","","","","","",""
"3622","0.15819572887174152","0.15819572887174152","0.15819572887174152","","","","","",""
"3623","0.15884333617647695","0.15884333617647695","0.15884333617647695","","","","","",""
"3624","0.15892618281824888","0.15892618281824888","0.15892618281824888","","","","","",""
"3625","0.15924015024437066","0.15924015024437066","0.15924015024437066","","","","","",""
"3626","0.15912178952456724","0.15912178952456724","0.15912178952456724","","","","","",""
"3627","0.1593641714398037","0.1593641714398037","0.1593641714398037","","","","","",""
"3628","0.15950673733024115","0.15950673733024115","0.15950673733024115","","","","","",""
"3629","0.1567000813463371","0.1567000813463371","0.1567000813463371","","","","","",""
"3630","0.15866476999490928","0.15866476999490928","0.15866476999490928","","","","","",""
"3631","0.1590242313265511","0.1590242313265511","0.1590242313265511","","","","","",""
"3632","0.15977979563578112","0.15977979563578112","0.15977979563578112","","","","","",""
"3633","0.16080530732166112","0.16080530732166112","0.16080530732166112","","","","","",""
"3634","0.15870533861359648","0.15870533861359648","0.15870533861359648","","","","","",""
"3635","0.1610434312354104","0.1610434312354104","0.1610434312354104","","","","","",""
"3636","0.16033025912423393","0.16033025912423393","0.16033025912423393","","","","","",""
"3637","0.15770879561203435","0.15770879561203435","0.15770879561203435","","","","","",""
"3638","0.15875215290056757","0.15875215290056757","0.15875215290056757","","","","","",""
"3639","0.15621398626599015","0.15621398626599015","0.15621398626599015","","","","","",""
"3640","0.1597689893843817","0.1597689893843817","0.1597689893843817","","","","","",""
"3641","0.1593495741392546","0.1593495741392546","0.1593495741392546","","","","","",""
"3642","0.15913352861330798","0.15913352861330798","0.15913352861330798","","","","","",""
"3643","0.1592346712348545","0.1592346712348545","0.1592346712348545","","","","","",""
"3644","0.15796186883760352","0.15796186883760352","0.15796186883760352","","","","","",""
"3645","0.15839516227545528","0.15839516227545528","0.15839516227545528","","","","","",""
"3646","0.1581178701810926","0.1581178701810926","0.1581178701810926","","","","","",""
"3647","0.16037419909634118","0.16037419909634118","0.16037419909634118","","","","","",""
"3648","0.15929978445421322","0.15929978445421322","0.15929978445421322","","","","","",""
"3649","0.15815849335580492","0.15815849335580492","0.15815849335580492","","","","","",""
"3650","0.16047771126722124","0.16047771126722124","0.16047771126722124","","","","","",""
"3651","0.16238203887786493","0.16238203887786493","0.16238203887786493","","","","","",""
"3652","0.15976786058728984","0.15976786058728984","0.15976786058728984","","","","","",""
"3653","0.16012528216351324","0.16012528216351324","0.16012528216351324","","","","","",""
"3654","0.15993792345886476","0.15993792345886476","0.15993792345886476","","","","","",""
"3655","0.16043074524632997","0.16043074524632997","0.16043074524632997","","","","","",""
"3656","0.15998190037320023","0.15998190037320023","0.15998190037320023","","","","","",""
"3657","0.15781299252797232","0.15781299252797232","0.15781299252797232","","","","","",""
"3658","0.15837755254412997","0.15837755254412997","0.15837755254412997","","","","","",""
"3659","0.15934188798167326","0.15934188798167326","0.15934188798167326","","","","","",""
"3660","0.15930767993002873","0.15930767993002873","0.15930767993002873","","","","","",""
"3661","0.15840405181791947","0.15840405181791947","0.15840405181791947","","","","","",""
"3662","0.1585969557166027","0.1585969557166027","0.1585969557166027","","","","","",""
"3663","0.1558065966918931","0.1558065966918931","0.1558065966918931","","","","","",""
"3664","0.15784303269190728","0.15784303269190728","0.15784303269190728","","","","","",""
"3665","0.16075964376342353","0.16075964376342353","0.16075964376342353","","","","","",""
"3666","0.16034275221217373","0.16034275221217373","0.16034275221217373","","","","","",""
"3667","0.15751910211827094","0.15751910211827094","0.15751910211827094","","","","","",""
"3668","0.15834474926223346","0.15834474926223346","0.15834474926223346","","","","","",""
"3669","0.16253900632747598","0.16253900632747598","0.16253900632747598","","","","","",""
"3670","0.16110162674538017","0.16110162674538017","0.16110162674538017","","","","","",""
"3671","0.15937119552943668","0.15937119552943668","0.15937119552943668","","","","","",""
"3672","0.1594363871027226","0.1594363871027226","0.1594363871027226","","","","","",""
"3673","0.15829653902688284","0.15829653902688284","0.15829653902688284","","","","","",""
"3674","0.16127168373063733","0.16127168373063733","0.16127168373063733","","","","","",""
"3675","0.15811236007916907","0.15811236007916907","0.15811236007916907","","","","","",""
"3676","0.1575396668850446","0.1575396668850446","0.1575396668850446","","","","","",""
"3677","0.16111043599682656","0.16111043599682656","0.16111043599682656","","","","","",""
"3678","0.15839442919426172","0.15839442919426172","0.15839442919426172","","","","","",""
"3679","0.15854137044197372","0.15854137044197372","0.15854137044197372","","","","","",""
"3680","0.15732311874875163","0.15732311874875163","0.15732311874875163","","","","","",""
"3681","0.16005822084945867","0.16005822084945867","0.16005822084945867","","","","","",""
"3682","0.1596472246600385","0.1596472246600385","0.1596472246600385","","","","","",""
"3683","0.1575522071316112","0.1575522071316112","0.1575522071316112","","","","","",""
"3684","0.16049653227740499","0.16049653227740499","0.16049653227740499","","","","","",""
"3685","0.16011297625953771","0.16011297625953771","0.16011297625953771","","","","","",""
"3686","0.15935811224214866","0.15935811224214866","0.15935811224214866","","","","","",""
"3687","0.1592739294077433","0.1592739294077433","0.1592739294077433","","","","","",""
"3688","0.15648635424570986","0.15648635424570986","0.15648635424570986","","","","","",""
"3689","0.15782373614918704","0.15782373614918704","0.15782373614918704","","","","","",""
"3690","0.163267925854654","0.163267925854654","0.163267925854654","","","","","",""
"3691","0.16034786246400468","0.16034786246400468","0.16034786246400468","","","","","",""
"3692","0.15890523699778805","0.15890523699778805","0.15890523699778805","","","","","",""
"3693","0.1562928880615835","0.1562928880615835","0.1562928880615835","","","","","",""
"3694","0.1594496914152081","0.1594496914152081","0.1594496914152081","","","","","",""
"3695","0.16045508138515216","0.16045508138515216","0.16045508138515216","","","","","",""
"3696","0.15721669903345184","0.15721669903345184","0.15721669903345184","","","","","",""
"3697","0.15792044925662854","0.15792044925662854","0.15792044925662854","","","","","",""
"3698","0.162493846556567","0.162493846556567","0.162493846556567","","","","","",""
"3699","0.15919690433430764","0.15919690433430764","0.15919690433430764","","","","","",""
"3700","0.1585405051524649","0.1585405051524649","0.1585405051524649","","","","","",""
"3701","0.16027026848188733","0.16027026848188733","0.16027026848188733","","","","","",""
"3702","0.15857821539995234","0.15857821539995234","0.15857821539995234","","","","","",""
"3703","0.15739317498905062","0.15739317498905062","0.15739317498905062","","","","","",""
"3704","0.16122690565417894","0.16122690565417894","0.16122690565417894","","","","","",""
"3705","0.16045877330055083","0.16045877330055083","0.16045877330055083","","","","","",""
"3706","0.1574553906602016","0.1574553906602016","0.1574553906602016","","","","","",""
"3707","0.15861495456394792","0.15861495456394792","0.15861495456394792","","","","","",""
"3708","0.16066985062462946","0.16066985062462946","0.16066985062462946","","","","","",""
"3709","0.15953171250328665","0.15953171250328665","0.15953171250328665","","","","","",""
"3710","0.15810619106380502","0.15810619106380502","0.15810619106380502","","","","","",""
"3711","0.15712476328768296","0.15712476328768296","0.15712476328768296","","","","","",""
"3712","0.1611441017768586","0.1611441017768586","0.1611441017768586","","","","","",""
"3713","0.15770864679800367","0.15770864679800367","0.15770864679800367","","","","","",""
"3714","0.16008368820068092","0.16008368820068092","0.16008368820068092","","","","","",""
"3715","0.15929915588022311","0.15929915588022311","0.15929915588022311","","","","","",""
"3716","0.16048033484928798","0.16048033484928798","0.16048033484928798","","","","","",""
"3717","0.16124073511804496","0.16124073511804496","0.16124073511804496","","","","","",""
"3718","0.15937037954852576","0.15937037954852576","0.15937037954852576","","","","","",""
"3719","0.1625234694054089","0.1625234694054089","0.1625234694054089","","","","","",""
"3720","0.16047653140374493","0.16047653140374493","0.16047653140374493","","","","","",""
"3721","0.16193257442905945","0.16193257442905945","0.16193257442905945","","","","","",""
"3722","0.15858895686866356","0.15858895686866356","0.15858895686866356","","","","","",""
"3723","0.15902093650886362","0.15902093650886362","0.15902093650886362","","","","","",""
"3724","0.15772350939921143","0.15772350939921143","0.15772350939921143","","","","","",""
"3725","0.15923527808148233","0.15923527808148233","0.15923527808148233","","","","","",""
"3726","0.15965281095849684","0.15965281095849684","0.15965281095849684","","","","","",""
"3727","0.16018921125589652","0.16018921125589652","0.16018921125589652","","","","","",""
"3728","0.15713275382536676","0.15713275382536676","0.15713275382536676","","","","","",""
"3729","0.15919699902726372","0.15919699902726372","0.15919699902726372","","","","","",""
"3730","0.15946990356234003","0.15946990356234003","0.15946990356234003","","","","","",""
"3731","0.15831328584703155","0.15831328584703155","0.15831328584703155","","","","","",""
"3732","0.15826935502429373","0.15826935502429373","0.15826935502429373","","","","","",""
"3733","0.16019216327129635","0.16019216327129635","0.16019216327129635","","","","","",""
"3734","0.15939353756417726","0.15939353756417726","0.15939353756417726","","","","","",""
"3735","0.15740020269990398","0.15740020269990398","0.15740020269990398","","","","","",""
"3736","0.15926347491425388","0.15926347491425388","0.15926347491425388","","","","","",""
"3737","0.1606649705683094","0.1606649705683094","0.1606649705683094","","","","","",""
"3738","0.16194621358534422","0.16194621358534422","0.16194621358534422","","","","","",""
"3739","0.15631316545569043","0.15631316545569043","0.15631316545569043","","","","","",""
"3740","0.1592327700007818","0.1592327700007818","0.1592327700007818","","","","","",""
"3741","0.15716461973784088","0.15716461973784088","0.15716461973784088","","","","","",""
"3742","0.15789219770324367","0.15789219770324367","0.15789219770324367","","","","","",""
"3743","0.15744243266886818","0.15744243266886818","0.15744243266886818","","","","","",""
"3744","0.15862671023116573","0.15862671023116573","0.15862671023116573","","","","","",""
"3745","0.15799689749101312","0.15799689749101312","0.15799689749101312","","","","","",""
"3746","0.1612489153260766","0.1612489153260766","0.1612489153260766","","","","","",""
"3747","0.1579577044918623","0.1579577044918623","0.1579577044918623","","","","","",""
"3748","0.15984526733011029","0.15984526733011029","0.15984526733011029","","","","","",""
"3749","0.1601695639510121","0.1601695639510121","0.1601695639510121","","","","","",""
"3750","0.15978235355201717","0.15978235355201717","0.15978235355201717","","","","","",""
"3751","0.15604974699411014","0.15604974699411014","0.15604974699411014","","","","","",""
"3752","0.15813025675056902","0.15813025675056902","0.15813025675056902","","","","","",""
"3753","0.15781820091577742","0.15781820091577742","0.15781820091577742","","","","","",""
"3754","0.15762900327557097","0.15762900327557097","0.15762900327557097","","","","","",""
"3755","0.15961319458473378","0.15961319458473378","0.15961319458473378","","","","","",""
"3756","0.15914478420598901","0.15914478420598901","0.15914478420598901","","","","","",""
"3757","0.15829669420613196","0.15829669420613196","0.15829669420613196","","","","","",""
"3758","0.15778237207531162","0.15778237207531162","0.15778237207531162","","","","","",""
"3759","0.15909503988848125","0.15909503988848125","0.15909503988848125","","","","","",""
"3760","0.15948778481156098","0.15948778481156098","0.15948778481156098","","","","","",""
"3761","0.15713851989093222","0.15713851989093222","0.15713851989093222","","","","","",""
"3762","0.1602343745899543","0.1602343745899543","0.1602343745899543","","","","","",""
"3763","0.15754666792602917","0.15754666792602917","0.15754666792602917","","","","","",""
"3764","0.16083875418821353","0.16083875418821353","0.16083875418821353","","","","","",""
"3765","0.15866129416289332","0.15866129416289332","0.15866129416289332","","","","","",""
"3766","0.15831273037411528","0.15831273037411528","0.15831273037411528","","","","","",""
"3767","0.1568061732767486","0.1568061732767486","0.1568061732767486","","","","","",""
"3768","0.15844389746128795","0.15844389746128795","0.15844389746128795","","","","","",""
"3769","0.16265011071505145","0.16265011071505145","0.16265011071505145","","","","","",""
"3770","0.15880992742950387","0.15880992742950387","0.15880992742950387","","","","","",""
"3771","0.1588299818214698","0.1588299818214698","0.1588299818214698","","","","","",""
"3772","0.16101820587590812","0.16101820587590812","0.16101820587590812","","","","","",""
"3773","0.1598518442230176","0.1598518442230176","0.1598518442230176","","","","","",""
"3774","0.16046831004241943","0.16046831004241943","0.16046831004241943","","","","","",""
"3775","0.15831388402127025","0.15831388402127025","0.15831388402127025","","","","","",""
"3776","0.16016325583207133","0.16016325583207133","0.16016325583207133","","","","","",""
"3777","0.16109642355528236","0.16109642355528236","0.16109642355528236","","","","","",""
"3778","0.16033954982236812","0.16033954982236812","0.16033954982236812","","","","","",""
"3779","0.1593001581724664","0.1593001581724664","0.1593001581724664","","","","","",""
"3780","0.15677683827079478","0.15677683827079478","0.15677683827079478","","","","","",""
"3781","0.16130413982556266","0.16130413982556266","0.16130413982556266","","","","","",""
"3782","0.15971705799074307","0.15971705799074307","0.15971705799074307","","","","","",""
"3783","0.15964752569354995","0.15964752569354995","0.15964752569354995","","","","","",""
"3784","0.16085703338620874","0.16085703338620874","0.16085703338620874","","","","","",""
"3785","0.156867095254735","0.156867095254735","0.156867095254735","","","","","",""
"3786","0.15980482686304168","0.15980482686304168","0.15980482686304168","","","","","",""
"3787","0.16060288190482863","0.16060288190482863","0.16060288190482863","","","","","",""
"3788","0.16057088262472022","0.16057088262472022","0.16057088262472022","","","","","",""
"3789","0.15909522990185365","0.15909522990185365","0.15909522990185365","","","","","",""
"3790","0.16048080913812193","0.16048080913812193","0.16048080913812193","","","","","",""
"3791","0.15833023567957652","0.15833023567957652","0.15833023567957652","","","","","",""
"3792","0.1561142072654206","0.1561142072654206","0.1561142072654206","","","","","",""
"3793","0.1595845804162246","0.1595845804162246","0.1595845804162246","","","","","",""
"3794","0.15996049754191763","0.15996049754191763","0.15996049754191763","","","","","",""
"3795","0.15919657561739323","0.15919657561739323","0.15919657561739323","","","","","",""
"3796","0.15679755669531173","0.15679755669531173","0.15679755669531173","","","","","",""
"3797","0.1581500286411756","0.1581500286411756","0.1581500286411756","","","","","",""
"3798","0.15872969668943823","0.15872969668943823","0.15872969668943823","","","","","",""
"3799","0.15966484965399053","0.15966484965399053","0.15966484965399053","","","","","",""
"3800","0.15720946273518985","0.15720946273518985","0.15720946273518985","","","","","",""
"3801","0.16151148144080082","0.16151148144080082","0.16151148144080082","","","","","",""
"3802","0.1606112694202906","0.1606112694202906","0.1606112694202906","","","","","",""
"3803","0.16064626657805783","0.16064626657805783","0.16064626657805783","","","","","",""
"3804","0.15620928099826045","0.15620928099826045","0.15620928099826045","","","","","",""
"3805","0.15708787938302368","0.15708787938302368","0.15708787938302368","","","","","",""
"3806","0.15819373088599764","0.15819373088599764","0.15819373088599764","","","","","",""
"3807","0.15370310983750712","0.15370310983750712","0.15370310983750712","","","","","",""
"3808","0.15830190229464","0.15830190229464","0.15830190229464","","","","","",""
"3809","0.16138379267170386","0.16138379267170386","0.16138379267170386","","","","","",""
"3810","0.16094537022536456","0.16094537022536456","0.16094537022536456","","","","","",""
"3811","0.1570400382719438","0.1570400382719438","0.1570400382719438","","","","","",""
"3812","0.16016753062404684","0.16016753062404684","0.16016753062404684","","","","","",""
"3813","0.16001941840753414","0.16001941840753414","0.16001941840753414","","","","","",""
"3814","0.1582988618868969","0.1582988618868969","0.1582988618868969","","","","","",""
"3815","0.1565333540546127","0.1565333540546127","0.1565333540546127","","","","","",""
"3816","0.16101851276983245","0.16101851276983245","0.16101851276983245","","","","","",""
"3817","0.15741432731339053","0.15741432731339053","0.15741432731339053","","","","","",""
"3818","0.1611024829616665","0.1611024829616665","0.1611024829616665","","","","","",""
"3819","0.1577124314877887","0.1577124314877887","0.1577124314877887","","","","","",""
"3820","0.1580175930663426","0.1580175930663426","0.1580175930663426","","","","","",""
"3821","0.1586935534375618","0.1586935534375618","0.1586935534375618","","","","","",""
"3822","0.15677849155713153","0.15677849155713153","0.15677849155713153","","","","","",""
"3823","0.15964709063749888","0.15964709063749888","0.15964709063749888","","","","","",""
"3824","0.15998742992017856","0.15998742992017856","0.15998742992017856","","","","","",""
"3825","0.160537745040801","0.160537745040801","0.160537745040801","","","","","",""
"3826","0.15737585666102455","0.15737585666102455","0.15737585666102455","","","","","",""
"3827","0.1608734454413421","0.1608734454413421","0.1608734454413421","","","","","",""
"3828","0.1582873725918197","0.1582873725918197","0.1582873725918197","","","","","",""
"3829","0.15792062042858432","0.15792062042858432","0.15792062042858432","","","","","",""
"3830","0.15795595007478483","0.15795595007478483","0.15795595007478483","","","","","",""
"3831","0.16050930010061792","0.16050930010061792","0.16050930010061792","","","","","",""
"3832","0.15993930785109398","0.15993930785109398","0.15993930785109398","","","","","",""
"3833","0.16152742841497789","0.16152742841497789","0.16152742841497789","","","","","",""
"3834","0.1561998654422679","0.1561998654422679","0.1561998654422679","","","","","",""
"3835","0.16041185283291637","0.16041185283291637","0.16041185283291637","","","","","",""
"3836","0.15753739848590745","0.15753739848590745","0.15753739848590745","","","","","",""
"3837","0.15936281600020466","0.15936281600020466","0.15936281600020466","","","","","",""
"3838","0.16011073485082614","0.16011073485082614","0.16011073485082614","","","","","",""
"3839","0.15664902469661787","0.15664902469661787","0.15664902469661787","","","","","",""
"3840","0.1584638170401663","0.1584638170401663","0.1584638170401663","","","","","",""
"3841","0.15738484124458257","0.15738484124458257","0.15738484124458257","","","","","",""
"3842","0.1590178584250989","0.1590178584250989","0.1590178584250989","","","","","",""
"3843","0.15949601965673718","0.15949601965673718","0.15949601965673718","","","","","",""
"3844","0.15999636830504219","0.15999636830504219","0.15999636830504219","","","","","",""
"3845","0.15713905503186856","0.15713905503186856","0.15713905503186856","","","","","",""
"3846","0.15998568990198295","0.15998568990198295","0.15998568990198295","","","","","",""
"3847","0.16059642823556314","0.16059642823556314","0.16059642823556314","","","","","",""
"3848","0.15894657043147045","0.15894657043147045","0.15894657043147045","","","","","",""
"3849","0.1570088599266303","0.1570088599266303","0.1570088599266303","","","","","",""
"3850","0.1601334551147779","0.1601334551147779","0.1601334551147779","","","","","",""
"3851","0.1572327827990857","0.1572327827990857","0.1572327827990857","","","","","",""
"3852","0.15678707530709998","0.15678707530709998","0.15678707530709998","","","","","",""
"3853","0.15986328583188766","0.15986328583188766","0.15986328583188766","","","","","",""
"3854","0.16048713741180995","0.16048713741180995","0.16048713741180995","","","","","",""
"3855","0.15690490545424984","0.15690490545424984","0.15690490545424984","","","","","",""
"3856","0.15818927116497694","0.15818927116497694","0.15818927116497694","","","","","",""
"3857","0.15931684776976662","0.15931684776976662","0.15931684776976662","","","","","",""
"3858","0.1586793437179458","0.1586793437179458","0.1586793437179458","","","","","",""
"3859","0.15345112204337666","0.15345112204337666","0.15345112204337666","","","","","",""
"3860","0.15726085141818572","0.15726085141818572","0.15726085141818572","","","","","",""
"3861","0.155317440163211","0.155317440163211","0.155317440163211","","","","","",""
"3862","0.15660972436853487","0.15660972436853487","0.15660972436853487","","","","","",""
"3863","0.1599043377269874","0.1599043377269874","0.1599043377269874","","","","","",""
"3864","0.15953503261343874","0.15953503261343874","0.15953503261343874","","","","","",""
"3865","0.15863601907241487","0.15863601907241487","0.15863601907241487","","","","","",""
"3866","0.15920376225869418","0.15920376225869418","0.15920376225869418","","","","","",""
"3867","0.15884171947922668","0.15884171947922668","0.15884171947922668","","","","","",""
"3868","0.1569890736920388","0.1569890736920388","0.1569890736920388","","","","","",""
"3869","0.15863344771259427","0.15863344771259427","0.15863344771259427","","","","","",""
"3870","0.16145301822442218","0.16145301822442218","0.16145301822442218","","","","","",""
"3871","0.16010825189985914","0.16010825189985914","0.16010825189985914","","","","","",""
"3872","0.15988537532862887","0.15988537532862887","0.15988537532862887","","","","","",""
"3873","0.15982436709384054","0.15982436709384054","0.15982436709384054","","","","","",""
"3874","0.1571829773235747","0.1571829773235747","0.1571829773235747","","","","","",""
"3875","0.15387298362503568","0.15387298362503568","0.15387298362503568","","","","","",""
"3876","0.15696978017137286","0.15696978017137286","0.15696978017137286","","","","","",""
"3877","0.15712158670479415","0.15712158670479415","0.15712158670479415","","","","","",""
"3878","0.16072678557242404","0.16072678557242404","0.16072678557242404","","","","","",""
"3879","0.1592885795691435","0.1592885795691435","0.1592885795691435","","","","","",""
"3880","0.16017306084084904","0.16017306084084904","0.16017306084084904","","","","","",""
"3881","0.15811226530558248","0.15811226530558248","0.15811226530558248","","","","","",""
"3882","0.16169799224301015","0.16169799224301015","0.16169799224301015","","","","","",""
"3883","0.15795705742922456","0.15795705742922456","0.15795705742922456","","","","","",""
"3884","0.15744681455811807","0.15744681455811807","0.15744681455811807","","","","","",""
"3885","0.16225498642688552","0.16225498642688552","0.16225498642688552","","","","","",""
"3886","0.15754122924113076","0.15754122924113076","0.15754122924113076","","","","","",""
"3887","0.15856711319327008","0.15856711319327008","0.15856711319327008","","","","","",""
"3888","0.15687634405177533","0.15687634405177533","0.15687634405177533","","","","","",""
"3889","0.16019737960123187","0.16019737960123187","0.16019737960123187","","","","","",""
"3890","0.15738171466009043","0.15738171466009043","0.15738171466009043","","","","","",""
"3891","0.159530192862807","0.159530192862807","0.159530192862807","","","","","",""
"3892","0.15962263267614016","0.15962263267614016","0.15962263267614016","","","","","",""
"3893","0.15882338114601782","0.15882338114601782","0.15882338114601782","","","","","",""
"3894","0.15601280564108833","0.15601280564108833","0.15601280564108833","","","","","",""
"3895","0.1598807821436854","0.1598807821436854","0.1598807821436854","","","","","",""
"3896","0.15626237739587362","0.15626237739587362","0.15626237739587362","","","","","",""
"3897","0.15782940994803968","0.15782940994803968","0.15782940994803968","","","","","",""
"3898","0.15972848908434825","0.15972848908434825","0.15972848908434825","","","","","",""
"3899","0.15805167408319068","0.15805167408319068","0.15805167408319068","","","","","",""
"3900","0.15856117207113474","0.15856117207113474","0.15856117207113474","","","","","",""
"3901","0.16190035703756064","0.16190035703756064","0.16190035703756064","","","","","",""
"3902","0.15791956145817265","0.15791956145817265","0.15791956145817265","","","","","",""
"3903","0.15985136925467977","0.15985136925467977","0.15985136925467977","","","","","",""
"3904","0.1612590598498079","0.1612590598498079","0.1612590598498079","","","","","",""
"3905","0.15989377671417435","0.15989377671417435","0.15989377671417435","","","","","",""
"3906","0.15871550043720065","0.15871550043720065","0.15871550043720065","","","","","",""
"3907","0.15642745937981795","0.15642745937981795","0.15642745937981795","","","","","",""
"3908","0.15907435300173253","0.15907435300173253","0.15907435300173253","","","","","",""
"3909","0.15828269582192522","0.15828269582192522","0.15828269582192522","","","","","",""
"3910","0.15724376431990145","0.15724376431990145","0.15724376431990145","","","","","",""
"3911","0.1577667951073203","0.1577667951073203","0.1577667951073203","","","","","",""
"3912","0.1625476863496407","0.1625476863496407","0.1625476863496407","","","","","",""
"3913","0.15882787439051535","0.15882787439051535","0.15882787439051535","","","","","",""
"3914","0.15934004410928795","0.15934004410928795","0.15934004410928795","","","","","",""
"3915","0.15859946962264904","0.15859946962264904","0.15859946962264904","","","","","",""
"3916","0.16066126563442948","0.16066126563442948","0.16066126563442948","","","","","",""
"3917","0.1577141787439408","0.1577141787439408","0.1577141787439408","","","","","",""
"3918","0.15874214829363933","0.15874214829363933","0.15874214829363933","","","","","",""
"3919","0.15848023482489146","0.15848023482489146","0.15848023482489146","","","","","",""
"3920","0.1619462257248457","0.1619462257248457","0.1619462257248457","","","","","",""
"3921","0.15681944735299133","0.15681944735299133","0.15681944735299133","","","","","",""
"3922","0.15889108999961762","0.15889108999961762","0.15889108999961762","","","","","",""
"3923","0.1590110946524347","0.1590110946524347","0.1590110946524347","","","","","",""
"3924","0.16031771310295387","0.16031771310295387","0.16031771310295387","","","","","",""
"3925","0.16053745958083568","0.16053745958083568","0.16053745958083568","","","","","",""
"3926","0.1586815482480177","0.1586815482480177","0.1586815482480177","","","","","",""
"3927","0.15803611411881982","0.15803611411881982","0.15803611411881982","","","","","",""
"3928","0.16022499066229012","0.16022499066229012","0.16022499066229012","","","","","",""
"3929","0.16040020538685307","0.16040020538685307","0.16040020538685307","","","","","",""
"3930","0.1581196248955717","0.1581196248955717","0.1581196248955717","","","","","",""
"3931","0.15868760693970976","0.15868760693970976","0.15868760693970976","","","","","",""
"3932","0.1589430556157128","0.1589430556157128","0.1589430556157128","","","","","",""
"3933","0.15769106445970563","0.15769106445970563","0.15769106445970563","","","","","",""
"3934","0.15802695173035367","0.15802695173035367","0.15802695173035367","","","","","",""
"3935","0.15700183591781627","0.15700183591781627","0.15700183591781627","","","","","",""
"3936","0.15808647989371338","0.15808647989371338","0.15808647989371338","","","","","",""
"3937","0.15665798040813572","0.15665798040813572","0.15665798040813572","","","","","",""
"3938","0.1571691800058159","0.1571691800058159","0.1571691800058159","","","","","",""
"3939","0.15680638833843902","0.15680638833843902","0.15680638833843902","","","","","",""
"3940","0.1622427032593142","0.1622427032593142","0.1622427032593142","","","","","",""
"3941","0.15976080772817847","0.15976080772817847","0.15976080772817847","","","","","",""
"3942","0.158991186155677","0.158991186155677","0.158991186155677","","","","","",""
"3943","0.16049766733779933","0.16049766733779933","0.16049766733779933","","","","","",""
"3944","0.15988115910516457","0.15988115910516457","0.15988115910516457","","","","","",""
"3945","0.1609608791794841","0.1609608791794841","0.1609608791794841","","","","","",""
"3946","0.15841961693068235","0.15841961693068235","0.15841961693068235","","","","","",""
"3947","0.15646107098129916","0.15646107098129916","0.15646107098129916","","","","","",""
"3948","0.1600594570792152","0.1600594570792152","0.1600594570792152","","","","","",""
"3949","0.15527633004086716","0.15527633004086716","0.15527633004086716","","","","","",""
"3950","0.15886220774209728","0.15886220774209728","0.15886220774209728","","","","","",""
"3951","0.16010547349862245","0.16010547349862245","0.16010547349862245","","","","","",""
"3952","0.15556756768378557","0.15556756768378557","0.15556756768378557","","","","","",""
"3953","0.15845874848552685","0.15845874848552685","0.15845874848552685","","","","","",""
"3954","0.16024817826333362","0.16024817826333362","0.16024817826333362","","","","","",""
"3955","0.1614009276508415","0.1614009276508415","0.1614009276508415","","","","","",""
"3956","0.15896875732312668","0.15896875732312668","0.15896875732312668","","","","","",""
"3957","0.15718913754583838","0.15718913754583838","0.15718913754583838","","","","","",""
"3958","0.15905021122557275","0.15905021122557275","0.15905021122557275","","","","","",""
"3959","0.1584704596032623","0.1584704596032623","0.1584704596032623","","","","","",""
"3960","0.15765199351501327","0.15765199351501327","0.15765199351501327","","","","","",""
"3961","0.1552117962937877","0.1552117962937877","0.1552117962937877","","","","","",""
"3962","0.15707578778817122","0.15707578778817122","0.15707578778817122","","","","","",""
"3963","0.1582296120184555","0.1582296120184555","0.1582296120184555","","","","","",""
"3964","0.1558615493078306","0.1558615493078306","0.1558615493078306","","","","","",""
"3965","0.1593883969486892","0.1593883969486892","0.1593883969486892","","","","","",""
"3966","0.15886192347544423","0.15886192347544423","0.15886192347544423","","","","","",""
"3967","0.1585329626415393","0.1585329626415393","0.1585329626415393","","","","","",""
"3968","0.15939284896963538","0.15939284896963538","0.15939284896963538","","","","","",""
"3969","0.1617864593131888","0.1617864593131888","0.1617864593131888","","","","","",""
"3970","0.15716935316798414","0.15716935316798414","0.15716935316798414","","","","","",""
"3971","0.15853077241742086","0.15853077241742086","0.15853077241742086","","","","","",""
"3972","0.15783130476521615","0.15783130476521615","0.15783130476521615","","","","","",""
"3973","0.15560058366670668","0.15560058366670668","0.15560058366670668","","","","","",""
"3974","0.15889976052417537","0.15889976052417537","0.15889976052417537","","","","","",""
"3975","0.15964957434281468","0.15964957434281468","0.15964957434281468","","","","","",""
"3976","0.1580758426965238","0.1580758426965238","0.1580758426965238","","","","","",""
"3977","0.15864076002835398","0.15864076002835398","0.15864076002835398","","","","","",""
"3978","0.15808527038580836","0.15808527038580836","0.15808527038580836","","","","","",""
"3979","0.1567380954586937","0.1567380954586937","0.1567380954586937","","","","","",""
"3980","0.1551839224375441","0.1551839224375441","0.1551839224375441","","","","","",""
"3981","0.15958821191515582","0.15958821191515582","0.15958821191515582","","","","","",""
"3982","0.16012954037574287","0.16012954037574287","0.16012954037574287","","","","","",""
"3983","0.1616133806748177","0.1616133806748177","0.1616133806748177","","","","","",""
"3984","0.15878330922171527","0.15878330922171527","0.15878330922171527","","","","","",""
"3985","0.15879874659433565","0.15879874659433565","0.15879874659433565","","","","","",""
"3986","0.1590665943156319","0.1590665943156319","0.1590665943156319","","","","","",""
"3987","0.15872541713319724","0.15872541713319724","0.15872541713319724","","","","","",""
"3988","0.16118214913947448","0.16118214913947448","0.16118214913947448","","","","","",""
"3989","0.16043431689711468","0.16043431689711468","0.16043431689711468","","","","","",""
"3990","0.15758525196144932","0.15758525196144932","0.15758525196144932","","","","","",""
"3991","0.15750809461378046","0.15750809461378046","0.15750809461378046","","","","","",""
"3992","0.15780965478992806","0.15780965478992806","0.15780965478992806","","","","","",""
"3993","0.16230529011068473","0.16230529011068473","0.16230529011068473","","","","","",""
"3994","0.15848837448913192","0.15848837448913192","0.15848837448913192","","","","","",""
"3995","0.1609958099295203","0.1609958099295203","0.1609958099295203","","","","","",""
"3996","0.15943570712038183","0.15943570712038183","0.15943570712038183","","","","","",""
"3997","0.15828196592057733","0.15828196592057733","0.15828196592057733","","","","","",""
"3998","0.15996332343973427","0.15996332343973427","0.15996332343973427","","","","","",""
"3999","0.15779919262704722","0.15779919262704722","0.15779919262704722","","","","","",""
"4000","0.1569555596910655","0.1569555596910655","0.1569555596910655","","","","","",""
"4001","0.1602200159048728","0.1602200159048728","0.1602200159048728","","","","","",""
"4002","0.15657997998831","0.15657997998831","0.15657997998831","","","","","",""
"4003","0.16005034481375516","0.16005034481375516","0.16005034481375516","","","","","",""
"4004","0.15635157572727731","0.15635157572727731","0.15635157572727731","","","","","",""
"4005","0.16311996809826396","0.16311996809826396","0.16311996809826396","","","","","",""
"4006","0.15769857154098904","0.15769857154098904","0.15769857154098904","","","","","",""
"4007","0.1595856149745112","0.1595856149745112","0.1595856149745112","","","","","",""
"4008","0.15884134162918817","0.15884134162918817","0.15884134162918817","","","","","",""
"4009","0.1621835928696234","0.1621835928696234","0.1621835928696234","","","","","",""
"4010","0.15803519353719267","0.15803519353719267","0.15803519353719267","","","","","",""
"4011","0.159875471070114","0.159875471070114","0.159875471070114","","","","","",""
"4012","0.15711929449995382","0.15711929449995382","0.15711929449995382","","","","","",""
"4013","0.16177256706891965","0.16177256706891965","0.16177256706891965","","","","","",""
"4014","0.1597956913463169","0.1597956913463169","0.1597956913463169","","","","","",""
"4015","0.15814010778639162","0.15814010778639162","0.15814010778639162","","","","","",""
"4016","0.15894960541010436","0.15894960541010436","0.15894960541010436","","","","","",""
"4017","0.1584647573081082","0.1584647573081082","0.1584647573081082","","","","","",""
"4018","0.16086185250965734","0.16086185250965734","0.16086185250965734","","","","","",""
"4019","0.15959670361517905","0.15959670361517905","0.15959670361517905","","","","","",""
"4020","0.15921067011272752","0.15921067011272752","0.15921067011272752","","","","","",""
"4021","0.1575696438930044","0.1575696438930044","0.1575696438930044","","","","","",""
"4022","0.15849203372479057","0.15849203372479057","0.15849203372479057","","","","","",""
"4023","0.15724963112843485","0.15724963112843485","0.15724963112843485","","","","","",""
"4024","0.16020189091376977","0.16020189091376977","0.16020189091376977","","","","","",""
"4025","0.15668364380946778","0.15668364380946778","0.15668364380946778","","","","","",""
"4026","0.16313102545339767","0.16313102545339767","0.16313102545339767","","","","","",""
"4027","0.15721537655616835","0.15721537655616835","0.15721537655616835","","","","","",""
"4028","0.16030670448719817","0.16030670448719817","0.16030670448719817","","","","","",""
"4029","0.16171093879214685","0.16171093879214685","0.16171093879214685","","","","","",""
"4030","0.15950320856944847","0.15950320856944847","0.15950320856944847","","","","","",""
"4031","0.1569012467108726","0.1569012467108726","0.1569012467108726","","","","","",""
"4032","0.1581355436356588","0.1581355436356588","0.1581355436356588","","","","","",""
"4033","0.15834210447622518","0.15834210447622518","0.15834210447622518","","","","","",""
"4034","0.15974596070605016","0.15974596070605016","0.15974596070605016","","","","","",""
"4035","0.15816112274803718","0.15816112274803718","0.15816112274803718","","","","","",""
"4036","0.1579577739893478","0.1579577739893478","0.1579577739893478","","","","","",""
"4037","0.1570229400437634","0.1570229400437634","0.1570229400437634","","","","","",""
"4038","0.15932669915792258","0.15932669915792258","0.15932669915792258","","","","","",""
"4039","0.1574504309762069","0.1574504309762069","0.1574504309762069","","","","","",""
"4040","0.15831090218567156","0.15831090218567156","0.15831090218567156","","","","","",""
"4041","0.156210614087494","0.156210614087494","0.156210614087494","","","","","",""
"4042","0.15788828144465092","0.15788828144465092","0.15788828144465092","","","","","",""
"4043","0.15750729789743792","0.15750729789743792","0.15750729789743792","","","","","",""
"4044","0.15788703025365267","0.15788703025365267","0.15788703025365267","","","","","",""
"4045","0.15765916578372455","0.15765916578372455","0.15765916578372455","","","","","",""
"4046","0.157036253414799","0.157036253414799","0.157036253414799","","","","","",""
"4047","0.1571175102972275","0.1571175102972275","0.1571175102972275","","","","","",""
"4048","0.1574585103914439","0.1574585103914439","0.1574585103914439","","","","","",""
"4049","0.15972730354069972","0.15972730354069972","0.15972730354069972","","","","","",""
"4050","0.16226282756638424","0.16226282756638424","0.16226282756638424","","","","","",""
"4051","0.1580158779349566","0.1580158779349566","0.1580158779349566","","","","","",""
"4052","0.15796400687343057","0.15796400687343057","0.15796400687343057","","","","","",""
"4053","0.15644325386288457","0.15644325386288457","0.15644325386288457","","","","","",""
"4054","0.16142827226398795","0.16142827226398795","0.16142827226398795","","","","","",""
"4055","0.15558258680965317","0.15558258680965317","0.15558258680965317","","","","","",""
"4056","0.15658391676190211","0.15658391676190211","0.15658391676190211","","","","","",""
"4057","0.1599278994543724","0.1599278994543724","0.1599278994543724","","","","","",""
"4058","0.15698787027822356","0.15698787027822356","0.15698787027822356","","","","","",""
"4059","0.16149226709840722","0.16149226709840722","0.16149226709840722","","","","","",""
"4060","0.16195004726886733","0.16195004726886733","0.16195004726886733","","","","","",""
"4061","0.15547464305601985","0.15547464305601985","0.15547464305601985","","","","","",""
"4062","0.15943116540818006","0.15943116540818006","0.15943116540818006","","","","","",""
"4063","0.15816702650735906","0.15816702650735906","0.15816702650735906","","","","","",""
"4064","0.15902691220353085","0.15902691220353085","0.15902691220353085","","","","","",""
"4065","0.15755922494607258","0.15755922494607258","0.15755922494607258","","","","","",""
"4066","0.1581719114214603","0.1581719114214603","0.1581719114214603","","","","","",""
"4067","0.15909441285213757","0.15909441285213757","0.15909441285213757","","","","","",""
"4068","0.15543988371386","0.15543988371386","0.15543988371386","","","","","",""
"4069","0.1596011538320716","0.1596011538320716","0.1596011538320716","","","","","",""
"4070","0.15967812102138648","0.15967812102138648","0.15967812102138648","","","","","",""
"4071","0.15926187047551574","0.15926187047551574","0.15926187047551574","","","","","",""
"4072","0.15835857363243966","0.15835857363243966","0.15835857363243966","","","","","",""
"4073","0.15844164017483212","0.15844164017483212","0.15844164017483212","","","","","",""
"4074","0.1608225955512722","0.1608225955512722","0.1608225955512722","","","","","",""
"4075","0.15641785315881254","0.15641785315881254","0.15641785315881254","","","","","",""
"4076","0.15755669036766548","0.15755669036766548","0.15755669036766548","","","","","",""
"4077","0.15839669098256756","0.15839669098256756","0.15839669098256756","","","","","",""
"4078","0.15893565936185147","0.15893565936185147","0.15893565936185147","","","","","",""
"4079","0.1591476148484811","0.1591476148484811","0.1591476148484811","","","","","",""
"4080","0.15797706737752235","0.15797706737752235","0.15797706737752235","","","","","",""
"4081","0.1555153415172999","0.1555153415172999","0.1555153415172999","","","","","",""
"4082","0.15816796598243807","0.15816796598243807","0.15816796598243807","","","","","",""
"4083","0.15838509853062102","0.15838509853062102","0.15838509853062102","","","","","",""
"4084","0.15960040908752707","0.15960040908752707","0.15960040908752707","","","","","",""
"4085","0.15999751057459327","0.15999751057459327","0.15999751057459327","","","","","",""
"4086","0.15836032083401722","0.15836032083401722","0.15836032083401722","","","","","",""
"4087","0.16008931593945094","0.16008931593945094","0.16008931593945094","","","","","",""
"4088","0.15684300084291014","0.15684300084291014","0.15684300084291014","","","","","",""
"4089","0.15734119055031714","0.15734119055031714","0.15734119055031714","","","","","",""
"4090","0.15908950623466353","0.15908950623466353","0.15908950623466353","","","","","",""
"4091","0.1573324048674882","0.1573324048674882","0.1573324048674882","","","","","",""
"4092","0.15833883694765946","0.15833883694765946","0.15833883694765946","","","","","",""
"4093","0.15569772256499373","0.15569772256499373","0.15569772256499373","","","","","",""
"4094","0.1593653621428828","0.1593653621428828","0.1593653621428828","","","","","",""
"4095","0.15917604698606122","0.15917604698606122","0.15917604698606122","","","","","",""
"4096","0.16043748000519945","0.16043748000519945","0.16043748000519945","","","","","",""
"4097","0.15935994039504645","0.15935994039504645","0.15935994039504645","","","","","",""
"4098","0.15888413731215698","0.15888413731215698","0.15888413731215698","","","","","",""
"4099","0.15750747107150936","0.15750747107150936","0.15750747107150936","","","","","",""
"4100","0.1594721860403297","0.1594721860403297","0.1594721860403297","","","","","",""
"4101","0.1587727358490597","0.1587727358490597","0.1587727358490597","","","","","",""
"4102","0.15676592569521397","0.15676592569521397","0.15676592569521397","","","","","",""
"4103","0.15789451560749937","0.15789451560749937","0.15789451560749937","","","","","",""
"4104","0.15707039396978767","0.15707039396978767","0.15707039396978767","","","","","",""
"4105","0.15753624182675183","0.15753624182675183","0.15753624182675183","","","","","",""
"4106","0.1574847885592393","0.1574847885592393","0.1574847885592393","","","","","",""
"4107","0.15577181856850428","0.15577181856850428","0.15577181856850428","","","","","",""
"4108","0.15650609780528044","0.15650609780528044","0.15650609780528044","","","","","",""
"4109","0.16026407686309982","0.16026407686309982","0.16026407686309982","","","","","",""
"4110","0.15627095161582302","0.15627095161582302","0.15627095161582302","","","","","",""
"4111","0.1597532064545992","0.1597532064545992","0.1597532064545992","","","","","",""
"4112","0.1563364530397355","0.1563364530397355","0.1563364530397355","","","","","",""
"4113","0.15830337753039547","0.15830337753039547","0.15830337753039547","","","","","",""
"4114","0.15978875021836061","0.15978875021836061","0.15978875021836061","","","","","",""
"4115","0.1575187451172029","0.1575187451172029","0.1575187451172029","","","","","",""
"4116","0.16057050590513114","0.16057050590513114","0.16057050590513114","","","","","",""
"4117","0.1587286395719311","0.1587286395719311","0.1587286395719311","","","","","",""
"4118","0.15793365329769027","0.15793365329769027","0.15793365329769027","","","","","",""
"4119","0.1569495447612114","0.1569495447612114","0.1569495447612114","","","","","",""
"4120","0.15774950068344615","0.15774950068344615","0.15774950068344615","","","","","",""
"4121","0.1601362350395485","0.1601362350395485","0.1601362350395485","","","","","",""
"4122","0.15961546015782171","0.15961546015782171","0.15961546015782171","","","","","",""
"4123","0.16041522838850683","0.16041522838850683","0.16041522838850683","","","","","",""
"4124","0.15833878442834387","0.15833878442834387","0.15833878442834387","","","","","",""
"4125","0.15878499274955912","0.15878499274955912","0.15878499274955912","","","","","",""
"4126","0.15978552978288324","0.15978552978288324","0.15978552978288324","","","","","",""
"4127","0.16165654346966354","0.16165654346966354","0.16165654346966354","","","","","",""
"4128","0.15787831638182256","0.15787831638182256","0.15787831638182256","","","","","",""
"4129","0.16166135065042184","0.16166135065042184","0.16166135065042184","","","","","",""
"4130","0.1588843459531538","0.1588843459531538","0.1588843459531538","","","","","",""
"4131","0.15809578683273715","0.15809578683273715","0.15809578683273715","","","","","",""
"4132","0.16284954241616598","0.16284954241616598","0.16284954241616598","","","","","",""
"4133","0.16101568574516675","0.16101568574516675","0.16101568574516675","","","","","",""
"4134","0.15861682580930006","0.15861682580930006","0.15861682580930006","","","","","",""
"4135","0.15929349994026812","0.15929349994026812","0.15929349994026812","","","","","",""
"4136","0.16234135430675653","0.16234135430675653","0.16234135430675653","","","","","",""
"4137","0.15728863198007864","0.15728863198007864","0.15728863198007864","","","","","",""
"4138","0.1569392697398945","0.1569392697398945","0.1569392697398945","","","","","",""
"4139","0.15631385003988624","0.15631385003988624","0.15631385003988624","","","","","",""
"4140","0.15770678975785393","0.15770678975785393","0.15770678975785393","","","","","",""
"4141","0.15756554738317705","0.15756554738317705","0.15756554738317705","","","","","",""
"4142","0.16279270311609892","0.16279270311609892","0.16279270311609892","","","","","",""
"4143","0.1562868258362256","0.1562868258362256","0.1562868258362256","","","","","",""
"4144","0.15698081002959063","0.15698081002959063","0.15698081002959063","","","","","",""
"4145","0.15988903626051526","0.15988903626051526","0.15988903626051526","","","","","",""
"4146","0.1588767840749339","0.1588767840749339","0.1588767840749339","","","","","",""
"4147","0.16024230155891436","0.16024230155891436","0.16024230155891436","","","","","",""
"4148","0.16051557614283535","0.16051557614283535","0.16051557614283535","","","","","",""
"4149","0.15880826279940283","0.15880826279940283","0.15880826279940283","","","","","",""
"4150","0.1605912495477955","0.1605912495477955","0.1605912495477955","","","","","",""
"4151","0.15888418426696294","0.15888418426696294","0.15888418426696294","","","","","",""
"4152","0.1571880640021045","0.1571880640021045","0.1571880640021045","","","","","",""
"4153","0.15932214092535996","0.15932214092535996","0.15932214092535996","","","","","",""
"4154","0.15977590710285322","0.15977590710285322","0.15977590710285322","","","","","",""
"4155","0.16020731629491344","0.16020731629491344","0.16020731629491344","","","","","",""
"4156","0.15723574980084234","0.15723574980084234","0.15723574980084234","","","","","",""
"4157","0.15769307740612779","0.15769307740612779","0.15769307740612779","","","","","",""
"4158","0.15758757027261497","0.15758757027261497","0.15758757027261497","","","","","",""
"4159","0.15746997250319292","0.15746997250319292","0.15746997250319292","","","","","",""
"4160","0.15934860140209622","0.15934860140209622","0.15934860140209622","","","","","",""
"4161","0.1593772756083942","0.1593772756083942","0.1593772756083942","","","","","",""
"4162","0.1604076136064209","0.1604076136064209","0.1604076136064209","","","","","",""
"4163","0.1586739229483428","0.1586739229483428","0.1586739229483428","","","","","",""
"4164","0.15809123701617708","0.15809123701617708","0.15809123701617708","","","","","",""
"4165","0.1579593385570278","0.1579593385570278","0.1579593385570278","","","","","",""
"4166","0.16188660217612696","0.16188660217612696","0.16188660217612696","","","","","",""
"4167","0.16015469914112077","0.16015469914112077","0.16015469914112077","","","","","",""
"4168","0.15706003244010006","0.15706003244010006","0.15706003244010006","","","","","",""
"4169","0.15630290003019898","0.15630290003019898","0.15630290003019898","","","","","",""
"4170","0.16178925579186024","0.16178925579186024","0.16178925579186024","","","","","",""
"4171","0.15945082844915692","0.15945082844915692","0.15945082844915692","","","","","",""
"4172","0.15671822336995164","0.15671822336995164","0.15671822336995164","","","","","",""
"4173","0.1586437259102367","0.1586437259102367","0.1586437259102367","","","","","",""
"4174","0.15954200457302956","0.15954200457302956","0.15954200457302956","","","","","",""
"4175","0.15966108561273284","0.15966108561273284","0.15966108561273284","","","","","",""
"4176","0.16029003000101003","0.16029003000101003","0.16029003000101003","","","","","",""
"4177","0.15765722738759785","0.15765722738759785","0.15765722738759785","","","","","",""
"4178","0.16032924580753696","0.16032924580753696","0.16032924580753696","","","","","",""
"4179","0.15908752110620003","0.15908752110620003","0.15908752110620003","","","","","",""
"4180","0.1582927146576182","0.1582927146576182","0.1582927146576182","","","","","",""
"4181","0.15760110419020587","0.15760110419020587","0.15760110419020587","","","","","",""
"4182","0.15768925019093563","0.15768925019093563","0.15768925019093563","","","","","",""
"4183","0.15685129107445597","0.15685129107445597","0.15685129107445597","","","","","",""
"4184","0.15697839956049983","0.15697839956049983","0.15697839956049983","","","","","",""
"4185","0.15612734294332622","0.15612734294332622","0.15612734294332622","","","","","",""
"4186","0.15570159713502038","0.15570159713502038","0.15570159713502038","","","","","",""
"4187","0.15663898896363312","0.15663898896363312","0.15663898896363312","","","","","",""
"4188","0.15771485506088545","0.15771485506088545","0.15771485506088545","","","","","",""
"4189","0.15692818051689122","0.15692818051689122","0.15692818051689122","","","","","",""
"4190","0.15689697225311194","0.15689697225311194","0.15689697225311194","","","","","",""
"4191","0.16044587212078049","0.16044587212078049","0.16044587212078049","","","","","",""
"4192","0.15928572640830482","0.15928572640830482","0.15928572640830482","","","","","",""
"4193","0.1589311149133954","0.1589311149133954","0.1589311149133954","","","","","",""
"4194","0.15946434434874437","0.15946434434874437","0.15946434434874437","","","","","",""
"4195","0.16012163680212685","0.16012163680212685","0.16012163680212685","","","","","",""
"4196","0.15587232588169445","0.15587232588169445","0.15587232588169445","","","","","",""
"4197","0.15743262992531293","0.15743262992531293","0.15743262992531293","","","","","",""
"4198","0.15950918485830826","0.15950918485830826","0.15950918485830826","","","","","",""
"4199","0.1596687549998291","0.1596687549998291","0.1596687549998291","","","","","",""
"4200","0.15939759829122527","0.15939759829122527","0.15939759829122527","","","","","",""
"4201","0.15856195334562598","0.15856195334562598","0.15856195334562598","","","","","",""
"4202","0.16075063085939997","0.16075063085939997","0.16075063085939997","","","","","",""
"4203","0.1590504842196281","0.1590504842196281","0.1590504842196281","","","","","",""
"4204","0.15836977260636217","0.15836977260636217","0.15836977260636217","","","","","",""
"4205","0.15969833402512537","0.15969833402512537","0.15969833402512537","","","","","",""
"4206","0.15882691199627988","0.15882691199627988","0.15882691199627988","","","","","",""
"4207","0.15918349716598454","0.15918349716598454","0.15918349716598454","","","","","",""
"4208","0.15357726203068306","0.15357726203068306","0.15357726203068306","","","","","",""
"4209","0.1587314348990477","0.1587314348990477","0.1587314348990477","","","","","",""
"4210","0.15872381695844792","0.15872381695844792","0.15872381695844792","","","","","",""
"4211","0.1577490887098976","0.1577490887098976","0.1577490887098976","","","","","",""
"4212","0.15998834650838123","0.15998834650838123","0.15998834650838123","","","","","",""
"4213","0.1571945964043291","0.1571945964043291","0.1571945964043291","","","","","",""
"4214","0.15612401275362228","0.15612401275362228","0.15612401275362228","","","","","",""
"4215","0.16011790916566893","0.16011790916566893","0.16011790916566893","","","","","",""
"4216","0.15855929721621692","0.15855929721621692","0.15855929721621692","","","","","",""
"4217","0.1561829511376099","0.1561829511376099","0.1561829511376099","","","","","",""
"4218","0.157446036452235","0.157446036452235","0.157446036452235","","","","","",""
"4219","0.159370088028328","0.159370088028328","0.159370088028328","","","","","",""
"4220","0.16041100951899043","0.16041100951899043","0.16041100951899043","","","","","",""
"4221","0.15850840914823638","0.15850840914823638","0.15850840914823638","","","","","",""
"4222","0.15831456842054523","0.15831456842054523","0.15831456842054523","","","","","",""
"4223","0.15759148545398863","0.15759148545398863","0.15759148545398863","","","","","",""
"4224","0.1559770581005179","0.1559770581005179","0.1559770581005179","","","","","",""
"4225","0.15818597987207547","0.15818597987207547","0.15818597987207547","","","","","",""
"4226","0.1575426071129953","0.1575426071129953","0.1575426071129953","","","","","",""
"4227","0.1596720728219996","0.1596720728219996","0.1596720728219996","","","","","",""
"4228","0.15728063523334398","0.15728063523334398","0.15728063523334398","","","","","",""
"4229","0.15623174497171197","0.15623174497171197","0.15623174497171197","","","","","",""
"4230","0.16086700940548998","0.16086700940548998","0.16086700940548998","","","","","",""
"4231","0.15955965731178187","0.15955965731178187","0.15955965731178187","","","","","",""
"4232","0.15978969394248485","0.15978969394248485","0.15978969394248485","","","","","",""
"4233","0.1586107342457935","0.1586107342457935","0.1586107342457935","","","","","",""
"4234","0.15796388125098001","0.15796388125098001","0.15796388125098001","","","","","",""
"4235","0.15942954852344995","0.15942954852344995","0.15942954852344995","","","","","",""
"4236","0.1556416820059395","0.1556416820059395","0.1556416820059395","","","","","",""
"4237","0.15889228549285883","0.15889228549285883","0.15889228549285883","","","","","",""
"4238","0.1577071747096654","0.1577071747096654","0.1577071747096654","","","","","",""
"4239","0.1567149320282366","0.1567149320282366","0.1567149320282366","","","","","",""
"4240","0.15550566693857668","0.15550566693857668","0.15550566693857668","","","","","",""
"4241","0.15969199253827335","0.15969199253827335","0.15969199253827335","","","","","",""
"4242","0.1584633921161926","0.1584633921161926","0.1584633921161926","","","","","",""
"4243","0.15813636352363214","0.15813636352363214","0.15813636352363214","","","","","",""
"4244","0.1576677698226631","0.1576677698226631","0.1576677698226631","","","","","",""
"4245","0.15905870823842855","0.15905870823842855","0.15905870823842855","","","","","",""
"4246","0.1564852667319937","0.1564852667319937","0.1564852667319937","","","","","",""
"4247","0.15868046637038466","0.15868046637038466","0.15868046637038466","","","","","",""
"4248","0.15846773222931654","0.15846773222931654","0.15846773222931654","","","","","",""
"4249","0.15845503354181079","0.15845503354181079","0.15845503354181079","","","","","",""
"4250","0.15739059532493496","0.15739059532493496","0.15739059532493496","","","","","",""
"4251","0.15785101245574956","0.15785101245574956","0.15785101245574956","","","","","",""
"4252","0.15788437710117986","0.15788437710117986","0.15788437710117986","","","","","",""
"4253","0.15919523818114092","0.15919523818114092","0.15919523818114092","","","","","",""
"4254","0.160614621756623","0.160614621756623","0.160614621756623","","","","","",""
"4255","0.15877650244774338","0.15877650244774338","0.15877650244774338","","","","","",""
"4256","0.1577780315447935","0.1577780315447935","0.1577780315447935","","","","","",""
"4257","0.15641495453460394","0.15641495453460394","0.15641495453460394","","","","","",""
"4258","0.16136946586810808","0.16136946586810808","0.16136946586810808","","","","","",""
"4259","0.15796770618351988","0.15796770618351988","0.15796770618351988","","","","","",""
"4260","0.15497281580829084","0.15497281580829084","0.15497281580829084","","","","","",""
"4261","0.15915476293025468","0.15915476293025468","0.15915476293025468","","","","","",""
"4262","0.15815971161445588","0.15815971161445588","0.15815971161445588","","","","","",""
"4263","0.1589142041698569","0.1589142041698569","0.1589142041698569","","","","","",""
"4264","0.15727080626541076","0.15727080626541076","0.15727080626541076","","","","","",""
"4265","0.1580253152699899","0.1580253152699899","0.1580253152699899","","","","","",""
"4266","0.15957594266344818","0.15957594266344818","0.15957594266344818","","","","","",""
"4267","0.15744743162841585","0.15744743162841585","0.15744743162841585","","","","","",""
"4268","0.15716105645742104","0.15716105645742104","0.15716105645742104","","","","","",""
"4269","0.15916912407340741","0.15916912407340741","0.15916912407340741","","","","","",""
"4270","0.1565279674787762","0.1565279674787762","0.1565279674787762","","","","","",""
"4271","0.15822455003950944","0.15822455003950944","0.15822455003950944","","","","","",""
"4272","0.15854446967506644","0.15854446967506644","0.15854446967506644","","","","","",""
"4273","0.15693784545957892","0.15693784545957892","0.15693784545957892","","","","","",""
"4274","0.16181013813654185","0.16181013813654185","0.16181013813654185","","","","","",""
"4275","0.15874493660915692","0.15874493660915692","0.15874493660915692","","","","","",""
"4276","0.15616416417068588","0.15616416417068588","0.15616416417068588","","","","","",""
"4277","0.15809364921488347","0.15809364921488347","0.15809364921488347","","","","","",""
"4278","0.15705810492212868","0.15705810492212868","0.15705810492212868","","","","","",""
"4279","0.15867115384377561","0.15867115384377561","0.15867115384377561","","","","","",""
"4280","0.15774883946769178","0.15774883946769178","0.15774883946769178","","","","","",""
"4281","0.1583088712790385","0.1583088712790385","0.1583088712790385","","","","","",""
"4282","0.15851068052387388","0.15851068052387388","0.15851068052387388","","","","","",""
"4283","0.1584688678987856","0.1584688678987856","0.1584688678987856","","","","","",""
"4284","0.1570115073311767","0.1570115073311767","0.1570115073311767","","","","","",""
"4285","0.1574357775601056","0.1574357775601056","0.1574357775601056","","","","","",""
"4286","0.15966026513761877","0.15966026513761877","0.15966026513761877","","","","","",""
"4287","0.1557752646364663","0.1557752646364663","0.1557752646364663","","","","","",""
"4288","0.1590039680551525","0.1590039680551525","0.1590039680551525","","","","","",""
"4289","0.1588570604445304","0.1588570604445304","0.1588570604445304","","","","","",""
"4290","0.15896287971249792","0.15896287971249792","0.15896287971249792","","","","","",""
"4291","0.16186880064036657","0.16186880064036657","0.16186880064036657","","","","","",""
"4292","0.15765402083267513","0.15765402083267513","0.15765402083267513","","","","","",""
"4293","0.15924037466470667","0.15924037466470667","0.15924037466470667","","","","","",""
"4294","0.1571872532318631","0.1571872532318631","0.1571872532318631","","","","","",""
"4295","0.16094839653493068","0.16094839653493068","0.16094839653493068","","","","","",""
"4296","0.1602212766995331","0.1602212766995331","0.1602212766995331","","","","","",""
"4297","0.15698722848917748","0.15698722848917748","0.15698722848917748","","","","","",""
"4298","0.15656532668013215","0.15656532668013215","0.15656532668013215","","","","","",""
"4299","0.15869497773559008","0.15869497773559008","0.15869497773559008","","","","","",""
"4300","0.15732999598784272","0.15732999598784272","0.15732999598784272","","","","","",""
"4301","0.1572866404253173","0.1572866404253173","0.1572866404253173","","","","","",""
"4302","0.15952011520281695","0.15952011520281695","0.15952011520281695","","","","","",""
"4303","0.1582200230514553","0.1582200230514553","0.1582200230514553","","","","","",""
"4304","0.16021601602909052","0.16021601602909052","0.16021601602909052","","","","","",""
"4305","0.1592656382625127","0.1592656382625127","0.1592656382625127","","","","","",""
"4306","0.1612086247973431","0.1612086247973431","0.1612086247973431","","","","","",""
"4307","0.1582203056869308","0.1582203056869308","0.1582203056869308","","","","","",""
"4308","0.15640338052144973","0.15640338052144973","0.15640338052144973","","","","","",""
"4309","0.15803848684049113","0.15803848684049113","0.15803848684049113","","","","","",""
"4310","0.15733575684564835","0.15733575684564835","0.15733575684564835","","","","","",""
"4311","0.15960578582066454","0.15960578582066454","0.15960578582066454","","","","","",""
"4312","0.160976587563954","0.160976587563954","0.160976587563954","","","","","",""
"4313","0.15803893208921874","0.15803893208921874","0.15803893208921874","","","","","",""
"4314","0.16075575256984484","0.16075575256984484","0.16075575256984484","","","","","",""
"4315","0.16093323707128523","0.16093323707128523","0.16093323707128523","","","","","",""
"4316","0.15876005533146184","0.15876005533146184","0.15876005533146184","","","","","",""
"4317","0.16113066733185405","0.16113066733185405","0.16113066733185405","","","","","",""
"4318","0.1576448187033103","0.1576448187033103","0.1576448187033103","","","","","",""
"4319","0.15945403990727267","0.15945403990727267","0.15945403990727267","","","","","",""
"4320","0.15922887713835612","0.15922887713835612","0.15922887713835612","","","","","",""
"4321","0.1604968156905058","0.1604968156905058","0.1604968156905058","","","","","",""
"4322","0.15961369543026613","0.15961369543026613","0.15961369543026613","","","","","",""
"4323","0.15932823545508243","0.15932823545508243","0.15932823545508243","","","","","",""
"4324","0.15615578531756846","0.15615578531756846","0.15615578531756846","","","","","",""
"4325","0.15877543216810575","0.15877543216810575","0.15877543216810575","","","","","",""
"4326","0.15951287866177932","0.15951287866177932","0.15951287866177932","","","","","",""
"4327","0.15890922994078474","0.15890922994078474","0.15890922994078474","","","","","",""
"4328","0.15775464028034095","0.15775464028034095","0.15775464028034095","","","","","",""
"4329","0.1605582451648612","0.1605582451648612","0.1605582451648612","","","","","",""
"4330","0.15587646738943925","0.15587646738943925","0.15587646738943925","","","","","",""
"4331","0.1582332913709684","0.1582332913709684","0.1582332913709684","","","","","",""
"4332","0.15796963587417723","0.15796963587417723","0.15796963587417723","","","","","",""
"4333","0.15890818273456483","0.15890818273456483","0.15890818273456483","","","","","",""
"4334","0.1581292255173649","0.1581292255173649","0.1581292255173649","","","","","",""
"4335","0.15996024878640538","0.15996024878640538","0.15996024878640538","","","","","",""
"4336","0.1582867812864623","0.1582867812864623","0.1582867812864623","","","","","",""
"4337","0.1620390724352698","0.1620390724352698","0.1620390724352698","","","","","",""
"4338","0.157181975009818","0.157181975009818","0.157181975009818","","","","","",""
"4339","0.15872615395440848","0.15872615395440848","0.15872615395440848","","","","","",""
"4340","0.15774767518395746","0.15774767518395746","0.15774767518395746","","","","","",""
"4341","0.15577337234524138","0.15577337234524138","0.15577337234524138","","","","","",""
"4342","0.15967867567479296","0.15967867567479296","0.15967867567479296","","","","","",""
"4343","0.15860020341474237","0.15860020341474237","0.15860020341474237","","","","","",""
"4344","0.15707892486027955","0.15707892486027955","0.15707892486027955","","","","","",""
"4345","0.15884127548951166","0.15884127548951166","0.15884127548951166","","","","","",""
"4346","0.1617377793173277","0.1617377793173277","0.1617377793173277","","","","","",""
"4347","0.1628733294892892","0.1628733294892892","0.1628733294892892","","","","","",""
"4348","0.16208928638481043","0.16208928638481043","0.16208928638481043","","","","","",""
"4349","0.16018097271343829","0.16018097271343829","0.16018097271343829","","","","","",""
"4350","0.1592615132463234","0.1592615132463234","0.1592615132463234","","","","","",""
"4351","0.15790786513630048","0.15790786513630048","0.15790786513630048","","","","","",""
"4352","0.15740248497172218","0.15740248497172218","0.15740248497172218","","","","","",""
"4353","0.1609856908642089","0.1609856908642089","0.1609856908642089","","","","","",""
"4354","0.15813084015141304","0.15813084015141304","0.15813084015141304","","","","","",""
"4355","0.15705597993208373","0.15705597993208373","0.15705597993208373","","","","","",""
"4356","0.15956538737535286","0.15956538737535286","0.15956538737535286","","","","","",""
"4357","0.1582382813412886","0.1582382813412886","0.1582382813412886","","","","","",""
"4358","0.1583524624112118","0.1583524624112118","0.1583524624112118","","","","","",""
"4359","0.15813295244715803","0.15813295244715803","0.15813295244715803","","","","","",""
"4360","0.15767663621967112","0.15767663621967112","0.15767663621967112","","","","","",""
"4361","0.15911908565363897","0.15911908565363897","0.15911908565363897","","","","","",""
"4362","0.1578522089343299","0.1578522089343299","0.1578522089343299","","","","","",""
"4363","0.1536767824079188","0.1536767824079188","0.1536767824079188","","","","","",""
"4364","0.15711694021366207","0.15711694021366207","0.15711694021366207","","","","","",""
"4365","0.1572838262972754","0.1572838262972754","0.1572838262972754","","","","","",""
"4366","0.1588025752459019","0.1588025752459019","0.1588025752459019","","","","","",""
"4367","0.16014407673292422","0.16014407673292422","0.16014407673292422","","","","","",""
"4368","0.16055704472876084","0.16055704472876084","0.16055704472876084","","","","","",""
"4369","0.158164499283058","0.158164499283058","0.158164499283058","","","","","",""
"4370","0.15892909359453752","0.15892909359453752","0.15892909359453752","","","","","",""
"4371","0.16240031885480735","0.16240031885480735","0.16240031885480735","","","","","",""
"4372","0.1587785843800635","0.1587785843800635","0.1587785843800635","","","","","",""
"4373","0.15855548493598773","0.15855548493598773","0.15855548493598773","","","","","",""
"4374","0.15850898600092853","0.15850898600092853","0.15850898600092853","","","","","",""
"4375","0.15862335019829718","0.15862335019829718","0.15862335019829718","","","","","",""
"4376","0.15858043205204242","0.15858043205204242","0.15858043205204242","","","","","",""
"4377","0.15836409816517158","0.15836409816517158","0.15836409816517158","","","","","",""
"4378","0.1569493990604023","0.1569493990604023","0.1569493990604023","","","","","",""
"4379","0.1572878429100081","0.1572878429100081","0.1572878429100081","","","","","",""
"4380","0.15661337543421255","0.15661337543421255","0.15661337543421255","","","","","",""
"4381","0.15537813419624916","0.15537813419624916","0.15537813419624916","","","","","",""
"4382","0.15660982727297637","0.15660982727297637","0.15660982727297637","","","","","",""
"4383","0.1606793027928995","0.1606793027928995","0.1606793027928995","","","","","",""
"4384","0.15906056088236828","0.15906056088236828","0.15906056088236828","","","","","",""
"4385","0.16039787247064471","0.16039787247064471","0.16039787247064471","","","","","",""
"4386","0.16066401016630386","0.16066401016630386","0.16066401016630386","","","","","",""
"4387","0.15883220930029515","0.15883220930029515","0.15883220930029515","","","","","",""
"4388","0.15778885423708808","0.15778885423708808","0.15778885423708808","","","","","",""
"4389","0.1609987463687654","0.1609987463687654","0.1609987463687654","","","","","",""
"4390","0.16118969502995623","0.16118969502995623","0.16118969502995623","","","","","",""
"4391","0.1595082678572631","0.1595082678572631","0.1595082678572631","","","","","",""
"4392","0.16036771440288997","0.16036771440288997","0.16036771440288997","","","","","",""
"4393","0.1601204807628561","0.1601204807628561","0.1601204807628561","","","","","",""
"4394","0.15736975430068148","0.15736975430068148","0.15736975430068148","","","","","",""
"4395","0.1558766087311959","0.1558766087311959","0.1558766087311959","","","","","",""
"4396","0.1594508290278687","0.1594508290278687","0.1594508290278687","","","","","",""
"4397","0.15653689948877747","0.15653689948877747","0.15653689948877747","","","","","",""
"4398","0.15862826190888843","0.15862826190888843","0.15862826190888843","","","","","",""
"4399","0.15609491952232754","0.15609491952232754","0.15609491952232754","","","","","",""
"4400","0.15974912359290203","0.15974912359290203","0.15974912359290203","","","","","",""
"4401","0.15842650533780514","0.15842650533780514","0.15842650533780514","","","","","",""
"4402","0.15848261949478862","0.15848261949478862","0.15848261949478862","","","","","",""
"4403","0.1586976400917898","0.1586976400917898","0.1586976400917898","","","","","",""
"4404","0.15638755366213375","0.15638755366213375","0.15638755366213375","","","","","",""
"4405","0.15755220763113975","0.15755220763113975","0.15755220763113975","","","","","",""
"4406","0.1569954841396022","0.1569954841396022","0.1569954841396022","","","","","",""
"4407","0.16078433270166365","0.16078433270166365","0.16078433270166365","","","","","",""
"4408","0.15896430196782882","0.15896430196782882","0.15896430196782882","","","","","",""
"4409","0.1599017778150473","0.1599017778150473","0.1599017778150473","","","","","",""
"4410","0.15846024531944705","0.15846024531944705","0.15846024531944705","","","","","",""
"4411","0.15538153955833886","0.15538153955833886","0.15538153955833886","","","","","",""
"4412","0.15869001050112544","0.15869001050112544","0.15869001050112544","","","","","",""
"4413","0.1581588877224822","0.1581588877224822","0.1581588877224822","","","","","",""
"4414","0.1579156230471969","0.1579156230471969","0.1579156230471969","","","","","",""
"4415","0.157556572667969","0.157556572667969","0.157556572667969","","","","","",""
"4416","0.1587551862919705","0.1587551862919705","0.1587551862919705","","","","","",""
"4417","0.1615765260697165","0.1615765260697165","0.1615765260697165","","","","","",""
"4418","0.15876246173826467","0.15876246173826467","0.15876246173826467","","","","","",""
"4419","0.15938137613166728","0.15938137613166728","0.15938137613166728","","","","","",""
"4420","0.1594067656592677","0.1594067656592677","0.1594067656592677","","","","","",""
"4421","0.16027028575506228","0.16027028575506228","0.16027028575506228","","","","","",""
"4422","0.15776029798330496","0.15776029798330496","0.15776029798330496","","","","","",""
"4423","0.15490741295746788","0.15490741295746788","0.15490741295746788","","","","","",""
"4424","0.15883551934115375","0.15883551934115375","0.15883551934115375","","","","","",""
"4425","0.1581413909288169","0.1581413909288169","0.1581413909288169","","","","","",""
"4426","0.15956318070542524","0.15956318070542524","0.15956318070542524","","","","","",""
"4427","0.15862042982769525","0.15862042982769525","0.15862042982769525","","","","","",""
"4428","0.1599555421998588","0.1599555421998588","0.1599555421998588","","","","","",""
"4429","0.15624218074461635","0.15624218074461635","0.15624218074461635","","","","","",""
"4430","0.15843102131414824","0.15843102131414824","0.15843102131414824","","","","","",""
"4431","0.15722709771024687","0.15722709771024687","0.15722709771024687","","","","","",""
"4432","0.15669715805754364","0.15669715805754364","0.15669715805754364","","","","","",""
"4433","0.15977653357325963","0.15977653357325963","0.15977653357325963","","","","","",""
"4434","0.15624210140514946","0.15624210140514946","0.15624210140514946","","","","","",""
"4435","0.16060874212639203","0.16060874212639203","0.16060874212639203","","","","","",""
"4436","0.16088223128560025","0.16088223128560025","0.16088223128560025","","","","","",""
"4437","0.16218507730613804","0.16218507730613804","0.16218507730613804","","","","","",""
"4438","0.15973768022611176","0.15973768022611176","0.15973768022611176","","","","","",""
"4439","0.1585298397441843","0.1585298397441843","0.1585298397441843","","","","","",""
"4440","0.15969958466366865","0.15969958466366865","0.15969958466366865","","","","","",""
"4441","0.16015542844397676","0.16015542844397676","0.16015542844397676","","","","","",""
"4442","0.1595223456063075","0.1595223456063075","0.1595223456063075","","","","","",""
"4443","0.15658202561202664","0.15658202561202664","0.15658202561202664","","","","","",""
"4444","0.1598252450562372","0.1598252450562372","0.1598252450562372","","","","","",""
"4445","0.16022835762732393","0.16022835762732393","0.16022835762732393","","","","","",""
"4446","0.16000668034699236","0.16000668034699236","0.16000668034699236","","","","","",""
"4447","0.1577427934211825","0.1577427934211825","0.1577427934211825","","","","","",""
"4448","0.15855735833167559","0.15855735833167559","0.15855735833167559","","","","","",""
"4449","0.1582813473056733","0.1582813473056733","0.1582813473056733","","","","","",""
"4450","0.1611099761075575","0.1611099761075575","0.1611099761075575","","","","","",""
"4451","0.15714150748612365","0.15714150748612365","0.15714150748612365","","","","","",""
"4452","0.1566282240912736","0.1566282240912736","0.1566282240912736","","","","","",""
"4453","0.16017723047966462","0.16017723047966462","0.16017723047966462","","","","","",""
"4454","0.16021347723845344","0.16021347723845344","0.16021347723845344","","","","","",""
"4455","0.1583057590579245","0.1583057590579245","0.1583057590579245","","","","","",""
"4456","0.1557901132976588","0.1557901132976588","0.1557901132976588","","","","","",""
"4457","0.15877444591866793","0.15877444591866793","0.15877444591866793","","","","","",""
"4458","0.15989676797711225","0.15989676797711225","0.15989676797711225","","","","","",""
"4459","0.15735350863902922","0.15735350863902922","0.15735350863902922","","","","","",""
"4460","0.15681261938256266","0.15681261938256266","0.15681261938256266","","","","","",""
"4461","0.15598328333175604","0.15598328333175604","0.15598328333175604","","","","","",""
"4462","0.15725155521297066","0.15725155521297066","0.15725155521297066","","","","","",""
"4463","0.15733620846067373","0.15733620846067373","0.15733620846067373","","","","","",""
"4464","0.1621847714883149","0.1621847714883149","0.1621847714883149","","","","","",""
"4465","0.1588146239858995","0.1588146239858995","0.1588146239858995","","","","","",""
"4466","0.1582829380656341","0.1582829380656341","0.1582829380656341","","","","","",""
"4467","0.1592501297571032","0.1592501297571032","0.1592501297571032","","","","","",""
"4468","0.15961583588007047","0.15961583588007047","0.15961583588007047","","","","","",""
"4469","0.16049994683043659","0.16049994683043659","0.16049994683043659","","","","","",""
"4470","0.16208435187883752","0.16208435187883752","0.16208435187883752","","","","","",""
"4471","0.15911491148632173","0.15911491148632173","0.15911491148632173","","","","","",""
"4472","0.16002255284466918","0.16002255284466918","0.16002255284466918","","","","","",""
"4473","0.15876104221837595","0.15876104221837595","0.15876104221837595","","","","","",""
"4474","0.15953717514064963","0.15953717514064963","0.15953717514064963","","","","","",""
"4475","0.15757817055617537","0.15757817055617537","0.15757817055617537","","","","","",""
"4476","0.15807402217466465","0.15807402217466465","0.15807402217466465","","","","","",""
"4477","0.1575815427376512","0.1575815427376512","0.1575815427376512","","","","","",""
"4478","0.159504168969803","0.159504168969803","0.159504168969803","","","","","",""
"4479","0.15850379964133152","0.15850379964133152","0.15850379964133152","","","","","",""
"4480","0.15771758236601882","0.15771758236601882","0.15771758236601882","","","","","",""
"4481","0.15804585618804","0.15804585618804","0.15804585618804","","","","","",""
"4482","0.15981475355272076","0.15981475355272076","0.15981475355272076","","","","","",""
"4483","0.1570622815458545","0.1570622815458545","0.1570622815458545","","","","","",""
"4484","0.15693048539215593","0.15693048539215593","0.15693048539215593","","","","","",""
"4485","0.1593303050765722","0.1593303050765722","0.1593303050765722","","","","","",""
"4486","0.15863580884175024","0.15863580884175024","0.15863580884175024","","","","","",""
"4487","0.15765486516168348","0.15765486516168348","0.15765486516168348","","","","","",""
"4488","0.15752135084424082","0.15752135084424082","0.15752135084424082","","","","","",""
"4489","0.1574555339448517","0.1574555339448517","0.1574555339448517","","","","","",""
"4490","0.15807435958920382","0.15807435958920382","0.15807435958920382","","","","","",""
"4491","0.15962432036574914","0.15962432036574914","0.15962432036574914","","","","","",""
"4492","0.1603154503953316","0.1603154503953316","0.1603154503953316","","","","","",""
"4493","0.16253892814875961","0.16253892814875961","0.16253892814875961","","","","","",""
"4494","0.15887823834024714","0.15887823834024714","0.15887823834024714","","","","","",""
"4495","0.15782500773091337","0.15782500773091337","0.15782500773091337","","","","","",""
"4496","0.15891326610164294","0.15891326610164294","0.15891326610164294","","","","","",""
"4497","0.1570214510353303","0.1570214510353303","0.1570214510353303","","","","","",""
"4498","0.1575087734585086","0.1575087734585086","0.1575087734585086","","","","","",""
"4499","0.159562915211948","0.159562915211948","0.159562915211948","","","","","",""
"4500","0.1573349601225935","0.1573349601225935","0.1573349601225935","","","","","",""
"4501","0.1563934160492368","0.1563934160492368","0.1563934160492368","","","","","",""
"4502","0.16064350506994787","0.16064350506994787","0.16064350506994787","","","","","",""
"4503","0.15873096885911933","0.15873096885911933","0.15873096885911933","","","","","",""
"4504","0.15941999766631895","0.15941999766631895","0.15941999766631895","","","","","",""
"4505","0.15648309716445127","0.15648309716445127","0.15648309716445127","","","","","",""
"4506","0.15655707645283076","0.15655707645283076","0.15655707645283076","","","","","",""
"4507","0.15704288441364023","0.15704288441364023","0.15704288441364023","","","","","",""
"4508","0.16001764128324358","0.16001764128324358","0.16001764128324358","","","","","",""
"4509","0.15789001472356287","0.15789001472356287","0.15789001472356287","","","","","",""
"4510","0.1581119348090213","0.1581119348090213","0.1581119348090213","","","","","",""
"4511","0.15622819620609207","0.15622819620609207","0.15622819620609207","","","","","",""
"4512","0.16141126593590346","0.16141126593590346","0.16141126593590346","","","","","",""
"4513","0.15959383366291152","0.15959383366291152","0.15959383366291152","","","","","",""
"4514","0.156787776432202","0.156787776432202","0.156787776432202","","","","","",""
"4515","0.15647685121982235","0.15647685121982235","0.15647685121982235","","","","","",""
"4516","0.157516475999222","0.157516475999222","0.157516475999222","","","","","",""
"4517","0.15863970427007065","0.15863970427007065","0.15863970427007065","","","","","",""
"4518","0.15863791199332267","0.15863791199332267","0.15863791199332267","","","","","",""
"4519","0.15805213566858742","0.15805213566858742","0.15805213566858742","","","","","",""
"4520","0.1580192609639232","0.1580192609639232","0.1580192609639232","","","","","",""
"4521","0.15946857905807674","0.15946857905807674","0.15946857905807674","","","","","",""
"4522","0.15953380508664675","0.15953380508664675","0.15953380508664675","","","","","",""
"4523","0.15799637084951149","0.15799637084951149","0.15799637084951149","","","","","",""
"4524","0.1597276926753937","0.1597276926753937","0.1597276926753937","","","","","",""
"4525","0.15936678731907797","0.15936678731907797","0.15936678731907797","","","","","",""
"4526","0.15693886746375646","0.15693886746375646","0.15693886746375646","","","","","",""
"4527","0.15778992632507507","0.15778992632507507","0.15778992632507507","","","","","",""
"4528","0.1570146623868761","0.1570146623868761","0.1570146623868761","","","","","",""
"4529","0.16000733263667263","0.16000733263667263","0.16000733263667263","","","","","",""
"4530","0.15623134054479085","0.15623134054479085","0.15623134054479085","","","","","",""
"4531","0.15884780076787794","0.15884780076787794","0.15884780076787794","","","","","",""
"4532","0.15891366394284534","0.15891366394284534","0.15891366394284534","","","","","",""
"4533","0.15958760002069813","0.15958760002069813","0.15958760002069813","","","","","",""
"4534","0.15974859412458872","0.15974859412458872","0.15974859412458872","","","","","",""
"4535","0.1560429511385165","0.1560429511385165","0.1560429511385165","","","","","",""
"4536","0.15775317192467647","0.15775317192467647","0.15775317192467647","","","","","",""
"4537","0.15839821131191087","0.15839821131191087","0.15839821131191087","","","","","",""
"4538","0.1574613638373912","0.1574613638373912","0.1574613638373912","","","","","",""
"4539","0.15580236752144783","0.15580236752144783","0.15580236752144783","","","","","",""
"4540","0.1573745262978321","0.1573745262978321","0.1573745262978321","","","","","",""
"4541","0.16003522816770036","0.16003522816770036","0.16003522816770036","","","","","",""
"4542","0.15990520445815368","0.15990520445815368","0.15990520445815368","","","","","",""
"4543","0.15802711723012772","0.15802711723012772","0.15802711723012772","","","","","",""
"4544","0.15806465186284918","0.15806465186284918","0.15806465186284918","","","","","",""
"4545","0.15816941734633252","0.15816941734633252","0.15816941734633252","","","","","",""
"4546","0.15956647323977066","0.15956647323977066","0.15956647323977066","","","","","",""
"4547","0.15624835929108305","0.15624835929108305","0.15624835929108305","","","","","",""
"4548","0.1590307361905575","0.1590307361905575","0.1590307361905575","","","","","",""
"4549","0.1570810070728069","0.1570810070728069","0.1570810070728069","","","","","",""
"4550","0.1596889832544572","0.1596889832544572","0.1596889832544572","","","","","",""
"4551","0.15596565932340103","0.15596565932340103","0.15596565932340103","","","","","",""
"4552","0.15710581921997266","0.15710581921997266","0.15710581921997266","","","","","",""
"4553","0.16002712595680893","0.16002712595680893","0.16002712595680893","","","","","",""
"4554","0.1585269065392536","0.1585269065392536","0.1585269065392536","","","","","",""
"4555","0.15553678397646153","0.15553678397646153","0.15553678397646153","","","","","",""
"4556","0.16081283537725677","0.16081283537725677","0.16081283537725677","","","","","",""
"4557","0.15749632230990102","0.15749632230990102","0.15749632230990102","","","","","",""
"4558","0.15833225491383962","0.15833225491383962","0.15833225491383962","","","","","",""
"4559","0.15753791716339385","0.15753791716339385","0.15753791716339385","","","","","",""
"4560","0.1587152658286239","0.1587152658286239","0.1587152658286239","","","","","",""
"4561","0.1564018652868174","0.1564018652868174","0.1564018652868174","","","","","",""
"4562","0.15912256597785027","0.15912256597785027","0.15912256597785027","","","","","",""
"4563","0.15709910871730717","0.15709910871730717","0.15709910871730717","","","","","",""
"4564","0.15771189467973978","0.15771189467973978","0.15771189467973978","","","","","",""
"4565","0.1565374255640419","0.1565374255640419","0.1565374255640419","","","","","",""
"4566","0.15789194314875324","0.15789194314875324","0.15789194314875324","","","","","",""
"4567","0.15641238352325773","0.15641238352325773","0.15641238352325773","","","","","",""
"4568","0.15790656259163594","0.15790656259163594","0.15790656259163594","","","","","",""
"4569","0.1575793317850505","0.1575793317850505","0.1575793317850505","","","","","",""
"4570","0.1568988776081317","0.1568988776081317","0.1568988776081317","","","","","",""
"4571","0.16047068699070519","0.16047068699070519","0.16047068699070519","","","","","",""
"4572","0.15793408464640835","0.15793408464640835","0.15793408464640835","","","","","",""
"4573","0.15775498999032775","0.15775498999032775","0.15775498999032775","","","","","",""
"4574","0.15817327151879065","0.15817327151879065","0.15817327151879065","","","","","",""
"4575","0.15661582714026037","0.15661582714026037","0.15661582714026037","","","","","",""
"4576","0.1570600013804055","0.1570600013804055","0.1570600013804055","","","","","",""
"4577","0.15985042392478185","0.15985042392478185","0.15985042392478185","","","","","",""
"4578","0.15609106185472424","0.15609106185472424","0.15609106185472424","","","","","",""
"4579","0.15913442181633566","0.15913442181633566","0.15913442181633566","","","","","",""
"4580","0.1590760600489454","0.1590760600489454","0.1590760600489454","","","","","",""
"4581","0.1570258776791034","0.1570258776791034","0.1570258776791034","","","","","",""
"4582","0.15866338676999583","0.15866338676999583","0.15866338676999583","","","","","",""
"4583","0.15889691518648955","0.15889691518648955","0.15889691518648955","","","","","",""
"4584","0.15805257587563065","0.15805257587563065","0.15805257587563065","","","","","",""
"4585","0.15902688947362556","0.15902688947362556","0.15902688947362556","","","","","",""
"4586","0.15775287492696424","0.15775287492696424","0.15775287492696424","","","","","",""
"4587","0.16035768592607655","0.16035768592607655","0.16035768592607655","","","","","",""
"4588","0.1577968021966947","0.1577968021966947","0.1577968021966947","","","","","",""
"4589","0.15882395879198596","0.15882395879198596","0.15882395879198596","","","","","",""
"4590","0.15972359418919985","0.15972359418919985","0.15972359418919985","","","","","",""
"4591","0.15699315616269457","0.15699315616269457","0.15699315616269457","","","","","",""
"4592","0.15938604882506757","0.15938604882506757","0.15938604882506757","","","","","",""
"4593","0.1593210885911968","0.1593210885911968","0.1593210885911968","","","","","",""
"4594","0.15649400460036997","0.15649400460036997","0.15649400460036997","","","","","",""
"4595","0.15765526670134747","0.15765526670134747","0.15765526670134747","","","","","",""
"4596","0.15757164206527816","0.15757164206527816","0.15757164206527816","","","","","",""
"4597","0.1584241048698818","0.1584241048698818","0.1584241048698818","","","","","",""
"4598","0.16055515125964118","0.16055515125964118","0.16055515125964118","","","","","",""
"4599","0.15790057395350307","0.15790057395350307","0.15790057395350307","","","","","",""
"4600","0.15587545180756465","0.15587545180756465","0.15587545180756465","","","","","",""
"4601","0.15919530618535266","0.15919530618535266","0.15919530618535266","","","","","",""
"4602","0.15656363693411518","0.15656363693411518","0.15656363693411518","","","","","",""
"4603","0.15601621016146253","0.15601621016146253","0.15601621016146253","","","","","",""
"4604","0.15914835330636176","0.15914835330636176","0.15914835330636176","","","","","",""
"4605","0.15795109141981312","0.15795109141981312","0.15795109141981312","","","","","",""
"4606","0.15734493291905663","0.15734493291905663","0.15734493291905663","","","","","",""
"4607","0.1564590374432352","0.1564590374432352","0.1564590374432352","","","","","",""
"4608","0.15812282055716656","0.15812282055716656","0.15812282055716656","","","","","",""
"4609","0.15820078720430775","0.15820078720430775","0.15820078720430775","","","","","",""
"4610","0.15802179830355512","0.15802179830355512","0.15802179830355512","","","","","",""
"4611","0.15889574539143142","0.15889574539143142","0.15889574539143142","","","","","",""
"4612","0.15991171605114174","0.15991171605114174","0.15991171605114174","","","","","",""
"4613","0.15762085593333156","0.15762085593333156","0.15762085593333156","","","","","",""
"4614","0.15990036743935235","0.15990036743935235","0.15990036743935235","","","","","",""
"4615","0.15988753467758685","0.15988753467758685","0.15988753467758685","","","","","",""
"4616","0.15691020538068803","0.15691020538068803","0.15691020538068803","","","","","",""
"4617","0.15835625335534195","0.15835625335534195","0.15835625335534195","","","","","",""
"4618","0.1591983459508548","0.1591983459508548","0.1591983459508548","","","","","",""
"4619","0.15927510926399766","0.15927510926399766","0.15927510926399766","","","","","",""
"4620","0.15769959567212347","0.15769959567212347","0.15769959567212347","","","","","",""
"4621","0.15689779809914214","0.15689779809914214","0.15689779809914214","","","","","",""
"4622","0.1594187015402487","0.1594187015402487","0.1594187015402487","","","","","",""
"4623","0.15622560662342877","0.15622560662342877","0.15622560662342877","","","","","",""
"4624","0.1607551227953129","0.1607551227953129","0.1607551227953129","","","","","",""
"4625","0.15567502641063768","0.15567502641063768","0.15567502641063768","","","","","",""
"4626","0.1596341912696609","0.1596341912696609","0.1596341912696609","","","","","",""
"4627","0.15879454848719524","0.15879454848719524","0.15879454848719524","","","","","",""
"4628","0.16058040338516805","0.16058040338516805","0.16058040338516805","","","","","",""
"4629","0.15781528710128492","0.15781528710128492","0.15781528710128492","","","","","",""
"4630","0.16116033634693383","0.16116033634693383","0.16116033634693383","","","","","",""
"4631","0.1562604442124767","0.1562604442124767","0.1562604442124767","","","","","",""
"4632","0.15882586759723596","0.15882586759723596","0.15882586759723596","","","","","",""
"4633","0.15740533896218398","0.15740533896218398","0.15740533896218398","","","","","",""
"4634","0.15766064875359379","0.15766064875359379","0.15766064875359379","","","","","",""
"4635","0.15990924254050837","0.15990924254050837","0.15990924254050837","","","","","",""
"4636","0.1598861018690159","0.1598861018690159","0.1598861018690159","","","","","",""
"4637","0.15739208924646447","0.15739208924646447","0.15739208924646447","","","","","",""
"4638","0.15705550603784352","0.15705550603784352","0.15705550603784352","","","","","",""
"4639","0.15847286722917794","0.15847286722917794","0.15847286722917794","","","","","",""
"4640","0.15809113179070594","0.15809113179070594","0.15809113179070594","","","","","",""
"4641","0.15999357214525464","0.15999357214525464","0.15999357214525464","","","","","",""
"4642","0.15818373518680484","0.15818373518680484","0.15818373518680484","","","","","",""
"4643","0.16202706971725359","0.16202706971725359","0.16202706971725359","","","","","",""
"4644","0.155833233164923","0.155833233164923","0.155833233164923","","","","","",""
"4645","0.15873936463720717","0.15873936463720717","0.15873936463720717","","","","","",""
"4646","0.15830060415494915","0.15830060415494915","0.15830060415494915","","","","","",""
"4647","0.158929938003498","0.158929938003498","0.158929938003498","","","","","",""
"4648","0.15972903488611925","0.15972903488611925","0.15972903488611925","","","","","",""
"4649","0.15756503540565556","0.15756503540565556","0.15756503540565556","","","","","",""
"4650","0.15920054103415457","0.15920054103415457","0.15920054103415457","","","","","",""
"4651","0.1568763279367393","0.1568763279367393","0.1568763279367393","","","","","",""
"4652","0.15757624613504995","0.15757624613504995","0.15757624613504995","","","","","",""
"4653","0.15872011578019377","0.15872011578019377","0.15872011578019377","","","","","",""
"4654","0.16025159404134423","0.16025159404134423","0.16025159404134423","","","","","",""
"4655","0.15901590108978167","0.15901590108978167","0.15901590108978167","","","","","",""
"4656","0.15943437285435788","0.15943437285435788","0.15943437285435788","","","","","",""
"4657","0.15827721245211895","0.15827721245211895","0.15827721245211895","","","","","",""
"4658","0.1570860071040363","0.1570860071040363","0.1570860071040363","","","","","",""
"4659","0.1557433155622998","0.1557433155622998","0.1557433155622998","","","","","",""
"4660","0.1601921794503511","0.1601921794503511","0.1601921794503511","","","","","",""
"4661","0.15721672405801204","0.15721672405801204","0.15721672405801204","","","","","",""
"4662","0.15766790430947572","0.15766790430947572","0.15766790430947572","","","","","",""
"4663","0.16045640080668805","0.16045640080668805","0.16045640080668805","","","","","",""
"4664","0.15868359160834578","0.15868359160834578","0.15868359160834578","","","","","",""
"4665","0.15716190602856417","0.15716190602856417","0.15716190602856417","","","","","",""
"4666","0.16013786033504027","0.16013786033504027","0.16013786033504027","","","","","",""
"4667","0.15619681920588382","0.15619681920588382","0.15619681920588382","","","","","",""
"4668","0.1592098457530213","0.1592098457530213","0.1592098457530213","","","","","",""
"4669","0.16263428035063068","0.16263428035063068","0.16263428035063068","","","","","",""
"4670","0.15890993851866278","0.15890993851866278","0.15890993851866278","","","","","",""
"4671","0.15860998364719833","0.15860998364719833","0.15860998364719833","","","","","",""
"4672","0.15863885327061386","0.15863885327061386","0.15863885327061386","","","","","",""
"4673","0.1578635098292092","0.1578635098292092","0.1578635098292092","","","","","",""
"4674","0.15816545974833893","0.15816545974833893","0.15816545974833893","","","","","",""
"4675","0.15887854640711044","0.15887854640711044","0.15887854640711044","","","","","",""
"4676","0.15329857072919528","0.15329857072919528","0.15329857072919528","","","","","",""
"4677","0.15802536798798728","0.15802536798798728","0.15802536798798728","","","","","",""
"4678","0.1543136182041765","0.1543136182041765","0.1543136182041765","","","","","",""
"4679","0.15650932411233384","0.15650932411233384","0.15650932411233384","","","","","",""
"4680","0.15812882120429164","0.15812882120429164","0.15812882120429164","","","","","",""
"4681","0.15773605013583997","0.15773605013583997","0.15773605013583997","","","","","",""
"4682","0.16031714926442472","0.16031714926442472","0.16031714926442472","","","","","",""
"4683","0.1618244077274566","0.1618244077274566","0.1618244077274566","","","","","",""
"4684","0.15612500589398365","0.15612500589398365","0.15612500589398365","","","","","",""
"4685","0.16199452703143782","0.16199452703143782","0.16199452703143782","","","","","",""
"4686","0.15851030677130282","0.15851030677130282","0.15851030677130282","","","","","",""
"4687","0.15964305729290798","0.15964305729290798","0.15964305729290798","","","","","",""
"4688","0.1573166025801033","0.1573166025801033","0.1573166025801033","","","","","",""
"4689","0.1576281918043241","0.1576281918043241","0.1576281918043241","","","","","",""
"4690","0.16012098204023326","0.16012098204023326","0.16012098204023326","","","","","",""
"4691","0.1595630406210874","0.1595630406210874","0.1595630406210874","","","","","",""
"4692","0.15896055180240126","0.15896055180240126","0.15896055180240126","","","","","",""
"4693","0.15691648777554532","0.15691648777554532","0.15691648777554532","","","","","",""
"4694","0.15593988367982245","0.15593988367982245","0.15593988367982245","","","","","",""
"4695","0.15991592191257534","0.15991592191257534","0.15991592191257534","","","","","",""
"4696","0.15719973169477425","0.15719973169477425","0.15719973169477425","","","","","",""
"4697","0.16187143194642","0.16187143194642","0.16187143194642","","","","","",""
"4698","0.15694400771875083","0.15694400771875083","0.15694400771875083","","","","","",""
"4699","0.1575575674183103","0.1575575674183103","0.1575575674183103","","","","","",""
"4700","0.16008646903973875","0.16008646903973875","0.16008646903973875","","","","","",""
"4701","0.15870437133368956","0.15870437133368956","0.15870437133368956","","","","","",""
"4702","0.15613925823448363","0.15613925823448363","0.15613925823448363","","","","","",""
"4703","0.1592400214276509","0.1592400214276509","0.1592400214276509","","","","","",""
"4704","0.15713486830976744","0.15713486830976744","0.15713486830976744","","","","","",""
"4705","0.15714408667981491","0.15714408667981491","0.15714408667981491","","","","","",""
"4706","0.1576324340045358","0.1576324340045358","0.1576324340045358","","","","","",""
"4707","0.15845985029800086","0.15845985029800086","0.15845985029800086","","","","","",""
"4708","0.15878007373944172","0.15878007373944172","0.15878007373944172","","","","","",""
"4709","0.1607548021050206","0.1607548021050206","0.1607548021050206","","","","","",""
"4710","0.16269165246311898","0.16269165246311898","0.16269165246311898","","","","","",""
"4711","0.15905842320214922","0.15905842320214922","0.15905842320214922","","","","","",""
"4712","0.15730063883411347","0.15730063883411347","0.15730063883411347","","","","","",""
"4713","0.15849682312740002","0.15849682312740002","0.15849682312740002","","","","","",""
"4714","0.15803477719375617","0.15803477719375617","0.15803477719375617","","","","","",""
"4715","0.15744852013281332","0.15744852013281332","0.15744852013281332","","","","","",""
"4716","0.16071949542978545","0.16071949542978545","0.16071949542978545","","","","","",""
"4717","0.1584709580555099","0.1584709580555099","0.1584709580555099","","","","","",""
"4718","0.15888022749364825","0.15888022749364825","0.15888022749364825","","","","","",""
"4719","0.16118814746318416","0.16118814746318416","0.16118814746318416","","","","","",""
"4720","0.16125081614246992","0.16125081614246992","0.16125081614246992","","","","","",""
"4721","0.15716187277513935","0.15716187277513935","0.15716187277513935","","","","","",""
"4722","0.15784719552512172","0.15784719552512172","0.15784719552512172","","","","","",""
"4723","0.15781659710879833","0.15781659710879833","0.15781659710879833","","","","","",""
"4724","0.1573194908929739","0.1573194908929739","0.1573194908929739","","","","","",""
"4725","0.15669421603478814","0.15669421603478814","0.15669421603478814","","","","","",""
"4726","0.15823937774974448","0.15823937774974448","0.15823937774974448","","","","","",""
"4727","0.15558287238177693","0.15558287238177693","0.15558287238177693","","","","","",""
"4728","0.15801387353636406","0.15801387353636406","0.15801387353636406","","","","","",""
"4729","0.16114387001581357","0.16114387001581357","0.16114387001581357","","","","","",""
"4730","0.15701184603988674","0.15701184603988674","0.15701184603988674","","","","","",""
"4731","0.15713481671586332","0.15713481671586332","0.15713481671586332","","","","","",""
"4732","0.1587869293757325","0.1587869293757325","0.1587869293757325","","","","","",""
"4733","0.15566258531862373","0.15566258531862373","0.15566258531862373","","","","","",""
"4734","0.16054345614838444","0.16054345614838444","0.16054345614838444","","","","","",""
"4735","0.15584794711057826","0.15584794711057826","0.15584794711057826","","","","","",""
"4736","0.1560036334509698","0.1560036334509698","0.1560036334509698","","","","","",""
"4737","0.15735763198389394","0.15735763198389394","0.15735763198389394","","","","","",""
"4738","0.15858620151502795","0.15858620151502795","0.15858620151502795","","","","","",""
"4739","0.1562795344143734","0.1562795344143734","0.1562795344143734","","","","","",""
"4740","0.15795491788682103","0.15795491788682103","0.15795491788682103","","","","","",""
"4741","0.1562425901248296","0.1562425901248296","0.1562425901248296","","","","","",""
"4742","0.15777142699361954","0.15777142699361954","0.15777142699361954","","","","","",""
"4743","0.15889106243180898","0.15889106243180898","0.15889106243180898","","","","","",""
"4744","0.15989868175720753","0.15989868175720753","0.15989868175720753","","","","","",""
"4745","0.1580395838089872","0.1580395838089872","0.1580395838089872","","","","","",""
"4746","0.15996358740160066","0.15996358740160066","0.15996358740160066","","","","","",""
"4747","0.1571442103547324","0.1571442103547324","0.1571442103547324","","","","","",""
"4748","0.15887916798146828","0.15887916798146828","0.15887916798146828","","","","","",""
"4749","0.15877919136371108","0.15877919136371108","0.15877919136371108","","","","","",""
"4750","0.15637876619363858","0.15637876619363858","0.15637876619363858","","","","","",""
"4751","0.16016062334462214","0.16016062334462214","0.16016062334462214","","","","","",""
"4752","0.15602484804287417","0.15602484804287417","0.15602484804287417","","","","","",""
"4753","0.1604694246440722","0.1604694246440722","0.1604694246440722","","","","","",""
"4754","0.15654193513690287","0.15654193513690287","0.15654193513690287","","","","","",""
"4755","0.15808900559159011","0.15808900559159011","0.15808900559159011","","","","","",""
"4756","0.1615811707023204","0.1615811707023204","0.1615811707023204","","","","","",""
"4757","0.15643819594734304","0.15643819594734304","0.15643819594734304","","","","","",""
"4758","0.15820918954379112","0.15820918954379112","0.15820918954379112","","","","","",""
"4759","0.15660850427700954","0.15660850427700954","0.15660850427700954","","","","","",""
"4760","0.15449638861636875","0.15449638861636875","0.15449638861636875","","","","","",""
"4761","0.15723137208813753","0.15723137208813753","0.15723137208813753","","","","","",""
"4762","0.15958697210449996","0.15958697210449996","0.15958697210449996","","","","","",""
"4763","0.15883504369714674","0.15883504369714674","0.15883504369714674","","","","","",""
"4764","0.15757889868803296","0.15757889868803296","0.15757889868803296","","","","","",""
"4765","0.16030304975701604","0.16030304975701604","0.16030304975701604","","","","","",""
"4766","0.15895812774408777","0.15895812774408777","0.15895812774408777","","","","","",""
"4767","0.1560250708505732","0.1560250708505732","0.1560250708505732","","","","","",""
"4768","0.15537566401118516","0.15537566401118516","0.15537566401118516","","","","","",""
"4769","0.157494950532206","0.157494950532206","0.157494950532206","","","","","",""
"4770","0.15603422841016648","0.15603422841016648","0.15603422841016648","","","","","",""
"4771","0.15647727585516738","0.15647727585516738","0.15647727585516738","","","","","",""
"4772","0.15659325534737276","0.15659325534737276","0.15659325534737276","","","","","",""
"4773","0.1574776960424401","0.1574776960424401","0.1574776960424401","","","","","",""
"4774","0.1560701153922225","0.1560701153922225","0.1560701153922225","","","","","",""
"4775","0.15775510213782498","0.15775510213782498","0.15775510213782498","","","","","",""
"4776","0.15446387718819496","0.15446387718819496","0.15446387718819496","","","","","",""
"4777","0.15914362372830693","0.15914362372830693","0.15914362372830693","","","","","",""
"4778","0.15981432399457282","0.15981432399457282","0.15981432399457282","","","","","",""
"4779","0.15386634788557896","0.15386634788557896","0.15386634788557896","","","","","",""
"4780","0.15824184036852781","0.15824184036852781","0.15824184036852781","","","","","",""
"4781","0.16078486679903695","0.16078486679903695","0.16078486679903695","","","","","",""
"4782","0.15563062648364712","0.15563062648364712","0.15563062648364712","","","","","",""
"4783","0.15835943047173956","0.15835943047173956","0.15835943047173956","","","","","",""
"4784","0.1564726826193176","0.1564726826193176","0.1564726826193176","","","","","",""
"4785","0.15675218537026242","0.15675218537026242","0.15675218537026242","","","","","",""
"4786","0.15592795997724132","0.15592795997724132","0.15592795997724132","","","","","",""
"4787","0.1568140272204672","0.1568140272204672","0.1568140272204672","","","","","",""
"4788","0.15923480760389938","0.15923480760389938","0.15923480760389938","","","","","",""
"4789","0.157022659788742","0.157022659788742","0.157022659788742","","","","","",""
"4790","0.15783143273018338","0.15783143273018338","0.15783143273018338","","","","","",""
"4791","0.15811847242561497","0.15811847242561497","0.15811847242561497","","","","","",""
"4792","0.15770665501746312","0.15770665501746312","0.15770665501746312","","","","","",""
"4793","0.15782013965193611","0.15782013965193611","0.15782013965193611","","","","","",""
"4794","0.1602014931711963","0.1602014931711963","0.1602014931711963","","","","","",""
"4795","0.15698417214721902","0.15698417214721902","0.15698417214721902","","","","","",""
"4796","0.1579229769206057","0.1579229769206057","0.1579229769206057","","","","","",""
"4797","0.16101518118708483","0.16101518118708483","0.16101518118708483","","","","","",""
"4798","0.15790743361502368","0.15790743361502368","0.15790743361502368","","","","","",""
"4799","0.15775675366434092","0.15775675366434092","0.15775675366434092","","","","","",""
"4800","0.15785742674953093","0.15785742674953093","0.15785742674953093","","","","","",""
"4801","0.15698679085185394","0.15698679085185394","0.15698679085185394","","","","","",""
"4802","0.15690137754071257","0.15690137754071257","0.15690137754071257","","","","","",""
"4803","0.15667775804387252","0.15667775804387252","0.15667775804387252","","","","","",""
"4804","0.1601724046549273","0.1601724046549273","0.1601724046549273","","","","","",""
"4805","0.1580718657827022","0.1580718657827022","0.1580718657827022","","","","","",""
"4806","0.15784820941824598","0.15784820941824598","0.15784820941824598","","","","","",""
"4807","0.1533687753406161","0.1533687753406161","0.1533687753406161","","","","","",""
"4808","0.1593167152252816","0.1593167152252816","0.1593167152252816","","","","","",""
"4809","0.1576876983526899","0.1576876983526899","0.1576876983526899","","","","","",""
"4810","0.1576073312115137","0.1576073312115137","0.1576073312115137","","","","","",""
"4811","0.15855317505738473","0.15855317505738473","0.15855317505738473","","","","","",""
"4812","0.16004464722720213","0.16004464722720213","0.16004464722720213","","","","","",""
"4813","0.15840554979907828","0.15840554979907828","0.15840554979907828","","","","","",""
"4814","0.15623666088795182","0.15623666088795182","0.15623666088795182","","","","","",""
"4815","0.1576276024414345","0.1576276024414345","0.1576276024414345","","","","","",""
"4816","0.15686554138205186","0.15686554138205186","0.15686554138205186","","","","","",""
"4817","0.15992488918101114","0.15992488918101114","0.15992488918101114","","","","","",""
"4818","0.15711416134135334","0.15711416134135334","0.15711416134135334","","","","","",""
"4819","0.15691403535676532","0.15691403535676532","0.15691403535676532","","","","","",""
"4820","0.157829614612261","0.157829614612261","0.157829614612261","","","","","",""
"4821","0.15960714675964793","0.15960714675964793","0.15960714675964793","","","","","",""
"4822","0.1583112561285314","0.1583112561285314","0.1583112561285314","","","","","",""
"4823","0.1559203800398338","0.1559203800398338","0.1559203800398338","","","","","",""
"4824","0.15862015323873158","0.15862015323873158","0.15862015323873158","","","","","",""
"4825","0.15688320448325402","0.15688320448325402","0.15688320448325402","","","","","",""
"4826","0.15936589143354435","0.15936589143354435","0.15936589143354435","","","","","",""
"4827","0.15717497271376107","0.15717497271376107","0.15717497271376107","","","","","",""
"4828","0.15564930037403923","0.15564930037403923","0.15564930037403923","","","","","",""
"4829","0.16029328767071066","0.16029328767071066","0.16029328767071066","","","","","",""
"4830","0.15852331412503604","0.15852331412503604","0.15852331412503604","","","","","",""
"4831","0.15739897481431142","0.15739897481431142","0.15739897481431142","","","","","",""
"4832","0.1568305382319671","0.1568305382319671","0.1568305382319671","","","","","",""
"4833","0.15860929194000922","0.15860929194000922","0.15860929194000922","","","","","",""
"4834","0.15507073234368257","0.15507073234368257","0.15507073234368257","","","","","",""
"4835","0.15669832737467895","0.15669832737467895","0.15669832737467895","","","","","",""
"4836","0.15694470991354947","0.15694470991354947","0.15694470991354947","","","","","",""
"4837","0.15939222542394982","0.15939222542394982","0.15939222542394982","","","","","",""
"4838","0.1568505301633389","0.1568505301633389","0.1568505301633389","","","","","",""
"4839","0.15558180389883766","0.15558180389883766","0.15558180389883766","","","","","",""
"4840","0.1565455404075405","0.1565455404075405","0.1565455404075405","","","","","",""
"4841","0.15418672280022697","0.15418672280022697","0.15418672280022697","","","","","",""
"4842","0.15777126588697643","0.15777126588697643","0.15777126588697643","","","","","",""
"4843","0.15667520859580522","0.15667520859580522","0.15667520859580522","","","","","",""
"4844","0.15795487441480108","0.15795487441480108","0.15795487441480108","","","","","",""
"4845","0.15792611469871018","0.15792611469871018","0.15792611469871018","","","","","",""
"4846","0.1597641698306225","0.1597641698306225","0.1597641698306225","","","","","",""
"4847","0.15890059387840436","0.15890059387840436","0.15890059387840436","","","","","",""
"4848","0.15715294915194214","0.15715294915194214","0.15715294915194214","","","","","",""
"4849","0.15942106508795742","0.15942106508795742","0.15942106508795742","","","","","",""
"4850","0.15962073765485346","0.15962073765485346","0.15962073765485346","","","","","",""
"4851","0.1580680611547598","0.1580680611547598","0.1580680611547598","","","","","",""
"4852","0.15813338820458706","0.15813338820458706","0.15813338820458706","","","","","",""
"4853","0.15806707512138918","0.15806707512138918","0.15806707512138918","","","","","",""
"4854","0.15951379553011005","0.15951379553011005","0.15951379553011005","","","","","",""
"4855","0.15604137005369342","0.15604137005369342","0.15604137005369342","","","","","",""
"4856","0.1567171663622858","0.1567171663622858","0.1567171663622858","","","","","",""
"4857","0.15931350539455666","0.15931350539455666","0.15931350539455666","","","","","",""
"4858","0.15564279321695787","0.15564279321695787","0.15564279321695787","","","","","",""
"4859","0.15925229895402482","0.15925229895402482","0.15925229895402482","","","","","",""
"4860","0.15829205241156888","0.15829205241156888","0.15829205241156888","","","","","",""
"4861","0.15717645983167017","0.15717645983167017","0.15717645983167017","","","","","",""
"4862","0.15805796857350157","0.15805796857350157","0.15805796857350157","","","","","",""
"4863","0.1553489846662129","0.1553489846662129","0.1553489846662129","","","","","",""
"4864","0.15899396469349195","0.15899396469349195","0.15899396469349195","","","","","",""
"4865","0.15709681307025236","0.15709681307025236","0.15709681307025236","","","","","",""
"4866","0.15675493598349047","0.15675493598349047","0.15675493598349047","","","","","",""
"4867","0.16008320587796285","0.16008320587796285","0.16008320587796285","","","","","",""
"4868","0.16099563478713186","0.16099563478713186","0.16099563478713186","","","","","",""
"4869","0.15518036042391134","0.15518036042391134","0.15518036042391134","","","","","",""
"4870","0.16004015556526532","0.16004015556526532","0.16004015556526532","","","","","",""
"4871","0.15761948426769154","0.15761948426769154","0.15761948426769154","","","","","",""
"4872","0.1595562338929869","0.1595562338929869","0.1595562338929869","","","","","",""
"4873","0.15702717712345524","0.15702717712345524","0.15702717712345524","","","","","",""
"4874","0.1580100388044888","0.1580100388044888","0.1580100388044888","","","","","",""
"4875","0.1583258236888403","0.1583258236888403","0.1583258236888403","","","","","",""
"4876","0.15942686539602882","0.15942686539602882","0.15942686539602882","","","","","",""
"4877","0.15855368683686308","0.15855368683686308","0.15855368683686308","","","","","",""
"4878","0.1585386803309972","0.1585386803309972","0.1585386803309972","","","","","",""
"4879","0.15928676865523392","0.15928676865523392","0.15928676865523392","","","","","",""
"4880","0.15455261312199306","0.15455261312199306","0.15455261312199306","","","","","",""
"4881","0.158990412625004","0.158990412625004","0.158990412625004","","","","","",""
"4882","0.1584307425441999","0.1584307425441999","0.1584307425441999","","","","","",""
"4883","0.15943439686708344","0.15943439686708344","0.15943439686708344","","","","","",""
"4884","0.15608941319143732","0.15608941319143732","0.15608941319143732","","","","","",""
"4885","0.15615572483976267","0.15615572483976267","0.15615572483976267","","","","","",""
"4886","0.1547426509510494","0.1547426509510494","0.1547426509510494","","","","","",""
"4887","0.15620287602491745","0.15620287602491745","0.15620287602491745","","","","","",""
"4888","0.15646184805092414","0.15646184805092414","0.15646184805092414","","","","","",""
"4889","0.15857216837636876","0.15857216837636876","0.15857216837636876","","","","","",""
"4890","0.15877989240883866","0.15877989240883866","0.15877989240883866","","","","","",""
"4891","0.15665106015206048","0.15665106015206048","0.15665106015206048","","","","","",""
"4892","0.1576587049885058","0.1576587049885058","0.1576587049885058","","","","","",""
"4893","0.16103479410540253","0.16103479410540253","0.16103479410540253","","","","","",""
"4894","0.16011835589637688","0.16011835589637688","0.16011835589637688","","","","","",""
"4895","0.1585879561394488","0.1585879561394488","0.1585879561394488","","","","","",""
"4896","0.1566251874406475","0.1566251874406475","0.1566251874406475","","","","","",""
"4897","0.15990401034141574","0.15990401034141574","0.15990401034141574","","","","","",""
"4898","0.1575333358403839","0.1575333358403839","0.1575333358403839","","","","","",""
"4899","0.15778113038663114","0.15778113038663114","0.15778113038663114","","","","","",""
"4900","0.15720044290797008","0.15720044290797008","0.15720044290797008","","","","","",""
"4901","0.15491541386754223","0.15491541386754223","0.15491541386754223","","","","","",""
"4902","0.1585201072031692","0.1585201072031692","0.1585201072031692","","","","","",""
"4903","0.15606672010773795","0.15606672010773795","0.15606672010773795","","","","","",""
"4904","0.1588557965723868","0.1588557965723868","0.1588557965723868","","","","","",""
"4905","0.15765979573380495","0.15765979573380495","0.15765979573380495","","","","","",""
"4906","0.15708098195266867","0.15708098195266867","0.15708098195266867","","","","","",""
"4907","0.15676664529148535","0.15676664529148535","0.15676664529148535","","","","","",""
"4908","0.16131215648111116","0.16131215648111116","0.16131215648111116","","","","","",""
"4909","0.15878257650968922","0.15878257650968922","0.15878257650968922","","","","","",""
"4910","0.1593721534100113","0.1593721534100113","0.1593721534100113","","","","","",""
"4911","0.15978675336984477","0.15978675336984477","0.15978675336984477","","","","","",""
"4912","0.1589884319411227","0.1589884319411227","0.1589884319411227","","","","","",""
"4913","0.1579937805215919","0.1579937805215919","0.1579937805215919","","","","","",""
"4914","0.15606106118657456","0.15606106118657456","0.15606106118657456","","","","","",""
"4915","0.15775585484165813","0.15775585484165813","0.15775585484165813","","","","","",""
"4916","0.1570574071350763","0.1570574071350763","0.1570574071350763","","","","","",""
"4917","0.1588792713128233","0.1588792713128233","0.1588792713128233","","","","","",""
"4918","0.15889943017219957","0.15889943017219957","0.15889943017219957","","","","","",""
"4919","0.1588677563480701","0.1588677563480701","0.1588677563480701","","","","","",""
"4920","0.1587852003618488","0.1587852003618488","0.1587852003618488","","","","","",""
"4921","0.15992792677886922","0.15992792677886922","0.15992792677886922","","","","","",""
"4922","0.15755967730855266","0.15755967730855266","0.15755967730855266","","","","","",""
"4923","0.1584374337930358","0.1584374337930358","0.1584374337930358","","","","","",""
"4924","0.15884438550605687","0.15884438550605687","0.15884438550605687","","","","","",""
"4925","0.15841393847624466","0.15841393847624466","0.15841393847624466","","","","","",""
"4926","0.15832518275634153","0.15832518275634153","0.15832518275634153","","","","","",""
"4927","0.15918148721570594","0.15918148721570594","0.15918148721570594","","","","","",""
"4928","0.15811610941468987","0.15811610941468987","0.15811610941468987","","","","","",""
"4929","0.15981492429953492","0.15981492429953492","0.15981492429953492","","","","","",""
"4930","0.15695835649557607","0.15695835649557607","0.15695835649557607","","","","","",""
"4931","0.15895307997863053","0.15895307997863053","0.15895307997863053","","","","","",""
"4932","0.15720601815137913","0.15720601815137913","0.15720601815137913","","","","","",""
"4933","0.15695775040634485","0.15695775040634485","0.15695775040634485","","","","","",""
"4934","0.158801797840989","0.158801797840989","0.158801797840989","","","","","",""
"4935","0.1564999550697641","0.1564999550697641","0.1564999550697641","","","","","",""
"4936","0.15914865662159414","0.15914865662159414","0.15914865662159414","","","","","",""
"4937","0.15562212892251306","0.15562212892251306","0.15562212892251306","","","","","",""
"4938","0.1610745599701688","0.1610745599701688","0.1610745599701688","","","","","",""
"4939","0.15691782728736411","0.15691782728736411","0.15691782728736411","","","","","",""
"4940","0.15754492139295195","0.15754492139295195","0.15754492139295195","","","","","",""
"4941","0.15686382843009375","0.15686382843009375","0.15686382843009375","","","","","",""
"4942","0.15723294462238888","0.15723294462238888","0.15723294462238888","","","","","",""
"4943","0.1588977906032632","0.1588977906032632","0.1588977906032632","","","","","",""
"4944","0.1585741787565169","0.1585741787565169","0.1585741787565169","","","","","",""
"4945","0.1584019661808364","0.1584019661808364","0.1584019661808364","","","","","",""
"4946","0.15750847924401343","0.15750847924401343","0.15750847924401343","","","","","",""
"4947","0.1558753264596521","0.1558753264596521","0.1558753264596521","","","","","",""
"4948","0.1548911070030475","0.1548911070030475","0.1548911070030475","","","","","",""
"4949","0.15504925959194518","0.15504925959194518","0.15504925959194518","","","","","",""
"4950","0.1558802905056503","0.1558802905056503","0.1558802905056503","","","","","",""
"4951","0.1583855117117278","0.1583855117117278","0.1583855117117278","","","","","",""
"4952","0.1575568808957821","0.1575568808957821","0.1575568808957821","","","","","",""
"4953","0.15555967236167875","0.15555967236167875","0.15555967236167875","","","","","",""
"4954","0.1554055046798197","0.1554055046798197","0.1554055046798197","","","","","",""
"4955","0.1584184884948561","0.1584184884948561","0.1584184884948561","","","","","",""
"4956","0.15690380030882248","0.15690380030882248","0.15690380030882248","","","","","",""
"4957","0.15831671701121927","0.15831671701121927","0.15831671701121927","","","","","",""
"4958","0.16090801250846395","0.16090801250846395","0.16090801250846395","","","","","",""
"4959","0.15727671478571328","0.15727671478571328","0.15727671478571328","","","","","",""
"4960","0.15752130050737148","0.15752130050737148","0.15752130050737148","","","","","",""
"4961","0.15964052715749344","0.15964052715749344","0.15964052715749344","","","","","",""
"4962","0.15643579596239568","0.15643579596239568","0.15643579596239568","","","","","",""
"4963","0.15775236888076158","0.15775236888076158","0.15775236888076158","","","","","",""
"4964","0.15610302105988869","0.15610302105988869","0.15610302105988869","","","","","",""
"4965","0.15929378279461306","0.15929378279461306","0.15929378279461306","","","","","",""
"4966","0.16059869179583244","0.16059869179583244","0.16059869179583244","","","","","",""
"4967","0.15518526750537298","0.15518526750537298","0.15518526750537298","","","","","",""
"4968","0.15801824374430953","0.15801824374430953","0.15801824374430953","","","","","",""
"4969","0.15781902857416966","0.15781902857416966","0.15781902857416966","","","","","",""
"4970","0.15793576443061508","0.15793576443061508","0.15793576443061508","","","","","",""
"4971","0.15772375482141313","0.15772375482141313","0.15772375482141313","","","","","",""
"4972","0.1595458254278288","0.1595458254278288","0.1595458254278288","","","","","",""
"4973","0.15770648772886373","0.15770648772886373","0.15770648772886373","","","","","",""
"4974","0.15850640732415552","0.15850640732415552","0.15850640732415552","","","","","",""
"4975","0.15810686427338053","0.15810686427338053","0.15810686427338053","","","","","",""
"4976","0.1582651842709993","0.1582651842709993","0.1582651842709993","","","","","",""
"4977","0.1604141826652078","0.1604141826652078","0.1604141826652078","","","","","",""
"4978","0.15917986243720308","0.15917986243720308","0.15917986243720308","","","","","",""
"4979","0.15590215501015914","0.15590215501015914","0.15590215501015914","","","","","",""
"4980","0.16033526082417882","0.16033526082417882","0.16033526082417882","","","","","",""
"4981","0.15995986934311193","0.15995986934311193","0.15995986934311193","","","","","",""
"4982","0.15766941587067893","0.15766941587067893","0.15766941587067893","","","","","",""
"4983","0.16053242247713376","0.16053242247713376","0.16053242247713376","","","","","",""
"4984","0.15806280293622552","0.15806280293622552","0.15806280293622552","","","","","",""
"4985","0.1599701312282958","0.1599701312282958","0.1599701312282958","","","","","",""
"4986","0.1553562454977447","0.1553562454977447","0.1553562454977447","","","","","",""
"4987","0.15812889755225842","0.15812889755225842","0.15812889755225842","","","","","",""
"4988","0.1598755458058492","0.1598755458058492","0.1598755458058492","","","","","",""
"4989","0.15896818315809327","0.15896818315809327","0.15896818315809327","","","","","",""
"4990","0.15871041151718837","0.15871041151718837","0.15871041151718837","","","","","",""
"4991","0.15770252018487427","0.15770252018487427","0.15770252018487427","","","","","",""
"4992","0.1567095250834832","0.1567095250834832","0.1567095250834832","","","","","",""
"4993","0.15776736187688917","0.15776736187688917","0.15776736187688917","","","","","",""
"4994","0.1583952770446772","0.1583952770446772","0.1583952770446772","","","","","",""
"4995","0.1596571999819186","0.1596571999819186","0.1596571999819186","","","","","",""
"4996","0.15865570963335038","0.15865570963335038","0.15865570963335038","","","","","",""
"4997","0.15463053521965708","0.15463053521965708","0.15463053521965708","","","","","",""
"4998","0.15745883036229538","0.15745883036229538","0.15745883036229538","","","","","",""
"4999","0.1557089437611803","0.1557089437611803","0.1557089437611803","","","","","",""
"5000","0.15875018293196796","0.15875018293196796","0.15875018293196796","","","","","",""
"5001","0.15643146879201897","0.15643146879201897","0.15643146879201897","","","","","",""
"5002","0.15722043913513298","0.15722043913513298","0.15722043913513298","","","","","",""
"5003","0.15778224511051914","0.15778224511051914","0.15778224511051914","","","","","",""
"5004","0.15763762031095072","0.15763762031095072","0.15763762031095072","","","","","",""
"5005","0.15642300439440232","0.15642300439440232","0.15642300439440232","","","","","",""
"5006","0.15854774320035603","0.15854774320035603","0.15854774320035603","","","","","",""
"5007","0.15895589291927428","0.15895589291927428","0.15895589291927428","","","","","",""
"5008","0.15842398378635011","0.15842398378635011","0.15842398378635011","","","","","",""
"5009","0.15858838840537604","0.15858838840537604","0.15858838840537604","","","","","",""
"5010","0.15819612228047478","0.15819612228047478","0.15819612228047478","","","","","",""
"5011","0.15734864397490153","0.15734864397490153","0.15734864397490153","","","","","",""
"5012","0.15788380748257372","0.15788380748257372","0.15788380748257372","","","","","",""
"5013","0.15975457477581592","0.15975457477581592","0.15975457477581592","","","","","",""
"5014","0.15767497000219188","0.15767497000219188","0.15767497000219188","","","","","",""
"5015","0.15801865087940706","0.15801865087940706","0.15801865087940706","","","","","",""
"5016","0.1582870603364013","0.1582870603364013","0.1582870603364013","","","","","",""
"5017","0.15738193509947854","0.15738193509947854","0.15738193509947854","","","","","",""
"5018","0.1595984392306849","0.1595984392306849","0.1595984392306849","","","","","",""
"5019","0.1595590002527114","0.1595590002527114","0.1595590002527114","","","","","",""
"5020","0.1585437162088539","0.1585437162088539","0.1585437162088539","","","","","",""
"5021","0.157198791721659","0.157198791721659","0.157198791721659","","","","","",""
"5022","0.15542683089349124","0.15542683089349124","0.15542683089349124","","","","","",""
"5023","0.15980321949577134","0.15980321949577134","0.15980321949577134","","","","","",""
"5024","0.15509534192211147","0.15509534192211147","0.15509534192211147","","","","","",""
"5025","0.15694153512997225","0.15694153512997225","0.15694153512997225","","","","","",""
"5026","0.1553407708756869","0.1553407708756869","0.1553407708756869","","","","","",""
"5027","0.1566286250246199","0.1566286250246199","0.1566286250246199","","","","","",""
"5028","0.1568570673808674","0.1568570673808674","0.1568570673808674","","","","","",""
"5029","0.1619627928316449","0.1619627928316449","0.1619627928316449","","","","","",""
"5030","0.15823618199980635","0.15823618199980635","0.15823618199980635","","","","","",""
"5031","0.15828426032915097","0.15828426032915097","0.15828426032915097","","","","","",""
"5032","0.15927538560038343","0.15927538560038343","0.15927538560038343","","","","","",""
"5033","0.15833043155738336","0.15833043155738336","0.15833043155738336","","","","","",""
"5034","0.15600300001637388","0.15600300001637388","0.15600300001637388","","","","","",""
"5035","0.15837929906206008","0.15837929906206008","0.15837929906206008","","","","","",""
"5036","0.1557324082174245","0.1557324082174245","0.1557324082174245","","","","","",""
"5037","0.15574347531156144","0.15574347531156144","0.15574347531156144","","","","","",""
"5038","0.16041843611919113","0.16041843611919113","0.16041843611919113","","","","","",""
"5039","0.15736445902533477","0.15736445902533477","0.15736445902533477","","","","","",""
"5040","0.1570017243462079","0.1570017243462079","0.1570017243462079","","","","","",""
"5041","0.15760297511085292","0.15760297511085292","0.15760297511085292","","","","","",""
"5042","0.15872634400677169","0.15872634400677169","0.15872634400677169","","","","","",""
"5043","0.16038653398546687","0.16038653398546687","0.16038653398546687","","","","","",""
"5044","0.1595180144728254","0.1595180144728254","0.1595180144728254","","","","","",""
"5045","0.15850445464380208","0.15850445464380208","0.15850445464380208","","","","","",""
"5046","0.15676942377393444","0.15676942377393444","0.15676942377393444","","","","","",""
"5047","0.16087705374265143","0.16087705374265143","0.16087705374265143","","","","","",""
"5048","0.1558012779264837","0.1558012779264837","0.1558012779264837","","","","","",""
"5049","0.15789630217171874","0.15789630217171874","0.15789630217171874","","","","","",""
"5050","0.15756682051299115","0.15756682051299115","0.15756682051299115","","","","","",""
"5051","0.15507833308912689","0.15507833308912689","0.15507833308912689","","","","","",""
"5052","0.15826379129956783","0.15826379129956783","0.15826379129956783","","","","","",""
"5053","0.15960499001868042","0.15960499001868042","0.15960499001868042","","","","","",""
"5054","0.15743207096162315","0.15743207096162315","0.15743207096162315","","","","","",""
"5055","0.1594497540669828","0.1594497540669828","0.1594497540669828","","","","","",""
"5056","0.15952572754385966","0.15952572754385966","0.15952572754385966","","","","","",""
"5057","0.15925866115501128","0.15925866115501128","0.15925866115501128","","","","","",""
"5058","0.15790332766308088","0.15790332766308088","0.15790332766308088","","","","","",""
"5059","0.15860804423252114","0.15860804423252114","0.15860804423252114","","","","","",""
"5060","0.15743948148586281","0.15743948148586281","0.15743948148586281","","","","","",""
"5061","0.15980255331537654","0.15980255331537654","0.15980255331537654","","","","","",""
"5062","0.1593911735470432","0.1593911735470432","0.1593911735470432","","","","","",""
"5063","0.15601679916417743","0.15601679916417743","0.15601679916417743","","","","","",""
"5064","0.1582872224663424","0.1582872224663424","0.1582872224663424","","","","","",""
"5065","0.15730041745425058","0.15730041745425058","0.15730041745425058","","","","","",""
"5066","0.158956175452125","0.158956175452125","0.158956175452125","","","","","",""
"5067","0.15734355710937203","0.15734355710937203","0.15734355710937203","","","","","",""
"5068","0.15899574520496929","0.15899574520496929","0.15899574520496929","","","","","",""
"5069","0.16020292550042795","0.16020292550042795","0.16020292550042795","","","","","",""
"5070","0.15997238613137743","0.15997238613137743","0.15997238613137743","","","","","",""
"5071","0.16020651956911672","0.16020651956911672","0.16020651956911672","","","","","",""
"5072","0.1582151296911915","0.1582151296911915","0.1582151296911915","","","","","",""
"5073","0.15642925190600535","0.15642925190600535","0.15642925190600535","","","","","",""
"5074","0.1557148183031529","0.1557148183031529","0.1557148183031529","","","","","",""
"5075","0.1580386748845541","0.1580386748845541","0.1580386748845541","","","","","",""
"5076","0.15947456429781584","0.15947456429781584","0.15947456429781584","","","","","",""
"5077","0.15732853297674415","0.15732853297674415","0.15732853297674415","","","","","",""
"5078","0.1588508712961921","0.1588508712961921","0.1588508712961921","","","","","",""
"5079","0.15371450399544653","0.15371450399544653","0.15371450399544653","","","","","",""
"5080","0.16043363282126824","0.16043363282126824","0.16043363282126824","","","","","",""
"5081","0.15995531634734397","0.15995531634734397","0.15995531634734397","","","","","",""
"5082","0.15505035499125014","0.15505035499125014","0.15505035499125014","","","","","",""
"5083","0.15891266521802144","0.15891266521802144","0.15891266521802144","","","","","",""
"5084","0.1553602890608711","0.1553602890608711","0.1553602890608711","","","","","",""
"5085","0.15781643659894304","0.15781643659894304","0.15781643659894304","","","","","",""
"5086","0.15977067190068975","0.15977067190068975","0.15977067190068975","","","","","",""
"5087","0.15687212811095252","0.15687212811095252","0.15687212811095252","","","","","",""
"5088","0.15649548722985704","0.15649548722985704","0.15649548722985704","","","","","",""
"5089","0.1563020379382124","0.1563020379382124","0.1563020379382124","","","","","",""
"5090","0.15848997783736035","0.15848997783736035","0.15848997783736035","","","","","",""
"5091","0.1576271729821217","0.1576271729821217","0.1576271729821217","","","","","",""
"5092","0.15727444942249938","0.15727444942249938","0.15727444942249938","","","","","",""
"5093","0.15899741154487404","0.15899741154487404","0.15899741154487404","","","","","",""
"5094","0.15810261781669352","0.15810261781669352","0.15810261781669352","","","","","",""
"5095","0.1577381598887018","0.1577381598887018","0.1577381598887018","","","","","",""
"5096","0.15915603677249998","0.15915603677249998","0.15915603677249998","","","","","",""
"5097","0.15869854685274462","0.15869854685274462","0.15869854685274462","","","","","",""
"5098","0.15936411051158397","0.15936411051158397","0.15936411051158397","","","","","",""
"5099","0.156836641801243","0.156836641801243","0.156836641801243","","","","","",""
"5100","0.15971129533181824","0.15971129533181824","0.15971129533181824","","","","","",""
"5101","0.15894491963818957","0.15894491963818957","0.15894491963818957","","","","","",""
"5102","0.15886433494031985","0.15886433494031985","0.15886433494031985","","","","","",""
"5103","0.1563457553009843","0.1563457553009843","0.1563457553009843","","","","","",""
"5104","0.15582538913224542","0.15582538913224542","0.15582538913224542","","","","","",""
"5105","0.1603354199778965","0.1603354199778965","0.1603354199778965","","","","","",""
"5106","0.15744815902330614","0.15744815902330614","0.15744815902330614","","","","","",""
"5107","0.15614865101811884","0.15614865101811884","0.15614865101811884","","","","","",""
"5108","0.15959689361365317","0.15959689361365317","0.15959689361365317","","","","","",""
"5109","0.156924618803566","0.156924618803566","0.156924618803566","","","","","",""
"5110","0.15878934311704018","0.15878934311704018","0.15878934311704018","","","","","",""
"5111","0.1587374100620976","0.1587374100620976","0.1587374100620976","","","","","",""
"5112","0.15697635567123694","0.15697635567123694","0.15697635567123694","","","","","",""
"5113","0.15715195963673648","0.15715195963673648","0.15715195963673648","","","","","",""
"5114","0.1555136920570924","0.1555136920570924","0.1555136920570924","","","","","",""
"5115","0.15815985838329186","0.15815985838329186","0.15815985838329186","","","","","",""
"5116","0.15840953289496829","0.15840953289496829","0.15840953289496829","","","","","",""
"5117","0.15661723623069487","0.15661723623069487","0.15661723623069487","","","","","",""
"5118","0.1571182640266053","0.1571182640266053","0.1571182640266053","","","","","",""
"5119","0.15857683820821764","0.15857683820821764","0.15857683820821764","","","","","",""
"5120","0.15953141968312443","0.15953141968312443","0.15953141968312443","","","","","",""
"5121","0.15759887240686565","0.15759887240686565","0.15759887240686565","","","","","",""
"5122","0.1569221061021201","0.1569221061021201","0.1569221061021201","","","","","",""
"5123","0.15784679197325435","0.15784679197325435","0.15784679197325435","","","","","",""
"5124","0.1585425040529911","0.1585425040529911","0.1585425040529911","","","","","",""
"5125","0.15718274100290566","0.15718274100290566","0.15718274100290566","","","","","",""
"5126","0.15645556024354149","0.15645556024354149","0.15645556024354149","","","","","",""
"5127","0.15958211498434116","0.15958211498434116","0.15958211498434116","","","","","",""
"5128","0.15610687258573056","0.15610687258573056","0.15610687258573056","","","","","",""
"5129","0.15705963033955286","0.15705963033955286","0.15705963033955286","","","","","",""
"5130","0.1554898298446606","0.1554898298446606","0.1554898298446606","","","","","",""
"5131","0.1581461752279071","0.1581461752279071","0.1581461752279071","","","","","",""
"5132","0.15818437909793057","0.15818437909793057","0.15818437909793057","","","","","",""
"5133","0.15933136410465507","0.15933136410465507","0.15933136410465507","","","","","",""
"5134","0.15728211759619842","0.15728211759619842","0.15728211759619842","","","","","",""
"5135","0.15848541715008882","0.15848541715008882","0.15848541715008882","","","","","",""
"5136","0.15720769267456758","0.15720769267456758","0.15720769267456758","","","","","",""
"5137","0.15877627441713646","0.15877627441713646","0.15877627441713646","","","","","",""
"5138","0.15737333104467108","0.15737333104467108","0.15737333104467108","","","","","",""
"5139","0.1582592472289088","0.1582592472289088","0.1582592472289088","","","","","",""
"5140","0.15661243037682349","0.15661243037682349","0.15661243037682349","","","","","",""
"5141","0.15737071971654684","0.15737071971654684","0.15737071971654684","","","","","",""
"5142","0.1561865234549459","0.1561865234549459","0.1561865234549459","","","","","",""
"5143","0.1566008279762569","0.1566008279762569","0.1566008279762569","","","","","",""
"5144","0.15890645118237479","0.15890645118237479","0.15890645118237479","","","","","",""
"5145","0.16010699326696917","0.16010699326696917","0.16010699326696917","","","","","",""
"5146","0.15631955550201124","0.15631955550201124","0.15631955550201124","","","","","",""
"5147","0.15752515926818292","0.15752515926818292","0.15752515926818292","","","","","",""
"5148","0.15666984433128053","0.15666984433128053","0.15666984433128053","","","","","",""
"5149","0.1581607733133493","0.1581607733133493","0.1581607733133493","","","","","",""
"5150","0.1584919949372052","0.1584919949372052","0.1584919949372052","","","","","",""
"5151","0.1591180525840409","0.1591180525840409","0.1591180525840409","","","","","",""
"5152","0.1560238594538554","0.1560238594538554","0.1560238594538554","","","","","",""
"5153","0.15971592734203058","0.15971592734203058","0.15971592734203058","","","","","",""
"5154","0.15791688189026476","0.15791688189026476","0.15791688189026476","","","","","",""
"5155","0.15711013947635522","0.15711013947635522","0.15711013947635522","","","","","",""
"5156","0.16060882260277545","0.16060882260277545","0.16060882260277545","","","","","",""
"5157","0.15844890744835116","0.15844890744835116","0.15844890744835116","","","","","",""
"5158","0.15716665647810904","0.15716665647810904","0.15716665647810904","","","","","",""
"5159","0.15801083068193572","0.15801083068193572","0.15801083068193572","","","","","",""
"5160","0.15962348172317","0.15962348172317","0.15962348172317","","","","","",""
"5161","0.15848104405994265","0.15848104405994265","0.15848104405994265","","","","","",""
"5162","0.1551384122071632","0.1551384122071632","0.1551384122071632","","","","","",""
"5163","0.15962477355155177","0.15962477355155177","0.15962477355155177","","","","","",""
"5164","0.15766735249905817","0.15766735249905817","0.15766735249905817","","","","","",""
"5165","0.1587871275841428","0.1587871275841428","0.1587871275841428","","","","","",""
"5166","0.1579866214017309","0.1579866214017309","0.1579866214017309","","","","","",""
"5167","0.15783531995210495","0.15783531995210495","0.15783531995210495","","","","","",""
"5168","0.15849120077700132","0.15849120077700132","0.15849120077700132","","","","","",""
"5169","0.15713721068074735","0.15713721068074735","0.15713721068074735","","","","","",""
"5170","0.15540510186720333","0.15540510186720333","0.15540510186720333","","","","","",""
"5171","0.15779139727045255","0.15779139727045255","0.15779139727045255","","","","","",""
"5172","0.15650945646159217","0.15650945646159217","0.15650945646159217","","","","","",""
"5173","0.15715682508088935","0.15715682508088935","0.15715682508088935","","","","","",""
"5174","0.1573375331146684","0.1573375331146684","0.1573375331146684","","","","","",""
"5175","0.15675961236716346","0.15675961236716346","0.15675961236716346","","","","","",""
"5176","0.15905654382703385","0.15905654382703385","0.15905654382703385","","","","","",""
"5177","0.15816674832601696","0.15816674832601696","0.15816674832601696","","","","","",""
"5178","0.15782269693695603","0.15782269693695603","0.15782269693695603","","","","","",""
"5179","0.15646812211517028","0.15646812211517028","0.15646812211517028","","","","","",""
"5180","0.158292379768723","0.158292379768723","0.158292379768723","","","","","",""
"5181","0.15891782500000198","0.15891782500000198","0.15891782500000198","","","","","",""
"5182","0.1572338348310306","0.1572338348310306","0.1572338348310306","","","","","",""
"5183","0.15882093600047195","0.15882093600047195","0.15882093600047195","","","","","",""
"5184","0.15753535920335848","0.15753535920335848","0.15753535920335848","","","","","",""
"5185","0.15675824828920026","0.15675824828920026","0.15675824828920026","","","","","",""
"5186","0.15938221240228526","0.15938221240228526","0.15938221240228526","","","","","",""
"5187","0.15965949244583308","0.15965949244583308","0.15965949244583308","","","","","",""
"5188","0.15764528410887474","0.15764528410887474","0.15764528410887474","","","","","",""
"5189","0.1563516308084638","0.1563516308084638","0.1563516308084638","","","","","",""
"5190","0.15613796252282522","0.15613796252282522","0.15613796252282522","","","","","",""
"5191","0.15767858532357984","0.15767858532357984","0.15767858532357984","","","","","",""
"5192","0.15692386404465566","0.15692386404465566","0.15692386404465566","","","","","",""
"5193","0.15723420118648643","0.15723420118648643","0.15723420118648643","","","","","",""
"5194","0.15795205031305098","0.15795205031305098","0.15795205031305098","","","","","",""
"5195","0.15695679208522892","0.15695679208522892","0.15695679208522892","","","","","",""
"5196","0.15699744649599665","0.15699744649599665","0.15699744649599665","","","","","",""
"5197","0.1541329536464923","0.1541329536464923","0.1541329536464923","","","","","",""
"5198","0.1555643463958307","0.1555643463958307","0.1555643463958307","","","","","",""
"5199","0.15742552391340678","0.15742552391340678","0.15742552391340678","","","","","",""
"5200","0.15874356742223464","0.15874356742223464","0.15874356742223464","","","","","",""
"5201","0.15764091763462945","0.15764091763462945","0.15764091763462945","","","","","",""
"5202","0.16114508444308506","0.16114508444308506","0.16114508444308506","","","","","",""
"5203","0.15821599025740873","0.15821599025740873","0.15821599025740873","","","","","",""
"5204","0.15443927974008126","0.15443927974008126","0.15443927974008126","","","","","",""
"5205","0.15890014368738667","0.15890014368738667","0.15890014368738667","","","","","",""
"5206","0.1558632563815083","0.1558632563815083","0.1558632563815083","","","","","",""
"5207","0.15611825301237117","0.15611825301237117","0.15611825301237117","","","","","",""
"5208","0.157674828171575","0.157674828171575","0.157674828171575","","","","","",""
"5209","0.15517869271318044","0.15517869271318044","0.15517869271318044","","","","","",""
"5210","0.15861953918653332","0.15861953918653332","0.15861953918653332","","","","","",""
"5211","0.15768245620352953","0.15768245620352953","0.15768245620352953","","","","","",""
"5212","0.1558627761433188","0.1558627761433188","0.1558627761433188","","","","","",""
"5213","0.1556611615204228","0.1556611615204228","0.1556611615204228","","","","","",""
"5214","0.15670012262237382","0.15670012262237382","0.15670012262237382","","","","","",""
"5215","0.1613794971132105","0.1613794971132105","0.1613794971132105","","","","","",""
"5216","0.15799623102037613","0.15799623102037613","0.15799623102037613","","","","","",""
"5217","0.15790955670471774","0.15790955670471774","0.15790955670471774","","","","","",""
"5218","0.15810437750724557","0.15810437750724557","0.15810437750724557","","","","","",""
"5219","0.15794420628976025","0.15794420628976025","0.15794420628976025","","","","","",""
"5220","0.1592375203950868","0.1592375203950868","0.1592375203950868","","","","","",""
"5221","0.1554752249449867","0.1554752249449867","0.1554752249449867","","","","","",""
"5222","0.15800264896953467","0.15800264896953467","0.15800264896953467","","","","","",""
"5223","0.1581043406152112","0.1581043406152112","0.1581043406152112","","","","","",""
"5224","0.15753729880930725","0.15753729880930725","0.15753729880930725","","","","","",""
"5225","0.159722652061727","0.159722652061727","0.159722652061727","","","","","",""
"5226","0.15797016026024657","0.15797016026024657","0.15797016026024657","","","","","",""
"5227","0.15798921998258855","0.15798921998258855","0.15798921998258855","","","","","",""
"5228","0.15598281829565244","0.15598281829565244","0.15598281829565244","","","","","",""
"5229","0.157449329476706","0.157449329476706","0.157449329476706","","","","","",""
"5230","0.1579802604896979","0.1579802604896979","0.1579802604896979","","","","","",""
"5231","0.15690878070503783","0.15690878070503783","0.15690878070503783","","","","","",""
"5232","0.15616468552122773","0.15616468552122773","0.15616468552122773","","","","","",""
"5233","0.15713070025934345","0.15713070025934345","0.15713070025934345","","","","","",""
"5234","0.1548946448583251","0.1548946448583251","0.1548946448583251","","","","","",""
"5235","0.15613671039237284","0.15613671039237284","0.15613671039237284","","","","","",""
"5236","0.15564136373237658","0.15564136373237658","0.15564136373237658","","","","","",""
"5237","0.1569492235028466","0.1569492235028466","0.1569492235028466","","","","","",""
"5238","0.16020478396206403","0.16020478396206403","0.16020478396206403","","","","","",""
"5239","0.15901465501678294","0.15901465501678294","0.15901465501678294","","","","","",""
"5240","0.1577830350548264","0.1577830350548264","0.1577830350548264","","","","","",""
"5241","0.1580743906556666","0.1580743906556666","0.1580743906556666","","","","","",""
"5242","0.15657915303242567","0.15657915303242567","0.15657915303242567","","","","","",""
"5243","0.15704767914129003","0.15704767914129003","0.15704767914129003","","","","","",""
"5244","0.1573536756429239","0.1573536756429239","0.1573536756429239","","","","","",""
"5245","0.15698253725608646","0.15698253725608646","0.15698253725608646","","","","","",""
"5246","0.16036655097967312","0.16036655097967312","0.16036655097967312","","","","","",""
"5247","0.15535657185961851","0.15535657185961851","0.15535657185961851","","","","","",""
"5248","0.15633196734426316","0.15633196734426316","0.15633196734426316","","","","","",""
"5249","0.16036408308856925","0.16036408308856925","0.16036408308856925","","","","","",""
"5250","0.1552443585965254","0.1552443585965254","0.1552443585965254","","","","","",""
"5251","0.15551024064948712","0.15551024064948712","0.15551024064948712","","","","","",""
"5252","0.15868430330118943","0.15868430330118943","0.15868430330118943","","","","","",""
"5253","0.15727356369172116","0.15727356369172116","0.15727356369172116","","","","","",""
"5254","0.16143979606275127","0.16143979606275127","0.16143979606275127","","","","","",""
"5255","0.15569207471190902","0.15569207471190902","0.15569207471190902","","","","","",""
"5256","0.16042563488715642","0.16042563488715642","0.16042563488715642","","","","","",""
"5257","0.15960468542165693","0.15960468542165693","0.15960468542165693","","","","","",""
"5258","0.15734179425935838","0.15734179425935838","0.15734179425935838","","","","","",""
"5259","0.1549079160040283","0.1549079160040283","0.1549079160040283","","","","","",""
"5260","0.1590691097509532","0.1590691097509532","0.1590691097509532","","","","","",""
"5261","0.15793663832679294","0.15793663832679294","0.15793663832679294","","","","","",""
"5262","0.15508513435297575","0.15508513435297575","0.15508513435297575","","","","","",""
"5263","0.1568259647215514","0.1568259647215514","0.1568259647215514","","","","","",""
"5264","0.15840178315721534","0.15840178315721534","0.15840178315721534","","","","","",""
"5265","0.1592008733496412","0.1592008733496412","0.1592008733496412","","","","","",""
"5266","0.1551161746863063","0.1551161746863063","0.1551161746863063","","","","","",""
"5267","0.15633634062579937","0.15633634062579937","0.15633634062579937","","","","","",""
"5268","0.15553863188475855","0.15553863188475855","0.15553863188475855","","","","","",""
"5269","0.15880598198250975","0.15880598198250975","0.15880598198250975","","","","","",""
"5270","0.15828487118307458","0.15828487118307458","0.15828487118307458","","","","","",""
"5271","0.15804135783694775","0.15804135783694775","0.15804135783694775","","","","","",""
"5272","0.15680540178939142","0.15680540178939142","0.15680540178939142","","","","","",""
"5273","0.15770192946364106","0.15770192946364106","0.15770192946364106","","","","","",""
"5274","0.15766092152861927","0.15766092152861927","0.15766092152861927","","","","","",""
"5275","0.16060177103324458","0.16060177103324458","0.16060177103324458","","","","","",""
"5276","0.15913890623060023","0.15913890623060023","0.15913890623060023","","","","","",""
"5277","0.154221937595754","0.154221937595754","0.154221937595754","","","","","",""
"5278","0.1579079107465287","0.1579079107465287","0.1579079107465287","","","","","",""
"5279","0.16059795716172426","0.16059795716172426","0.16059795716172426","","","","","",""
"5280","0.15746760851527042","0.15746760851527042","0.15746760851527042","","","","","",""
"5281","0.1578539341910005","0.1578539341910005","0.1578539341910005","","","","","",""
"5282","0.15813211963203352","0.15813211963203352","0.15813211963203352","","","","","",""
"5283","0.15785346464601852","0.15785346464601852","0.15785346464601852","","","","","",""
"5284","0.1584795459821229","0.1584795459821229","0.1584795459821229","","","","","",""
"5285","0.15847409656120923","0.15847409656120923","0.15847409656120923","","","","","",""
"5286","0.155165981434527","0.155165981434527","0.155165981434527","","","","","",""
"5287","0.1572089273352412","0.1572089273352412","0.1572089273352412","","","","","",""
"5288","0.15849515850364002","0.15849515850364002","0.15849515850364002","","","","","",""
"5289","0.15678720974489443","0.15678720974489443","0.15678720974489443","","","","","",""
"5290","0.1574585457559563","0.1574585457559563","0.1574585457559563","","","","","",""
"5291","0.16105391744387637","0.16105391744387637","0.16105391744387637","","","","","",""
"5292","0.15788552983404025","0.15788552983404025","0.15788552983404025","","","","","",""
"5293","0.15806459106961276","0.15806459106961276","0.15806459106961276","","","","","",""
"5294","0.1575959729070537","0.1575959729070537","0.1575959729070537","","","","","",""
"5295","0.1551503401003253","0.1551503401003253","0.1551503401003253","","","","","",""
"5296","0.1581334604806046","0.1581334604806046","0.1581334604806046","","","","","",""
"5297","0.15870198409046943","0.15870198409046943","0.15870198409046943","","","","","",""
"5298","0.1606871532454136","0.1606871532454136","0.1606871532454136","","","","","",""
"5299","0.15782480744547314","0.15782480744547314","0.15782480744547314","","","","","",""
"5300","0.15933917872281014","0.15933917872281014","0.15933917872281014","","","","","",""
"5301","0.1567687492625001","0.1567687492625001","0.1567687492625001","","","","","",""
"5302","0.16077618656734066","0.16077618656734066","0.16077618656734066","","","","","",""
"5303","0.15359992735298947","0.15359992735298947","0.15359992735298947","","","","","",""
"5304","0.15875070887466142","0.15875070887466142","0.15875070887466142","","","","","",""
"5305","0.1589103941068192","0.1589103941068192","0.1589103941068192","","","","","",""
"5306","0.15744989098852186","0.15744989098852186","0.15744989098852186","","","","","",""
"5307","0.15873038028739841","0.15873038028739841","0.15873038028739841","","","","","",""
"5308","0.154069495809619","0.154069495809619","0.154069495809619","","","","","",""
"5309","0.15522369169954997","0.15522369169954997","0.15522369169954997","","","","","",""
"5310","0.15663473571061862","0.15663473571061862","0.15663473571061862","","","","","",""
"5311","0.1573245921996864","0.1573245921996864","0.1573245921996864","","","","","",""
"5312","0.1594485730674696","0.1594485730674696","0.1594485730674696","","","","","",""
"5313","0.15592208471285599","0.15592208471285599","0.15592208471285599","","","","","",""
"5314","0.15869692600065147","0.15869692600065147","0.15869692600065147","","","","","",""
"5315","0.15868816422777557","0.15868816422777557","0.15868816422777557","","","","","",""
"5316","0.15743811553861317","0.15743811553861317","0.15743811553861317","","","","","",""
"5317","0.16012311818082403","0.16012311818082403","0.16012311818082403","","","","","",""
"5318","0.15781158756843824","0.15781158756843824","0.15781158756843824","","","","","",""
"5319","0.15597747594187847","0.15597747594187847","0.15597747594187847","","","","","",""
"5320","0.15839742251793978","0.15839742251793978","0.15839742251793978","","","","","",""
"5321","0.1573610555059087","0.1573610555059087","0.1573610555059087","","","","","",""
"5322","0.15783756845334262","0.15783756845334262","0.15783756845334262","","","","","",""
"5323","0.1575124049481662","0.1575124049481662","0.1575124049481662","","","","","",""
"5324","0.1616103562038155","0.1616103562038155","0.1616103562038155","","","","","",""
"5325","0.15619006994678464","0.15619006994678464","0.15619006994678464","","","","","",""
"5326","0.15754651646057183","0.15754651646057183","0.15754651646057183","","","","","",""
"5327","0.15710911885962278","0.15710911885962278","0.15710911885962278","","","","","",""
"5328","0.15751709903354957","0.15751709903354957","0.15751709903354957","","","","","",""
"5329","0.15892474631089507","0.15892474631089507","0.15892474631089507","","","","","",""
"5330","0.15733120938908773","0.15733120938908773","0.15733120938908773","","","","","",""
"5331","0.15577285526863663","0.15577285526863663","0.15577285526863663","","","","","",""
"5332","0.15620031666750064","0.15620031666750064","0.15620031666750064","","","","","",""
"5333","0.1570240935784111","0.1570240935784111","0.1570240935784111","","","","","",""
"5334","0.15889798737143238","0.15889798737143238","0.15889798737143238","","","","","",""
"5335","0.15691070683638358","0.15691070683638358","0.15691070683638358","","","","","",""
"5336","0.15702010868112354","0.15702010868112354","0.15702010868112354","","","","","",""
"5337","0.15751585443924374","0.15751585443924374","0.15751585443924374","","","","","",""
"5338","0.1560739647946061","0.1560739647946061","0.1560739647946061","","","","","",""
"5339","0.15551076016443852","0.15551076016443852","0.15551076016443852","","","","","",""
"5340","0.15377946897310205","0.15377946897310205","0.15377946897310205","","","","","",""
"5341","0.1603908532429407","0.1603908532429407","0.1603908532429407","","","","","",""
"5342","0.15749103500586356","0.15749103500586356","0.15749103500586356","","","","","",""
"5343","0.158727592958362","0.158727592958362","0.158727592958362","","","","","",""
"5344","0.15689004614636792","0.15689004614636792","0.15689004614636792","","","","","",""
"5345","0.16034128305855253","0.16034128305855253","0.16034128305855253","","","","","",""
"5346","0.1576970629907677","0.1576970629907677","0.1576970629907677","","","","","",""
"5347","0.1556747870407039","0.1556747870407039","0.1556747870407039","","","","","",""
"5348","0.1536389659360217","0.1536389659360217","0.1536389659360217","","","","","",""
"5349","0.1584699965810936","0.1584699965810936","0.1584699965810936","","","","","",""
"5350","0.1574922137845696","0.1574922137845696","0.1574922137845696","","","","","",""
"5351","0.15958108722405268","0.15958108722405268","0.15958108722405268","","","","","",""
"5352","0.15734204016271214","0.15734204016271214","0.15734204016271214","","","","","",""
"5353","0.15851910432308677","0.15851910432308677","0.15851910432308677","","","","","",""
"5354","0.1580163262552752","0.1580163262552752","0.1580163262552752","","","","","",""
"5355","0.1554186556814258","0.1554186556814258","0.1554186556814258","","","","","",""
"5356","0.15611387319732012","0.15611387319732012","0.15611387319732012","","","","","",""
"5357","0.15784413090386065","0.15784413090386065","0.15784413090386065","","","","","",""
"5358","0.15914634343191222","0.15914634343191222","0.15914634343191222","","","","","",""
"5359","0.15902205701263492","0.15902205701263492","0.15902205701263492","","","","","",""
"5360","0.15744507794844187","0.15744507794844187","0.15744507794844187","","","","","",""
"5361","0.15833400300748976","0.15833400300748976","0.15833400300748976","","","","","",""
"5362","0.15692737688217837","0.15692737688217837","0.15692737688217837","","","","","",""
"5363","0.15627029631779138","0.15627029631779138","0.15627029631779138","","","","","",""
"5364","0.1596042816466636","0.1596042816466636","0.1596042816466636","","","","","",""
"5365","0.15808852671239598","0.15808852671239598","0.15808852671239598","","","","","",""
"5366","0.155890262495899","0.155890262495899","0.155890262495899","","","","","",""
"5367","0.15725540444609032","0.15725540444609032","0.15725540444609032","","","","","",""
"5368","0.15790904522720303","0.15790904522720303","0.15790904522720303","","","","","",""
"5369","0.15501096675555928","0.15501096675555928","0.15501096675555928","","","","","",""
"5370","0.1581311672895477","0.1581311672895477","0.1581311672895477","","","","","",""
"5371","0.15904321227892318","0.15904321227892318","0.15904321227892318","","","","","",""
"5372","0.15554024402113895","0.15554024402113895","0.15554024402113895","","","","","",""
"5373","0.15946612430187215","0.15946612430187215","0.15946612430187215","","","","","",""
"5374","0.15799112464555323","0.15799112464555323","0.15799112464555323","","","","","",""
"5375","0.15969627483369744","0.15969627483369744","0.15969627483369744","","","","","",""
"5376","0.1569358547079935","0.1569358547079935","0.1569358547079935","","","","","",""
"5377","0.1591657099469092","0.1591657099469092","0.1591657099469092","","","","","",""
"5378","0.15913077636933048","0.15913077636933048","0.15913077636933048","","","","","",""
"5379","0.15637887781547555","0.15637887781547555","0.15637887781547555","","","","","",""
"5380","0.1576434383886733","0.1576434383886733","0.1576434383886733","","","","","",""
"5381","0.15682900537085812","0.15682900537085812","0.15682900537085812","","","","","",""
"5382","0.1594272457780832","0.1594272457780832","0.1594272457780832","","","","","",""
"5383","0.15862191027292846","0.15862191027292846","0.15862191027292846","","","","","",""
"5384","0.15737152038361293","0.15737152038361293","0.15737152038361293","","","","","",""
"5385","0.1570378409545987","0.1570378409545987","0.1570378409545987","","","","","",""
"5386","0.15848379142156185","0.15848379142156185","0.15848379142156185","","","","","",""
"5387","0.15846390958958279","0.15846390958958279","0.15846390958958279","","","","","",""
"5388","0.15780713437485405","0.15780713437485405","0.15780713437485405","","","","","",""
"5389","0.1549308859479939","0.1549308859479939","0.1549308859479939","","","","","",""
"5390","0.16050715196429013","0.16050715196429013","0.16050715196429013","","","","","",""
"5391","0.15899708110538013","0.15899708110538013","0.15899708110538013","","","","","",""
"5392","0.1591430808751537","0.1591430808751537","0.1591430808751537","","","","","",""
"5393","0.15513018114406943","0.15513018114406943","0.15513018114406943","","","","","",""
"5394","0.15781548741463933","0.15781548741463933","0.15781548741463933","","","","","",""
"5395","0.15667218439834432","0.15667218439834432","0.15667218439834432","","","","","",""
"5396","0.15540365313796764","0.15540365313796764","0.15540365313796764","","","","","",""
"5397","0.15411830648852562","0.15411830648852562","0.15411830648852562","","","","","",""
"5398","0.15646333500971765","0.15646333500971765","0.15646333500971765","","","","","",""
"5399","0.15795920584030856","0.15795920584030856","0.15795920584030856","","","","","",""
"5400","0.15826613476998955","0.15826613476998955","0.15826613476998955","","","","","",""
"5401","0.15748287977906128","0.15748287977906128","0.15748287977906128","","","","","",""
"5402","0.15724536316667737","0.15724536316667737","0.15724536316667737","","","","","",""
"5403","0.16014549218885113","0.16014549218885113","0.16014549218885113","","","","","",""
"5404","0.15882438817172043","0.15882438817172043","0.15882438817172043","","","","","",""
"5405","0.1575579515821308","0.1575579515821308","0.1575579515821308","","","","","",""
"5406","0.16060685893952556","0.16060685893952556","0.16060685893952556","","","","","",""
"5407","0.16001407587249714","0.16001407587249714","0.16001407587249714","","","","","",""
"5408","0.1560960524026194","0.1560960524026194","0.1560960524026194","","","","","",""
"5409","0.15677829335370994","0.15677829335370994","0.15677829335370994","","","","","",""
"5410","0.15624031686752973","0.15624031686752973","0.15624031686752973","","","","","",""
"5411","0.15787502674795412","0.15787502674795412","0.15787502674795412","","","","","",""
"5412","0.1573529312077345","0.1573529312077345","0.1573529312077345","","","","","",""
"5413","0.16072663171335308","0.16072663171335308","0.16072663171335308","","","","","",""
"5414","0.15619683320763697","0.15619683320763697","0.15619683320763697","","","","","",""
"5415","0.1607343492957445","0.1607343492957445","0.1607343492957445","","","","","",""
"5416","0.15621978469935482","0.15621978469935482","0.15621978469935482","","","","","",""
"5417","0.15829164604914273","0.15829164604914273","0.15829164604914273","","","","","",""
"5418","0.1574518618773211","0.1574518618773211","0.1574518618773211","","","","","",""
"5419","0.15928499768601376","0.15928499768601376","0.15928499768601376","","","","","",""
"5420","0.15966056229331674","0.15966056229331674","0.15966056229331674","","","","","",""
"5421","0.1583107202089169","0.1583107202089169","0.1583107202089169","","","","","",""
"5422","0.15528258489256744","0.15528258489256744","0.15528258489256744","","","","","",""
"5423","0.15609970463228048","0.15609970463228048","0.15609970463228048","","","","","",""
"5424","0.15393930967769862","0.15393930967769862","0.15393930967769862","","","","","",""
"5425","0.15584062576876145","0.15584062576876145","0.15584062576876145","","","","","",""
"5426","0.15637919211978066","0.15637919211978066","0.15637919211978066","","","","","",""
"5427","0.15486030817494642","0.15486030817494642","0.15486030817494642","","","","","",""
"5428","0.15562377136128516","0.15562377136128516","0.15562377136128516","","","","","",""
"5429","0.15571842165303706","0.15571842165303706","0.15571842165303706","","","","","",""
"5430","0.1574238359374268","0.1574238359374268","0.1574238359374268","","","","","",""
"5431","0.1584364018261319","0.1584364018261319","0.1584364018261319","","","","","",""
"5432","0.15944488795337702","0.15944488795337702","0.15944488795337702","","","","","",""
"5433","0.15728657013134786","0.15728657013134786","0.15728657013134786","","","","","",""
"5434","0.15936801207201995","0.15936801207201995","0.15936801207201995","","","","","",""
"5435","0.15755383286386576","0.15755383286386576","0.15755383286386576","","","","","",""
"5436","0.15644657153038757","0.15644657153038757","0.15644657153038757","","","","","",""
"5437","0.157266945395627","0.157266945395627","0.157266945395627","","","","","",""
"5438","0.15802085712074573","0.15802085712074573","0.15802085712074573","","","","","",""
"5439","0.15676112314670437","0.15676112314670437","0.15676112314670437","","","","","",""
"5440","0.15874906412748185","0.15874906412748185","0.15874906412748185","","","","","",""
"5441","0.15796486991314987","0.15796486991314987","0.15796486991314987","","","","","",""
"5442","0.15734299615942818","0.15734299615942818","0.15734299615942818","","","","","",""
"5443","0.16031064616033605","0.16031064616033605","0.16031064616033605","","","","","",""
"5444","0.15816235230661","0.15816235230661","0.15816235230661","","","","","",""
"5445","0.15937482929522914","0.15937482929522914","0.15937482929522914","","","","","",""
"5446","0.15703549348146517","0.15703549348146517","0.15703549348146517","","","","","",""
"5447","0.1563963110483636","0.1563963110483636","0.1563963110483636","","","","","",""
"5448","0.15680922480911272","0.15680922480911272","0.15680922480911272","","","","","",""
"5449","0.15682880086992085","0.15682880086992085","0.15682880086992085","","","","","",""
"5450","0.15847668149257332","0.15847668149257332","0.15847668149257332","","","","","",""
"5451","0.15676888460772134","0.15676888460772134","0.15676888460772134","","","","","",""
"5452","0.15816642654298124","0.15816642654298124","0.15816642654298124","","","","","",""
"5453","0.15696742728753552","0.15696742728753552","0.15696742728753552","","","","","",""
"5454","0.1554287395211347","0.1554287395211347","0.1554287395211347","","","","","",""
"5455","0.1569208798215025","0.1569208798215025","0.1569208798215025","","","","","",""
"5456","0.15559252902895754","0.15559252902895754","0.15559252902895754","","","","","",""
"5457","0.1567959073920054","0.1567959073920054","0.1567959073920054","","","","","",""
"5458","0.15836812427656669","0.15836812427656669","0.15836812427656669","","","","","",""
"5459","0.1566298073186044","0.1566298073186044","0.1566298073186044","","","","","",""
"5460","0.15469923237671462","0.15469923237671462","0.15469923237671462","","","","","",""
"5461","0.1580363749925767","0.1580363749925767","0.1580363749925767","","","","","",""
"5462","0.15697887263270066","0.15697887263270066","0.15697887263270066","","","","","",""
"5463","0.15501442403765534","0.15501442403765534","0.15501442403765534","","","","","",""
"5464","0.15705455032585455","0.15705455032585455","0.15705455032585455","","","","","",""
"5465","0.15681591270871095","0.15681591270871095","0.15681591270871095","","","","","",""
"5466","0.15577130816561355","0.15577130816561355","0.15577130816561355","","","","","",""
"5467","0.15983690357211724","0.15983690357211724","0.15983690357211724","","","","","",""
"5468","0.15811354941310352","0.15811354941310352","0.15811354941310352","","","","","",""
"5469","0.15692327442445095","0.15692327442445095","0.15692327442445095","","","","","",""
"5470","0.1562831804903573","0.1562831804903573","0.1562831804903573","","","","","",""
"5471","0.15778487629161225","0.15778487629161225","0.15778487629161225","","","","","",""
"5472","0.15634018284899825","0.15634018284899825","0.15634018284899825","","","","","",""
"5473","0.1579950726252626","0.1579950726252626","0.1579950726252626","","","","","",""
"5474","0.15626781950257226","0.15626781950257226","0.15626781950257226","","","","","",""
"5475","0.1579151294000841","0.1579151294000841","0.1579151294000841","","","","","",""
"5476","0.15739061275837168","0.15739061275837168","0.15739061275837168","","","","","",""
"5477","0.15719078269699463","0.15719078269699463","0.15719078269699463","","","","","",""
"5478","0.159517892659388","0.159517892659388","0.159517892659388","","","","","",""
"5479","0.15855131546482062","0.15855131546482062","0.15855131546482062","","","","","",""
"5480","0.16073272932605367","0.16073272932605367","0.16073272932605367","","","","","",""
"5481","0.15542673499436999","0.15542673499436999","0.15542673499436999","","","","","",""
"5482","0.15799413484331234","0.15799413484331234","0.15799413484331234","","","","","",""
"5483","0.15780027307651606","0.15780027307651606","0.15780027307651606","","","","","",""
"5484","0.15424530863041316","0.15424530863041316","0.15424530863041316","","","","","",""
"5485","0.15616934546583106","0.15616934546583106","0.15616934546583106","","","","","",""
"5486","0.15584846145293696","0.15584846145293696","0.15584846145293696","","","","","",""
"5487","0.15609539731943078","0.15609539731943078","0.15609539731943078","","","","","",""
"5488","0.15528289885413785","0.15528289885413785","0.15528289885413785","","","","","",""
"5489","0.1571443668088676","0.1571443668088676","0.1571443668088676","","","","","",""
"5490","0.1554229428592682","0.1554229428592682","0.1554229428592682","","","","","",""
"5491","0.1570838637392423","0.1570838637392423","0.1570838637392423","","","","","",""
"5492","0.15805073643726528","0.15805073643726528","0.15805073643726528","","","","","",""
"5493","0.15788584202904976","0.15788584202904976","0.15788584202904976","","","","","",""
"5494","0.15787471918248752","0.15787471918248752","0.15787471918248752","","","","","",""
"5495","0.15697261406468221","0.15697261406468221","0.15697261406468221","","","","","",""
"5496","0.15927615409060683","0.15927615409060683","0.15927615409060683","","","","","",""
"5497","0.15781314333390592","0.15781314333390592","0.15781314333390592","","","","","",""
"5498","0.15683644969800284","0.15683644969800284","0.15683644969800284","","","","","",""
"5499","0.15694918243468123","0.15694918243468123","0.15694918243468123","","","","","",""
"5500","0.15681721999781703","0.15681721999781703","0.15681721999781703","","","","","",""
"5501","0.16043332779136857","0.16043332779136857","0.16043332779136857","","","","","",""
"5502","0.15852979232081085","0.15852979232081085","0.15852979232081085","","","","","",""
"5503","0.15928467478251648","0.15928467478251648","0.15928467478251648","","","","","",""
"5504","0.15647418821492223","0.15647418821492223","0.15647418821492223","","","","","",""
"5505","0.15837240550243056","0.15837240550243056","0.15837240550243056","","","","","",""
"5506","0.15641695603377517","0.15641695603377517","0.15641695603377517","","","","","",""
"5507","0.15413248059846688","0.15413248059846688","0.15413248059846688","","","","","",""
"5508","0.1554133157332768","0.1554133157332768","0.1554133157332768","","","","","",""
"5509","0.1578839878393319","0.1578839878393319","0.1578839878393319","","","","","",""
"5510","0.15735329914500934","0.15735329914500934","0.15735329914500934","","","","","",""
"5511","0.1579428612318199","0.1579428612318199","0.1579428612318199","","","","","",""
"5512","0.15824281918733987","0.15824281918733987","0.15824281918733987","","","","","",""
"5513","0.15679817326100415","0.15679817326100415","0.15679817326100415","","","","","",""
"5514","0.15700397205515582","0.15700397205515582","0.15700397205515582","","","","","",""
"5515","0.15797825945360133","0.15797825945360133","0.15797825945360133","","","","","",""
"5516","0.15697390895757246","0.15697390895757246","0.15697390895757246","","","","","",""
"5517","0.15779778760197583","0.15779778760197583","0.15779778760197583","","","","","",""
"5518","0.15605977118930497","0.15605977118930497","0.15605977118930497","","","","","",""
"5519","0.1588013658190002","0.1588013658190002","0.1588013658190002","","","","","",""
"5520","0.1576459914443645","0.1576459914443645","0.1576459914443645","","","","","",""
"5521","0.15783562449789326","0.15783562449789326","0.15783562449789326","","","","","",""
"5522","0.1565180060723075","0.1565180060723075","0.1565180060723075","","","","","",""
"5523","0.1577679807504192","0.1577679807504192","0.1577679807504192","","","","","",""
"5524","0.15785780224595095","0.15785780224595095","0.15785780224595095","","","","","",""
"5525","0.1567212536418486","0.1567212536418486","0.1567212536418486","","","","","",""
"5526","0.15791230676863346","0.15791230676863346","0.15791230676863346","","","","","",""
"5527","0.15758403281511366","0.15758403281511366","0.15758403281511366","","","","","",""
"5528","0.1570030439912168","0.1570030439912168","0.1570030439912168","","","","","",""
"5529","0.15596274428049892","0.15596274428049892","0.15596274428049892","","","","","",""
"5530","0.1596364674639242","0.1596364674639242","0.1596364674639242","","","","","",""
"5531","0.15966235739776471","0.15966235739776471","0.15966235739776471","","","","","",""
"5532","0.1558216439720436","0.1558216439720436","0.1558216439720436","","","","","",""
"5533","0.15469687988427458","0.15469687988427458","0.15469687988427458","","","","","",""
"5534","0.15436562108464139","0.15436562108464139","0.15436562108464139","","","","","",""
"5535","0.15630743666528735","0.15630743666528735","0.15630743666528735","","","","","",""
"5536","0.15687751318825563","0.15687751318825563","0.15687751318825563","","","","","",""
"5537","0.1575924163784457","0.1575924163784457","0.1575924163784457","","","","","",""
"5538","0.16007741947173915","0.16007741947173915","0.16007741947173915","","","","","",""
"5539","0.15599719246138444","0.15599719246138444","0.15599719246138444","","","","","",""
"5540","0.1597599078562915","0.1597599078562915","0.1597599078562915","","","","","",""
"5541","0.15944098989375965","0.15944098989375965","0.15944098989375965","","","","","",""
"5542","0.1568487567909453","0.1568487567909453","0.1568487567909453","","","","","",""
"5543","0.15988018587289235","0.15988018587289235","0.15988018587289235","","","","","",""
"5544","0.15600490277902065","0.15600490277902065","0.15600490277902065","","","","","",""
"5545","0.15765025047853662","0.15765025047853662","0.15765025047853662","","","","","",""
"5546","0.15588476118879663","0.15588476118879663","0.15588476118879663","","","","","",""
"5547","0.158132370157996","0.158132370157996","0.158132370157996","","","","","",""
"5548","0.15617058975872167","0.15617058975872167","0.15617058975872167","","","","","",""
"5549","0.1585721456361385","0.1585721456361385","0.1585721456361385","","","","","",""
"5550","0.1601802715690873","0.1601802715690873","0.1601802715690873","","","","","",""
"5551","0.15549211338862376","0.15549211338862376","0.15549211338862376","","","","","",""
"5552","0.15804563420505402","0.15804563420505402","0.15804563420505402","","","","","",""
"5553","0.15799730239584103","0.15799730239584103","0.15799730239584103","","","","","",""
"5554","0.15800877899782448","0.15800877899782448","0.15800877899782448","","","","","",""
"5555","0.15833508282427514","0.15833508282427514","0.15833508282427514","","","","","",""
"5556","0.15443279817177633","0.15443279817177633","0.15443279817177633","","","","","",""
"5557","0.1585551751451167","0.1585551751451167","0.1585551751451167","","","","","",""
"5558","0.1570876754816545","0.1570876754816545","0.1570876754816545","","","","","",""
"5559","0.15765401802152149","0.15765401802152149","0.15765401802152149","","","","","",""
"5560","0.1572659393178971","0.1572659393178971","0.1572659393178971","","","","","",""
"5561","0.15619959364219582","0.15619959364219582","0.15619959364219582","","","","","",""
"5562","0.15707563263059268","0.15707563263059268","0.15707563263059268","","","","","",""
"5563","0.15368188177828243","0.15368188177828243","0.15368188177828243","","","","","",""
"5564","0.15871543462432813","0.15871543462432813","0.15871543462432813","","","","","",""
"5565","0.15671451089300806","0.15671451089300806","0.15671451089300806","","","","","",""
"5566","0.1557438278696376","0.1557438278696376","0.1557438278696376","","","","","",""
"5567","0.15907122997596804","0.15907122997596804","0.15907122997596804","","","","","",""
"5568","0.1583866803352147","0.1583866803352147","0.1583866803352147","","","","","",""
"5569","0.15962424141870177","0.15962424141870177","0.15962424141870177","","","","","",""
"5570","0.15974216308499942","0.15974216308499942","0.15974216308499942","","","","","",""
"5571","0.1557675470444074","0.1557675470444074","0.1557675470444074","","","","","",""
"5572","0.15885334981499535","0.15885334981499535","0.15885334981499535","","","","","",""
"5573","0.15944922598147385","0.15944922598147385","0.15944922598147385","","","","","",""
"5574","0.15703311687252705","0.15703311687252705","0.15703311687252705","","","","","",""
"5575","0.16009760215282098","0.16009760215282098","0.16009760215282098","","","","","",""
"5576","0.15627744576913535","0.15627744576913535","0.15627744576913535","","","","","",""
"5577","0.1594998580572952","0.1594998580572952","0.1594998580572952","","","","","",""
"5578","0.1564295826581101","0.1564295826581101","0.1564295826581101","","","","","",""
"5579","0.15779038033546858","0.15779038033546858","0.15779038033546858","","","","","",""
"5580","0.15770608025501479","0.15770608025501479","0.15770608025501479","","","","","",""
"5581","0.15877183898777467","0.15877183898777467","0.15877183898777467","","","","","",""
"5582","0.15807250568573722","0.15807250568573722","0.15807250568573722","","","","","",""
"5583","0.15465569653663577","0.15465569653663577","0.15465569653663577","","","","","",""
"5584","0.15611008332829085","0.15611008332829085","0.15611008332829085","","","","","",""
"5585","0.15924530018910935","0.15924530018910935","0.15924530018910935","","","","","",""
"5586","0.15787422496355455","0.15787422496355455","0.15787422496355455","","","","","",""
"5587","0.15476302272682382","0.15476302272682382","0.15476302272682382","","","","","",""
"5588","0.15562717367606682","0.15562717367606682","0.15562717367606682","","","","","",""
"5589","0.15784521418370193","0.15784521418370193","0.15784521418370193","","","","","",""
"5590","0.15475779136384596","0.15475779136384596","0.15475779136384596","","","","","",""
"5591","0.15862992330283268","0.15862992330283268","0.15862992330283268","","","","","",""
"5592","0.15807353073055455","0.15807353073055455","0.15807353073055455","","","","","",""
"5593","0.1571775337945308","0.1571775337945308","0.1571775337945308","","","","","",""
"5594","0.15804507621885142","0.15804507621885142","0.15804507621885142","","","","","",""
"5595","0.15443536694512258","0.15443536694512258","0.15443536694512258","","","","","",""
"5596","0.1567412828172243","0.1567412828172243","0.1567412828172243","","","","","",""
"5597","0.15915402085532857","0.15915402085532857","0.15915402085532857","","","","","",""
"5598","0.15777611807455585","0.15777611807455585","0.15777611807455585","","","","","",""
"5599","0.1568923312462757","0.1568923312462757","0.1568923312462757","","","","","",""
"5600","0.16008341177285593","0.16008341177285593","0.16008341177285593","","","","","",""
"5601","0.15744470949110587","0.15744470949110587","0.15744470949110587","","","","","",""
"5602","0.155709267240094","0.155709267240094","0.155709267240094","","","","","",""
"5603","0.15779399113391251","0.15779399113391251","0.15779399113391251","","","","","",""
"5604","0.1554698628334803","0.1554698628334803","0.1554698628334803","","","","","",""
"5605","0.15618917271741242","0.15618917271741242","0.15618917271741242","","","","","",""
"5606","0.15851030106632663","0.15851030106632663","0.15851030106632663","","","","","",""
"5607","0.1564607393109422","0.1564607393109422","0.1564607393109422","","","","","",""
"5608","0.1558786160338974","0.1558786160338974","0.1558786160338974","","","","","",""
"5609","0.15645526804786186","0.15645526804786186","0.15645526804786186","","","","","",""
"5610","0.1558155848520183","0.1558155848520183","0.1558155848520183","","","","","",""
"5611","0.15692712589971808","0.15692712589971808","0.15692712589971808","","","","","",""
"5612","0.15800734781310125","0.15800734781310125","0.15800734781310125","","","","","",""
"5613","0.15792266056194834","0.15792266056194834","0.15792266056194834","","","","","",""
"5614","0.15687735850581563","0.15687735850581563","0.15687735850581563","","","","","",""
"5615","0.160054824505547","0.160054824505547","0.160054824505547","","","","","",""
"5616","0.15745352810177735","0.15745352810177735","0.15745352810177735","","","","","",""
"5617","0.15703415097768803","0.15703415097768803","0.15703415097768803","","","","","",""
"5618","0.15712415279294822","0.15712415279294822","0.15712415279294822","","","","","",""
"5619","0.15921041568702562","0.15921041568702562","0.15921041568702562","","","","","",""
"5620","0.15816422182886578","0.15816422182886578","0.15816422182886578","","","","","",""
"5621","0.15785275890717798","0.15785275890717798","0.15785275890717798","","","","","",""
"5622","0.15781273518563346","0.15781273518563346","0.15781273518563346","","","","","",""
"5623","0.16017502368711775","0.16017502368711775","0.16017502368711775","","","","","",""
"5624","0.15695382527540827","0.15695382527540827","0.15695382527540827","","","","","",""
"5625","0.1579197870811678","0.1579197870811678","0.1579197870811678","","","","","",""
"5626","0.1547997985161225","0.1547997985161225","0.1547997985161225","","","","","",""
"5627","0.1576501057547951","0.1576501057547951","0.1576501057547951","","","","","",""
"5628","0.15567177924238074","0.15567177924238074","0.15567177924238074","","","","","",""
"5629","0.15348401612157733","0.15348401612157733","0.15348401612157733","","","","","",""
"5630","0.1597847184015501","0.1597847184015501","0.1597847184015501","","","","","",""
"5631","0.15842687208952697","0.15842687208952697","0.15842687208952697","","","","","",""
"5632","0.15862945600728143","0.15862945600728143","0.15862945600728143","","","","","",""
"5633","0.15706628955565188","0.15706628955565188","0.15706628955565188","","","","","",""
"5634","0.162205486827994","0.162205486827994","0.162205486827994","","","","","",""
"5635","0.15859638571205767","0.15859638571205767","0.15859638571205767","","","","","",""
"5636","0.15746375512230515","0.15746375512230515","0.15746375512230515","","","","","",""
"5637","0.15774439393085898","0.15774439393085898","0.15774439393085898","","","","","",""
"5638","0.1557564928213041","0.1557564928213041","0.1557564928213041","","","","","",""
"5639","0.15711066587189074","0.15711066587189074","0.15711066587189074","","","","","",""
"5640","0.15727342106348555","0.15727342106348555","0.15727342106348555","","","","","",""
"5641","0.1572204249735889","0.1572204249735889","0.1572204249735889","","","","","",""
"5642","0.1570042415239826","0.1570042415239826","0.1570042415239826","","","","","",""
"5643","0.15487550099841538","0.15487550099841538","0.15487550099841538","","","","","",""
"5644","0.15536033335779045","0.15536033335779045","0.15536033335779045","","","","","",""
"5645","0.15633756916719888","0.15633756916719888","0.15633756916719888","","","","","",""
"5646","0.15950649612616316","0.15950649612616316","0.15950649612616316","","","","","",""
"5647","0.15752135404304823","0.15752135404304823","0.15752135404304823","","","","","",""
"5648","0.15956002396108268","0.15956002396108268","0.15956002396108268","","","","","",""
"5649","0.15717485031195041","0.15717485031195041","0.15717485031195041","","","","","",""
"5650","0.15755158590394183","0.15755158590394183","0.15755158590394183","","","","","",""
"5651","0.1548717958966865","0.1548717958966865","0.1548717958966865","","","","","",""
"5652","0.1554311432108347","0.1554311432108347","0.1554311432108347","","","","","",""
"5653","0.15976479450775558","0.15976479450775558","0.15976479450775558","","","","","",""
"5654","0.15880923763577517","0.15880923763577517","0.15880923763577517","","","","","",""
"5655","0.15783204435888812","0.15783204435888812","0.15783204435888812","","","","","",""
"5656","0.15836913674073455","0.15836913674073455","0.15836913674073455","","","","","",""
"5657","0.1559630739979612","0.1559630739979612","0.1559630739979612","","","","","",""
"5658","0.15779772282815788","0.15779772282815788","0.15779772282815788","","","","","",""
"5659","0.15510800748110062","0.15510800748110062","0.15510800748110062","","","","","",""
"5660","0.1557356630879971","0.1557356630879971","0.1557356630879971","","","","","",""
"5661","0.1576406028374148","0.1576406028374148","0.1576406028374148","","","","","",""
"5662","0.1566360832813455","0.1566360832813455","0.1566360832813455","","","","","",""
"5663","0.15688169741740474","0.15688169741740474","0.15688169741740474","","","","","",""
"5664","0.15645873517862038","0.15645873517862038","0.15645873517862038","","","","","",""
"5665","0.1560514064858812","0.1560514064858812","0.1560514064858812","","","","","",""
"5666","0.1602220606392555","0.1602220606392555","0.1602220606392555","","","","","",""
"5667","0.15781186734294847","0.15781186734294847","0.15781186734294847","","","","","",""
"5668","0.15747690172790985","0.15747690172790985","0.15747690172790985","","","","","",""
"5669","0.16163370944653124","0.16163370944653124","0.16163370944653124","","","","","",""
"5670","0.15798965734761805","0.15798965734761805","0.15798965734761805","","","","","",""
"5671","0.15661368498625058","0.15661368498625058","0.15661368498625058","","","","","",""
"5672","0.1552022422996362","0.1552022422996362","0.1552022422996362","","","","","",""
"5673","0.15848632121539202","0.15848632121539202","0.15848632121539202","","","","","",""
"5674","0.16190069614657762","0.16190069614657762","0.16190069614657762","","","","","",""
"5675","0.15615210627192158","0.15615210627192158","0.15615210627192158","","","","","",""
"5676","0.15898680557214542","0.15898680557214542","0.15898680557214542","","","","","",""
"5677","0.1588831017977316","0.1588831017977316","0.1588831017977316","","","","","",""
"5678","0.1579219010849684","0.1579219010849684","0.1579219010849684","","","","","",""
"5679","0.16022240112497613","0.16022240112497613","0.16022240112497613","","","","","",""
"5680","0.1560773285538636","0.1560773285538636","0.1560773285538636","","","","","",""
"5681","0.15698694460254992","0.15698694460254992","0.15698694460254992","","","","","",""
"5682","0.15558350098946294","0.15558350098946294","0.15558350098946294","","","","","",""
"5683","0.15817024397925777","0.15817024397925777","0.15817024397925777","","","","","",""
"5684","0.1561829532017832","0.1561829532017832","0.1561829532017832","","","","","",""
"5685","0.1559633392945319","0.1559633392945319","0.1559633392945319","","","","","",""
"5686","0.15685138411492142","0.15685138411492142","0.15685138411492142","","","","","",""
"5687","0.15647818903616886","0.15647818903616886","0.15647818903616886","","","","","",""
"5688","0.15772085206930272","0.15772085206930272","0.15772085206930272","","","","","",""
"5689","0.15762076189342308","0.15762076189342308","0.15762076189342308","","","","","",""
"5690","0.1594050457633344","0.1594050457633344","0.1594050457633344","","","","","",""
"5691","0.1575255565872276","0.1575255565872276","0.1575255565872276","","","","","",""
"5692","0.15631136105899915","0.15631136105899915","0.15631136105899915","","","","","",""
"5693","0.15747676334952446","0.15747676334952446","0.15747676334952446","","","","","",""
"5694","0.16049068995858595","0.16049068995858595","0.16049068995858595","","","","","",""
"5695","0.15775300560026304","0.15775300560026304","0.15775300560026304","","","","","",""
"5696","0.158728071911606","0.158728071911606","0.158728071911606","","","","","",""
"5697","0.15787545437498746","0.15787545437498746","0.15787545437498746","","","","","",""
"5698","0.15647915946284258","0.15647915946284258","0.15647915946284258","","","","","",""
"5699","0.15751475554126576","0.15751475554126576","0.15751475554126576","","","","","",""
"5700","0.1570997666248267","0.1570997666248267","0.1570997666248267","","","","","",""
"5701","0.15726367200262148","0.15726367200262148","0.15726367200262148","","","","","",""
"5702","0.15777468044652376","0.15777468044652376","0.15777468044652376","","","","","",""
"5703","0.15442888983764297","0.15442888983764297","0.15442888983764297","","","","","",""
"5704","0.1576704732695785","0.1576704732695785","0.1576704732695785","","","","","",""
"5705","0.15673563720951103","0.15673563720951103","0.15673563720951103","","","","","",""
"5706","0.15869458625277016","0.15869458625277016","0.15869458625277016","","","","","",""
"5707","0.15805463620602225","0.15805463620602225","0.15805463620602225","","","","","",""
"5708","0.15681512911059223","0.15681512911059223","0.15681512911059223","","","","","",""
"5709","0.16056832226459686","0.16056832226459686","0.16056832226459686","","","","","",""
"5710","0.1575379867649734","0.1575379867649734","0.1575379867649734","","","","","",""
"5711","0.15664529009313696","0.15664529009313696","0.15664529009313696","","","","","",""
"5712","0.15849309413532953","0.15849309413532953","0.15849309413532953","","","","","",""
"5713","0.15728941530521676","0.15728941530521676","0.15728941530521676","","","","","",""
"5714","0.15739831577159125","0.15739831577159125","0.15739831577159125","","","","","",""
"5715","0.1573970791030507","0.1573970791030507","0.1573970791030507","","","","","",""
"5716","0.16014892659891194","0.16014892659891194","0.16014892659891194","","","","","",""
"5717","0.15731852618310754","0.15731852618310754","0.15731852618310754","","","","","",""
"5718","0.15825180039606282","0.15825180039606282","0.15825180039606282","","","","","",""
"5719","0.15336794337072984","0.15336794337072984","0.15336794337072984","","","","","",""
"5720","0.15869700082591032","0.15869700082591032","0.15869700082591032","","","","","",""
"5721","0.15714916592063602","0.15714916592063602","0.15714916592063602","","","","","",""
"5722","0.15731769075509278","0.15731769075509278","0.15731769075509278","","","","","",""
"5723","0.15819982961963777","0.15819982961963777","0.15819982961963777","","","","","",""
"5724","0.15671899515914345","0.15671899515914345","0.15671899515914345","","","","","",""
"5725","0.15837088345483802","0.15837088345483802","0.15837088345483802","","","","","",""
"5726","0.1575310521500235","0.1575310521500235","0.1575310521500235","","","","","",""
"5727","0.15742087681435996","0.15742087681435996","0.15742087681435996","","","","","",""
"5728","0.157861609931749","0.157861609931749","0.157861609931749","","","","","",""
"5729","0.15891732612302784","0.15891732612302784","0.15891732612302784","","","","","",""
"5730","0.15587427027782258","0.15587427027782258","0.15587427027782258","","","","","",""
"5731","0.15731078769788595","0.15731078769788595","0.15731078769788595","","","","","",""
"5732","0.15616371757026182","0.15616371757026182","0.15616371757026182","","","","","",""
"5733","0.15605305288038016","0.15605305288038016","0.15605305288038016","","","","","",""
"5734","0.1582287610564094","0.1582287610564094","0.1582287610564094","","","","","",""
"5735","0.15949469737502037","0.15949469737502037","0.15949469737502037","","","","","",""
"5736","0.1575399227309737","0.1575399227309737","0.1575399227309737","","","","","",""
"5737","0.1555338628987126","0.1555338628987126","0.1555338628987126","","","","","",""
"5738","0.155399228209221","0.155399228209221","0.155399228209221","","","","","",""
"5739","0.15945822107784433","0.15945822107784433","0.15945822107784433","","","","","",""
"5740","0.15754019019331353","0.15754019019331353","0.15754019019331353","","","","","",""
"5741","0.15981649614248813","0.15981649614248813","0.15981649614248813","","","","","",""
"5742","0.15992790118311037","0.15992790118311037","0.15992790118311037","","","","","",""
"5743","0.15503369790704083","0.15503369790704083","0.15503369790704083","","","","","",""
"5744","0.15844944384875093","0.15844944384875093","0.15844944384875093","","","","","",""
"5745","0.15614401250505772","0.15614401250505772","0.15614401250505772","","","","","",""
"5746","0.15715628621379316","0.15715628621379316","0.15715628621379316","","","","","",""
"5747","0.15747952801467027","0.15747952801467027","0.15747952801467027","","","","","",""
"5748","0.1562803827977729","0.1562803827977729","0.1562803827977729","","","","","",""
"5749","0.1587902851068522","0.1587902851068522","0.1587902851068522","","","","","",""
"5750","0.15727198845292825","0.15727198845292825","0.15727198845292825","","","","","",""
"5751","0.15698937764313506","0.15698937764313506","0.15698937764313506","","","","","",""
"5752","0.1568112598598609","0.1568112598598609","0.1568112598598609","","","","","",""
"5753","0.1587138698259009","0.1587138698259009","0.1587138698259009","","","","","",""
"5754","0.15726253277174204","0.15726253277174204","0.15726253277174204","","","","","",""
"5755","0.15696051865402486","0.15696051865402486","0.15696051865402486","","","","","",""
"5756","0.16001496373995308","0.16001496373995308","0.16001496373995308","","","","","",""
"5757","0.1585724844148589","0.1585724844148589","0.1585724844148589","","","","","",""
"5758","0.15522420771217868","0.15522420771217868","0.15522420771217868","","","","","",""
"5759","0.15897457974018028","0.15897457974018028","0.15897457974018028","","","","","",""
"5760","0.15550682634679644","0.15550682634679644","0.15550682634679644","","","","","",""
"5761","0.16055970057637525","0.16055970057637525","0.16055970057637525","","","","","",""
"5762","0.15679537133961105","0.15679537133961105","0.15679537133961105","","","","","",""
"5763","0.1562085387514758","0.1562085387514758","0.1562085387514758","","","","","",""
"5764","0.15605449017645265","0.15605449017645265","0.15605449017645265","","","","","",""
"5765","0.15992417183656085","0.15992417183656085","0.15992417183656085","","","","","",""
"5766","0.15664151516687205","0.15664151516687205","0.15664151516687205","","","","","",""
"5767","0.1594025108658289","0.1594025108658289","0.1594025108658289","","","","","",""
"5768","0.1555159486293219","0.1555159486293219","0.1555159486293219","","","","","",""
"5769","0.15686655442801198","0.15686655442801198","0.15686655442801198","","","","","",""
"5770","0.1552430248961561","0.1552430248961561","0.1552430248961561","","","","","",""
"5771","0.15650772440326824","0.15650772440326824","0.15650772440326824","","","","","",""
"5772","0.15732551191980873","0.15732551191980873","0.15732551191980873","","","","","",""
"5773","0.15731107046432924","0.15731107046432924","0.15731107046432924","","","","","",""
"5774","0.1552576963416745","0.1552576963416745","0.1552576963416745","","","","","",""
"5775","0.1596269525339693","0.1596269525339693","0.1596269525339693","","","","","",""
"5776","0.15483892446246236","0.15483892446246236","0.15483892446246236","","","","","",""
"5777","0.15877239352663045","0.15877239352663045","0.15877239352663045","","","","","",""
"5778","0.1566871342995578","0.1566871342995578","0.1566871342995578","","","","","",""
"5779","0.15707928456999468","0.15707928456999468","0.15707928456999468","","","","","",""
"5780","0.1600696785020783","0.1600696785020783","0.1600696785020783","","","","","",""
"5781","0.1591563671561613","0.1591563671561613","0.1591563671561613","","","","","",""
"5782","0.15718333675179216","0.15718333675179216","0.15718333675179216","","","","","",""
"5783","0.15727430355252606","0.15727430355252606","0.15727430355252606","","","","","",""
"5784","0.15769694608624643","0.15769694608624643","0.15769694608624643","","","","","",""
"5785","0.15745318026250305","0.15745318026250305","0.15745318026250305","","","","","",""
"5786","0.15579188539756145","0.15579188539756145","0.15579188539756145","","","","","",""
"5787","0.15865977978615267","0.15865977978615267","0.15865977978615267","","","","","",""
"5788","0.15837076107598466","0.15837076107598466","0.15837076107598466","","","","","",""
"5789","0.15691040848177118","0.15691040848177118","0.15691040848177118","","","","","",""
"5790","0.1582265519727383","0.1582265519727383","0.1582265519727383","","","","","",""
"5791","0.15658577832696774","0.15658577832696774","0.15658577832696774","","","","","",""
"5792","0.1562511013800164","0.1562511013800164","0.1562511013800164","","","","","",""
"5793","0.15468334443318063","0.15468334443318063","0.15468334443318063","","","","","",""
"5794","0.1579702921060826","0.1579702921060826","0.1579702921060826","","","","","",""
"5795","0.15710917389303244","0.15710917389303244","0.15710917389303244","","","","","",""
"5796","0.1578739346174913","0.1578739346174913","0.1578739346174913","","","","","",""
"5797","0.15719346900285744","0.15719346900285744","0.15719346900285744","","","","","",""
"5798","0.15766200552697054","0.15766200552697054","0.15766200552697054","","","","","",""
"5799","0.1545357925672877","0.1545357925672877","0.1545357925672877","","","","","",""
"5800","0.15576969323186904","0.15576969323186904","0.15576969323186904","","","","","",""
"5801","0.1566811465618024","0.1566811465618024","0.1566811465618024","","","","","",""
"5802","0.1583905257005407","0.1583905257005407","0.1583905257005407","","","","","",""
"5803","0.1549045822499371","0.1549045822499371","0.1549045822499371","","","","","",""
"5804","0.15567691864963362","0.15567691864963362","0.15567691864963362","","","","","",""
"5805","0.1571609775376238","0.1571609775376238","0.1571609775376238","","","","","",""
"5806","0.15783989986432453","0.15783989986432453","0.15783989986432453","","","","","",""
"5807","0.15735100453321246","0.15735100453321246","0.15735100453321246","","","","","",""
"5808","0.15730889164598863","0.15730889164598863","0.15730889164598863","","","","","",""
"5809","0.15724069520102166","0.15724069520102166","0.15724069520102166","","","","","",""
"5810","0.15441289691359014","0.15441289691359014","0.15441289691359014","","","","","",""
"5811","0.15732366159399921","0.15732366159399921","0.15732366159399921","","","","","",""
"5812","0.15940682335051984","0.15940682335051984","0.15940682335051984","","","","","",""
"5813","0.15611204023979802","0.15611204023979802","0.15611204023979802","","","","","",""
"5814","0.15765577354276059","0.15765577354276059","0.15765577354276059","","","","","",""
"5815","0.15666221380180292","0.15666221380180292","0.15666221380180292","","","","","",""
"5816","0.15807328792281328","0.15807328792281328","0.15807328792281328","","","","","",""
"5817","0.15600260106620562","0.15600260106620562","0.15600260106620562","","","","","",""
"5818","0.15811538888340762","0.15811538888340762","0.15811538888340762","","","","","",""
"5819","0.15552655091985362","0.15552655091985362","0.15552655091985362","","","","","",""
"5820","0.1588836711335293","0.1588836711335293","0.1588836711335293","","","","","",""
"5821","0.15787101684947322","0.15787101684947322","0.15787101684947322","","","","","",""
"5822","0.1570041266406338","0.1570041266406338","0.1570041266406338","","","","","",""
"5823","0.15667670759036473","0.15667670759036473","0.15667670759036473","","","","","",""
"5824","0.15543310131451912","0.15543310131451912","0.15543310131451912","","","","","",""
"5825","0.15897021377870182","0.15897021377870182","0.15897021377870182","","","","","",""
"5826","0.15634207138334308","0.15634207138334308","0.15634207138334308","","","","","",""
"5827","0.15574399940103642","0.15574399940103642","0.15574399940103642","","","","","",""
"5828","0.1563869183511639","0.1563869183511639","0.1563869183511639","","","","","",""
"5829","0.15798302296655944","0.15798302296655944","0.15798302296655944","","","","","",""
"5830","0.15625206310306652","0.15625206310306652","0.15625206310306652","","","","","",""
"5831","0.15554458623051634","0.15554458623051634","0.15554458623051634","","","","","",""
"5832","0.15633128313647496","0.15633128313647496","0.15633128313647496","","","","","",""
"5833","0.1563079607845581","0.1563079607845581","0.1563079607845581","","","","","",""
"5834","0.1537465235537103","0.1537465235537103","0.1537465235537103","","","","","",""
"5835","0.15749270229470128","0.15749270229470128","0.15749270229470128","","","","","",""
"5836","0.15536204409163726","0.15536204409163726","0.15536204409163726","","","","","",""
"5837","0.15842060968678146","0.15842060968678146","0.15842060968678146","","","","","",""
"5838","0.15716401612449177","0.15716401612449177","0.15716401612449177","","","","","",""
"5839","0.15572930958431555","0.15572930958431555","0.15572930958431555","","","","","",""
"5840","0.15592796892341013","0.15592796892341013","0.15592796892341013","","","","","",""
"5841","0.15641303199006895","0.15641303199006895","0.15641303199006895","","","","","",""
"5842","0.15591679175774212","0.15591679175774212","0.15591679175774212","","","","","",""
"5843","0.15660470438779575","0.15660470438779575","0.15660470438779575","","","","","",""
"5844","0.15790640731818953","0.15790640731818953","0.15790640731818953","","","","","",""
"5845","0.15607615408030726","0.15607615408030726","0.15607615408030726","","","","","",""
"5846","0.15807673899515315","0.15807673899515315","0.15807673899515315","","","","","",""
"5847","0.1553727555734943","0.1553727555734943","0.1553727555734943","","","","","",""
"5848","0.15588847385262908","0.15588847385262908","0.15588847385262908","","","","","",""
"5849","0.1563677632016172","0.1563677632016172","0.1563677632016172","","","","","",""
"5850","0.1580403511286273","0.1580403511286273","0.1580403511286273","","","","","",""
"5851","0.15871252788991425","0.15871252788991425","0.15871252788991425","","","","","",""
"5852","0.16061490056418068","0.16061490056418068","0.16061490056418068","","","","","",""
"5853","0.15538542457921561","0.15538542457921561","0.15538542457921561","","","","","",""
"5854","0.1554442516080733","0.1554442516080733","0.1554442516080733","","","","","",""
"5855","0.15741743422208163","0.15741743422208163","0.15741743422208163","","","","","",""
"5856","0.15804806760509996","0.15804806760509996","0.15804806760509996","","","","","",""
"5857","0.15548001975227635","0.15548001975227635","0.15548001975227635","","","","","",""
"5858","0.15614191821573306","0.15614191821573306","0.15614191821573306","","","","","",""
"5859","0.15457561450767585","0.15457561450767585","0.15457561450767585","","","","","",""
"5860","0.15606386884093407","0.15606386884093407","0.15606386884093407","","","","","",""
"5861","0.15845737557897385","0.15845737557897385","0.15845737557897385","","","","","",""
"5862","0.15602280701924087","0.15602280701924087","0.15602280701924087","","","","","",""
"5863","0.15633948027565292","0.15633948027565292","0.15633948027565292","","","","","",""
"5864","0.15919156140401386","0.15919156140401386","0.15919156140401386","","","","","",""
"5865","0.15851009138773337","0.15851009138773337","0.15851009138773337","","","","","",""
"5866","0.1572335402138124","0.1572335402138124","0.1572335402138124","","","","","",""
"5867","0.15518522181305097","0.15518522181305097","0.15518522181305097","","","","","",""
"5868","0.15830868593042222","0.15830868593042222","0.15830868593042222","","","","","",""
"5869","0.15582888358961033","0.15582888358961033","0.15582888358961033","","","","","",""
"5870","0.15687189162580542","0.15687189162580542","0.15687189162580542","","","","","",""
"5871","0.15621253631310875","0.15621253631310875","0.15621253631310875","","","","","",""
"5872","0.16012474408644128","0.16012474408644128","0.16012474408644128","","","","","",""
"5873","0.15523119402434182","0.15523119402434182","0.15523119402434182","","","","","",""
"5874","0.15520554306203033","0.15520554306203033","0.15520554306203033","","","","","",""
"5875","0.15854076185397073","0.15854076185397073","0.15854076185397073","","","","","",""
"5876","0.15709648725927552","0.15709648725927552","0.15709648725927552","","","","","",""
"5877","0.1573762850542336","0.1573762850542336","0.1573762850542336","","","","","",""
"5878","0.1571393680328601","0.1571393680328601","0.1571393680328601","","","","","",""
"5879","0.15805444609702807","0.15805444609702807","0.15805444609702807","","","","","",""
"5880","0.159587483196632","0.159587483196632","0.159587483196632","","","","","",""
"5881","0.1555553561431088","0.1555553561431088","0.1555553561431088","","","","","",""
"5882","0.157926498300177","0.157926498300177","0.157926498300177","","","","","",""
"5883","0.15733878749211352","0.15733878749211352","0.15733878749211352","","","","","",""
"5884","0.15787212960055294","0.15787212960055294","0.15787212960055294","","","","","",""
"5885","0.15741841621396963","0.15741841621396963","0.15741841621396963","","","","","",""
"5886","0.15484075133294378","0.15484075133294378","0.15484075133294378","","","","","",""
"5887","0.1553474224671978","0.1553474224671978","0.1553474224671978","","","","","",""
"5888","0.15496047581897182","0.15496047581897182","0.15496047581897182","","","","","",""
"5889","0.15465102776680759","0.15465102776680759","0.15465102776680759","","","","","",""
"5890","0.15899087733101683","0.15899087733101683","0.15899087733101683","","","","","",""
"5891","0.1566802764363381","0.1566802764363381","0.1566802764363381","","","","","",""
"5892","0.15671943235013744","0.15671943235013744","0.15671943235013744","","","","","",""
"5893","0.16063215132567096","0.16063215132567096","0.16063215132567096","","","","","",""
"5894","0.15615377491280752","0.15615377491280752","0.15615377491280752","","","","","",""
"5895","0.16050134528509377","0.16050134528509377","0.16050134528509377","","","","","",""
"5896","0.15662839605617876","0.15662839605617876","0.15662839605617876","","","","","",""
"5897","0.1565314230006522","0.1565314230006522","0.1565314230006522","","","","","",""
"5898","0.15572853226627323","0.15572853226627323","0.15572853226627323","","","","","",""
"5899","0.1536166780280079","0.1536166780280079","0.1536166780280079","","","","","",""
"5900","0.15792399025308823","0.15792399025308823","0.15792399025308823","","","","","",""
"5901","0.1590653505909984","0.1590653505909984","0.1590653505909984","","","","","",""
"5902","0.15537098219836917","0.15537098219836917","0.15537098219836917","","","","","",""
"5903","0.1554101861089607","0.1554101861089607","0.1554101861089607","","","","","",""
"5904","0.1583562701709347","0.1583562701709347","0.1583562701709347","","","","","",""
"5905","0.1581083553493873","0.1581083553493873","0.1581083553493873","","","","","",""
"5906","0.15655749569230845","0.15655749569230845","0.15655749569230845","","","","","",""
"5907","0.15710840934988876","0.15710840934988876","0.15710840934988876","","","","","",""
"5908","0.15505974944714734","0.15505974944714734","0.15505974944714734","","","","","",""
"5909","0.15811980184630506","0.15811980184630506","0.15811980184630506","","","","","",""
"5910","0.15592940111968948","0.15592940111968948","0.15592940111968948","","","","","",""
"5911","0.15567363635336642","0.15567363635336642","0.15567363635336642","","","","","",""
"5912","0.15819179391812213","0.15819179391812213","0.15819179391812213","","","","","",""
"5913","0.15782582136298634","0.15782582136298634","0.15782582136298634","","","","","",""
"5914","0.15557585512483496","0.15557585512483496","0.15557585512483496","","","","","",""
"5915","0.156520246893653","0.156520246893653","0.156520246893653","","","","","",""
"5916","0.15738437026264906","0.15738437026264906","0.15738437026264906","","","","","",""
"5917","0.1559851007449429","0.1559851007449429","0.1559851007449429","","","","","",""
"5918","0.15643221385847914","0.15643221385847914","0.15643221385847914","","","","","",""
"5919","0.1555049455874409","0.1555049455874409","0.1555049455874409","","","","","",""
"5920","0.15756253423466363","0.15756253423466363","0.15756253423466363","","","","","",""
"5921","0.15879542681248554","0.15879542681248554","0.15879542681248554","","","","","",""
"5922","0.15587240797537585","0.15587240797537585","0.15587240797537585","","","","","",""
"5923","0.15737880136254437","0.15737880136254437","0.15737880136254437","","","","","",""
"5924","0.15651499653496745","0.15651499653496745","0.15651499653496745","","","","","",""
"5925","0.1571321544438757","0.1571321544438757","0.1571321544438757","","","","","",""
"5926","0.15814289535516038","0.15814289535516038","0.15814289535516038","","","","","",""
"5927","0.1558891018968338","0.1558891018968338","0.1558891018968338","","","","","",""
"5928","0.15571617743183208","0.15571617743183208","0.15571617743183208","","","","","",""
"5929","0.15598608843110476","0.15598608843110476","0.15598608843110476","","","","","",""
"5930","0.15615697957794808","0.15615697957794808","0.15615697957794808","","","","","",""
"5931","0.15523195762378414","0.15523195762378414","0.15523195762378414","","","","","",""
"5932","0.16191840999168763","0.16191840999168763","0.16191840999168763","","","","","",""
"5933","0.15579620752507972","0.15579620752507972","0.15579620752507972","","","","","",""
"5934","0.15462379337917462","0.15462379337917462","0.15462379337917462","","","","","",""
"5935","0.1578217620199718","0.1578217620199718","0.1578217620199718","","","","","",""
"5936","0.1563026190310078","0.1563026190310078","0.1563026190310078","","","","","",""
"5937","0.1588890432972429","0.1588890432972429","0.1588890432972429","","","","","",""
"5938","0.15810061123791128","0.15810061123791128","0.15810061123791128","","","","","",""
"5939","0.15518058722855177","0.15518058722855177","0.15518058722855177","","","","","",""
"5940","0.15604765421639946","0.15604765421639946","0.15604765421639946","","","","","",""
"5941","0.1555319357297741","0.1555319357297741","0.1555319357297741","","","","","",""
"5942","0.15910205628797144","0.15910205628797144","0.15910205628797144","","","","","",""
"5943","0.15670074498683473","0.15670074498683473","0.15670074498683473","","","","","",""
"5944","0.15884217585719834","0.15884217585719834","0.15884217585719834","","","","","",""
"5945","0.15797243991310664","0.15797243991310664","0.15797243991310664","","","","","",""
"5946","0.1568228148714512","0.1568228148714512","0.1568228148714512","","","","","",""
"5947","0.15581827126866324","0.15581827126866324","0.15581827126866324","","","","","",""
"5948","0.15583355650162298","0.15583355650162298","0.15583355650162298","","","","","",""
"5949","0.15311372675522242","0.15311372675522242","0.15311372675522242","","","","","",""
"5950","0.15846074391873108","0.15846074391873108","0.15846074391873108","","","","","",""
"5951","0.1568635873124776","0.1568635873124776","0.1568635873124776","","","","","",""
"5952","0.15667308189574633","0.15667308189574633","0.15667308189574633","","","","","",""
"5953","0.15345449200571584","0.15345449200571584","0.15345449200571584","","","","","",""
"5954","0.1541587967090872","0.1541587967090872","0.1541587967090872","","","","","",""
"5955","0.15668882362799572","0.15668882362799572","0.15668882362799572","","","","","",""
"5956","0.15821621919102816","0.15821621919102816","0.15821621919102816","","","","","",""
"5957","0.15696849129660043","0.15696849129660043","0.15696849129660043","","","","","",""
"5958","0.15704074511816948","0.15704074511816948","0.15704074511816948","","","","","",""
"5959","0.15561226067160597","0.15561226067160597","0.15561226067160597","","","","","",""
"5960","0.1572536236953507","0.1572536236953507","0.1572536236953507","","","","","",""
"5961","0.1559329417797978","0.1559329417797978","0.1559329417797978","","","","","",""
"5962","0.1563604661213798","0.1563604661213798","0.1563604661213798","","","","","",""
"5963","0.15813435032102155","0.15813435032102155","0.15813435032102155","","","","","",""
"5964","0.15797551292495793","0.15797551292495793","0.15797551292495793","","","","","",""
"5965","0.15507388514187062","0.15507388514187062","0.15507388514187062","","","","","",""
"5966","0.15889078612873914","0.15889078612873914","0.15889078612873914","","","","","",""
"5967","0.15772499605978088","0.15772499605978088","0.15772499605978088","","","","","",""
"5968","0.15712867981848747","0.15712867981848747","0.15712867981848747","","","","","",""
"5969","0.1576769392445701","0.1576769392445701","0.1576769392445701","","","","","",""
"5970","0.15621073307612152","0.15621073307612152","0.15621073307612152","","","","","",""
"5971","0.1564464873677481","0.1564464873677481","0.1564464873677481","","","","","",""
"5972","0.15521019864408553","0.15521019864408553","0.15521019864408553","","","","","",""
"5973","0.15708945970275753","0.15708945970275753","0.15708945970275753","","","","","",""
"5974","0.16004522150997316","0.16004522150997316","0.16004522150997316","","","","","",""
"5975","0.15859779739644805","0.15859779739644805","0.15859779739644805","","","","","",""
"5976","0.15765037502850984","0.15765037502850984","0.15765037502850984","","","","","",""
"5977","0.1569604932025361","0.1569604932025361","0.1569604932025361","","","","","",""
"5978","0.16028085940741976","0.16028085940741976","0.16028085940741976","","","","","",""
"5979","0.1578451715181405","0.1578451715181405","0.1578451715181405","","","","","",""
"5980","0.15586238340540445","0.15586238340540445","0.15586238340540445","","","","","",""
"5981","0.1535912458481926","0.1535912458481926","0.1535912458481926","","","","","",""
"5982","0.15610552016749132","0.15610552016749132","0.15610552016749132","","","","","",""
"5983","0.15818423880563182","0.15818423880563182","0.15818423880563182","","","","","",""
"5984","0.15884771004854473","0.15884771004854473","0.15884771004854473","","","","","",""
"5985","0.15816714176582067","0.15816714176582067","0.15816714176582067","","","","","",""
"5986","0.15771807612378994","0.15771807612378994","0.15771807612378994","","","","","",""
"5987","0.15678439384347462","0.15678439384347462","0.15678439384347462","","","","","",""
"5988","0.1569789748373461","0.1569789748373461","0.1569789748373461","","","","","",""
"5989","0.15386267162945108","0.15386267162945108","0.15386267162945108","","","","","",""
"5990","0.1549749959425002","0.1549749959425002","0.1549749959425002","","","","","",""
"5991","0.1561141489735197","0.1561141489735197","0.1561141489735197","","","","","",""
"5992","0.158160742419979","0.158160742419979","0.158160742419979","","","","","",""
"5993","0.1571524020693085","0.1571524020693085","0.1571524020693085","","","","","",""
"5994","0.15670998829075744","0.15670998829075744","0.15670998829075744","","","","","",""
"5995","0.15671983760687117","0.15671983760687117","0.15671983760687117","","","","","",""
"5996","0.15940140422992985","0.15940140422992985","0.15940140422992985","","","","","",""
"5997","0.15629920022112884","0.15629920022112884","0.15629920022112884","","","","","",""
"5998","0.1572219282705584","0.1572219282705584","0.1572219282705584","","","","","",""
"5999","0.15487666176707351","0.15487666176707351","0.15487666176707351","","","","","",""
"6000","0.15684054239105127","0.15684054239105127","0.15684054239105127","","","","","",""
"6001","0.15553985927839256","0.15553985927839256","0.15553985927839256","","","","","",""
"6002","0.15944424639388718","0.15944424639388718","0.15944424639388718","","","","","",""
"6003","0.1603439815914131","0.1603439815914131","0.1603439815914131","","","","","",""
"6004","0.15683865335978717","0.15683865335978717","0.15683865335978717","","","","","",""
"6005","0.15869123097764679","0.15869123097764679","0.15869123097764679","","","","","",""
"6006","0.15451469319388353","0.15451469319388353","0.15451469319388353","","","","","",""
"6007","0.15655630448501276","0.15655630448501276","0.15655630448501276","","","","","",""
"6008","0.15691610885047938","0.15691610885047938","0.15691610885047938","","","","","",""
"6009","0.15565740266333403","0.15565740266333403","0.15565740266333403","","","","","",""
"6010","0.15976416054713258","0.15976416054713258","0.15976416054713258","","","","","",""
"6011","0.15816130924683316","0.15816130924683316","0.15816130924683316","","","","","",""
"6012","0.15864065695155014","0.15864065695155014","0.15864065695155014","","","","","",""
"6013","0.15816455776400537","0.15816455776400537","0.15816455776400537","","","","","",""
"6014","0.15494289071913186","0.15494289071913186","0.15494289071913186","","","","","",""
"6015","0.15727112329068146","0.15727112329068146","0.15727112329068146","","","","","",""
"6016","0.15923920772445985","0.15923920772445985","0.15923920772445985","","","","","",""
"6017","0.15648810841103258","0.15648810841103258","0.15648810841103258","","","","","",""
"6018","0.15505987741605698","0.15505987741605698","0.15505987741605698","","","","","",""
"6019","0.15944568895097624","0.15944568895097624","0.15944568895097624","","","","","",""
"6020","0.15748363027323706","0.15748363027323706","0.15748363027323706","","","","","",""
"6021","0.1604823753024736","0.1604823753024736","0.1604823753024736","","","","","",""
"6022","0.1589722673880439","0.1589722673880439","0.1589722673880439","","","","","",""
"6023","0.15699766599193563","0.15699766599193563","0.15699766599193563","","","","","",""
"6024","0.15792971741410178","0.15792971741410178","0.15792971741410178","","","","","",""
"6025","0.15514962160268442","0.15514962160268442","0.15514962160268442","","","","","",""
"6026","0.156855428128126","0.156855428128126","0.156855428128126","","","","","",""
"6027","0.15674754309559266","0.15674754309559266","0.15674754309559266","","","","","",""
"6028","0.15846458874408542","0.15846458874408542","0.15846458874408542","","","","","",""
"6029","0.15676081291300006","0.15676081291300006","0.15676081291300006","","","","","",""
"6030","0.15932382178228824","0.15932382178228824","0.15932382178228824","","","","","",""
"6031","0.15433661780883967","0.15433661780883967","0.15433661780883967","","","","","",""
"6032","0.155889199797285","0.155889199797285","0.155889199797285","","","","","",""
"6033","0.15454707179586907","0.15454707179586907","0.15454707179586907","","","","","",""
"6034","0.1581551080309502","0.1581551080309502","0.1581551080309502","","","","","",""
"6035","0.15884836229262292","0.15884836229262292","0.15884836229262292","","","","","",""
"6036","0.15728833012808288","0.15728833012808288","0.15728833012808288","","","","","",""
"6037","0.15709660846668613","0.15709660846668613","0.15709660846668613","","","","","",""
"6038","0.15779681351531072","0.15779681351531072","0.15779681351531072","","","","","",""
"6039","0.15777702521553905","0.15777702521553905","0.15777702521553905","","","","","",""
"6040","0.15841898631464488","0.15841898631464488","0.15841898631464488","","","","","",""
"6041","0.1577689423729211","0.1577689423729211","0.1577689423729211","","","","","",""
"6042","0.156013926034705","0.156013926034705","0.156013926034705","","","","","",""
"6043","0.15659250345265993","0.15659250345265993","0.15659250345265993","","","","","",""
"6044","0.15753989606745408","0.15753989606745408","0.15753989606745408","","","","","",""
"6045","0.15504119980513462","0.15504119980513462","0.15504119980513462","","","","","",""
"6046","0.15645080586936186","0.15645080586936186","0.15645080586936186","","","","","",""
"6047","0.15628388298714688","0.15628388298714688","0.15628388298714688","","","","","",""
"6048","0.1589037031786632","0.1589037031786632","0.1589037031786632","","","","","",""
"6049","0.1569640949815937","0.1569640949815937","0.1569640949815937","","","","","",""
"6050","0.1586108719878024","0.1586108719878024","0.1586108719878024","","","","","",""
"6051","0.15857715628065594","0.15857715628065594","0.15857715628065594","","","","","",""
"6052","0.15664261319976114","0.15664261319976114","0.15664261319976114","","","","","",""
"6053","0.15435796271371646","0.15435796271371646","0.15435796271371646","","","","","",""
"6054","0.15557701061418608","0.15557701061418608","0.15557701061418608","","","","","",""
"6055","0.15772495557186603","0.15772495557186603","0.15772495557186603","","","","","",""
"6056","0.16103622718717497","0.16103622718717497","0.16103622718717497","","","","","",""
"6057","0.15792778654333323","0.15792778654333323","0.15792778654333323","","","","","",""
"6058","0.16015789305335895","0.16015789305335895","0.16015789305335895","","","","","",""
"6059","0.15985719955533015","0.15985719955533015","0.15985719955533015","","","","","",""
"6060","0.15779384569085983","0.15779384569085983","0.15779384569085983","","","","","",""
"6061","0.15987420789852322","0.15987420789852322","0.15987420789852322","","","","","",""
"6062","0.1544503476354222","0.1544503476354222","0.1544503476354222","","","","","",""
"6063","0.15546487229633033","0.15546487229633033","0.15546487229633033","","","","","",""
"6064","0.15907729359847161","0.15907729359847161","0.15907729359847161","","","","","",""
"6065","0.15736245100525112","0.15736245100525112","0.15736245100525112","","","","","",""
"6066","0.15540700149820408","0.15540700149820408","0.15540700149820408","","","","","",""
"6067","0.15624700885191709","0.15624700885191709","0.15624700885191709","","","","","",""
"6068","0.1573795136514439","0.1573795136514439","0.1573795136514439","","","","","",""
"6069","0.1570438596542165","0.1570438596542165","0.1570438596542165","","","","","",""
"6070","0.15621498981957696","0.15621498981957696","0.15621498981957696","","","","","",""
"6071","0.15579441409795894","0.15579441409795894","0.15579441409795894","","","","","",""
"6072","0.15689308328852972","0.15689308328852972","0.15689308328852972","","","","","",""
"6073","0.15599688328700018","0.15599688328700018","0.15599688328700018","","","","","",""
"6074","0.16069529379285727","0.16069529379285727","0.16069529379285727","","","","","",""
"6075","0.15511963385749686","0.15511963385749686","0.15511963385749686","","","","","",""
"6076","0.15882455123035513","0.15882455123035513","0.15882455123035513","","","","","",""
"6077","0.15496910331829875","0.15496910331829875","0.15496910331829875","","","","","",""
"6078","0.16042286339395648","0.16042286339395648","0.16042286339395648","","","","","",""
"6079","0.15573675646753912","0.15573675646753912","0.15573675646753912","","","","","",""
"6080","0.15887353749204677","0.15887353749204677","0.15887353749204677","","","","","",""
"6081","0.1600942428977395","0.1600942428977395","0.1600942428977395","","","","","",""
"6082","0.159848098139023","0.159848098139023","0.159848098139023","","","","","",""
"6083","0.15980354568047409","0.15980354568047409","0.15980354568047409","","","","","",""
"6084","0.15654372488319512","0.15654372488319512","0.15654372488319512","","","","","",""
"6085","0.15926203789688645","0.15926203789688645","0.15926203789688645","","","","","",""
"6086","0.1588468275557682","0.1588468275557682","0.1588468275557682","","","","","",""
"6087","0.15563825738082657","0.15563825738082657","0.15563825738082657","","","","","",""
"6088","0.1563415019283349","0.1563415019283349","0.1563415019283349","","","","","",""
"6089","0.15677099325045415","0.15677099325045415","0.15677099325045415","","","","","",""
"6090","0.15819677437271815","0.15819677437271815","0.15819677437271815","","","","","",""
"6091","0.15719737354586524","0.15719737354586524","0.15719737354586524","","","","","",""
"6092","0.1580673691876007","0.1580673691876007","0.1580673691876007","","","","","",""
"6093","0.15590949342310623","0.15590949342310623","0.15590949342310623","","","","","",""
"6094","0.15416394258004376","0.15416394258004376","0.15416394258004376","","","","","",""
"6095","0.155884325111538","0.155884325111538","0.155884325111538","","","","","",""
"6096","0.15586974031419776","0.15586974031419776","0.15586974031419776","","","","","",""
"6097","0.1541177284065788","0.1541177284065788","0.1541177284065788","","","","","",""
"6098","0.15653084464437836","0.15653084464437836","0.15653084464437836","","","","","",""
"6099","0.1590376272948764","0.1590376272948764","0.1590376272948764","","","","","",""
"6100","0.15656217545614537","0.15656217545614537","0.15656217545614537","","","","","",""
"6101","0.1571217165457395","0.1571217165457395","0.1571217165457395","","","","","",""
"6102","0.15785794311035894","0.15785794311035894","0.15785794311035894","","","","","",""
"6103","0.15700065770897956","0.15700065770897956","0.15700065770897956","","","","","",""
"6104","0.15654794512103473","0.15654794512103473","0.15654794512103473","","","","","",""
"6105","0.15532813202886722","0.15532813202886722","0.15532813202886722","","","","","",""
"6106","0.15772780081238255","0.15772780081238255","0.15772780081238255","","","","","",""
"6107","0.15622873912609944","0.15622873912609944","0.15622873912609944","","","","","",""
"6108","0.1552288820866091","0.1552288820866091","0.1552288820866091","","","","","",""
"6109","0.15725728070950243","0.15725728070950243","0.15725728070950243","","","","","",""
"6110","0.1555599535274882","0.1555599535274882","0.1555599535274882","","","","","",""
"6111","0.1575433237483211","0.1575433237483211","0.1575433237483211","","","","","",""
"6112","0.15650774580993396","0.15650774580993396","0.15650774580993396","","","","","",""
"6113","0.1575387454182934","0.1575387454182934","0.1575387454182934","","","","","",""
"6114","0.15680156684294377","0.15680156684294377","0.15680156684294377","","","","","",""
"6115","0.1564570846376728","0.1564570846376728","0.1564570846376728","","","","","",""
"6116","0.15629067499458632","0.15629067499458632","0.15629067499458632","","","","","",""
"6117","0.157567758019428","0.157567758019428","0.157567758019428","","","","","",""
"6118","0.15922096137974506","0.15922096137974506","0.15922096137974506","","","","","",""
"6119","0.15688527170116676","0.15688527170116676","0.15688527170116676","","","","","",""
"6120","0.15819053386179036","0.15819053386179036","0.15819053386179036","","","","","",""
"6121","0.15684293736283075","0.15684293736283075","0.15684293736283075","","","","","",""
"6122","0.15812534137874357","0.15812534137874357","0.15812534137874357","","","","","",""
"6123","0.1543904505599987","0.1543904505599987","0.1543904505599987","","","","","",""
"6124","0.15731898009736428","0.15731898009736428","0.15731898009736428","","","","","",""
"6125","0.15589813160216134","0.15589813160216134","0.15589813160216134","","","","","",""
"6126","0.15578983826643514","0.15578983826643514","0.15578983826643514","","","","","",""
"6127","0.15582479385366169","0.15582479385366169","0.15582479385366169","","","","","",""
"6128","0.15785507232473958","0.15785507232473958","0.15785507232473958","","","","","",""
"6129","0.15457710550173623","0.15457710550173623","0.15457710550173623","","","","","",""
"6130","0.15627125530209185","0.15627125530209185","0.15627125530209185","","","","","",""
"6131","0.154804960218202","0.154804960218202","0.154804960218202","","","","","",""
"6132","0.1573449217732016","0.1573449217732016","0.1573449217732016","","","","","",""
"6133","0.1603777531837707","0.1603777531837707","0.1603777531837707","","","","","",""
"6134","0.15546020187642712","0.15546020187642712","0.15546020187642712","","","","","",""
"6135","0.15888547339597878","0.15888547339597878","0.15888547339597878","","","","","",""
"6136","0.15645112442218076","0.15645112442218076","0.15645112442218076","","","","","",""
"6137","0.15546510366081087","0.15546510366081087","0.15546510366081087","","","","","",""
"6138","0.15510491049725658","0.15510491049725658","0.15510491049725658","","","","","",""
"6139","0.15627443105575878","0.15627443105575878","0.15627443105575878","","","","","",""
"6140","0.15667414832611176","0.15667414832611176","0.15667414832611176","","","","","",""
"6141","0.1558646052282481","0.1558646052282481","0.1558646052282481","","","","","",""
"6142","0.15630780403028025","0.15630780403028025","0.15630780403028025","","","","","",""
"6143","0.15554237597450804","0.15554237597450804","0.15554237597450804","","","","","",""
"6144","0.15843484884927264","0.15843484884927264","0.15843484884927264","","","","","",""
"6145","0.15330413500003184","0.15330413500003184","0.15330413500003184","","","","","",""
"6146","0.15656244571486747","0.15656244571486747","0.15656244571486747","","","","","",""
"6147","0.1574122477370415","0.1574122477370415","0.1574122477370415","","","","","",""
"6148","0.15812788088123317","0.15812788088123317","0.15812788088123317","","","","","",""
"6149","0.15738756443236487","0.15738756443236487","0.15738756443236487","","","","","",""
"6150","0.1572412867343533","0.1572412867343533","0.1572412867343533","","","","","",""
"6151","0.15468085998592454","0.15468085998592454","0.15468085998592454","","","","","",""
"6152","0.15922596906142844","0.15922596906142844","0.15922596906142844","","","","","",""
"6153","0.15631679765150736","0.15631679765150736","0.15631679765150736","","","","","",""
"6154","0.15737471241057244","0.15737471241057244","0.15737471241057244","","","","","",""
"6155","0.15736004606250245","0.15736004606250245","0.15736004606250245","","","","","",""
"6156","0.1585428060652442","0.1585428060652442","0.1585428060652442","","","","","",""
"6157","0.15516128146391375","0.15516128146391375","0.15516128146391375","","","","","",""
"6158","0.15939911862793668","0.15939911862793668","0.15939911862793668","","","","","",""
"6159","0.15590721118432627","0.15590721118432627","0.15590721118432627","","","","","",""
"6160","0.15733286007422492","0.15733286007422492","0.15733286007422492","","","","","",""
"6161","0.1545611571427938","0.1545611571427938","0.1545611571427938","","","","","",""
"6162","0.15477995100316183","0.15477995100316183","0.15477995100316183","","","","","",""
"6163","0.15682545269736212","0.15682545269736212","0.15682545269736212","","","","","",""
"6164","0.15843286342376672","0.15843286342376672","0.15843286342376672","","","","","",""
"6165","0.15931362185146328","0.15931362185146328","0.15931362185146328","","","","","",""
"6166","0.15512994023739704","0.15512994023739704","0.15512994023739704","","","","","",""
"6167","0.15506279846622925","0.15506279846622925","0.15506279846622925","","","","","",""
"6168","0.15729943188903248","0.15729943188903248","0.15729943188903248","","","","","",""
"6169","0.1563045866689539","0.1563045866689539","0.1563045866689539","","","","","",""
"6170","0.15386896988166113","0.15386896988166113","0.15386896988166113","","","","","",""
"6171","0.15735555842821494","0.15735555842821494","0.15735555842821494","","","","","",""
"6172","0.15956336356480053","0.15956336356480053","0.15956336356480053","","","","","",""
"6173","0.15742952369081512","0.15742952369081512","0.15742952369081512","","","","","",""
"6174","0.1596195282999794","0.1596195282999794","0.1596195282999794","","","","","",""
"6175","0.15697999330517298","0.15697999330517298","0.15697999330517298","","","","","",""
"6176","0.1600631928203483","0.1600631928203483","0.1600631928203483","","","","","",""
"6177","0.15890557111875783","0.15890557111875783","0.15890557111875783","","","","","",""
"6178","0.1574544400974382","0.1574544400974382","0.1574544400974382","","","","","",""
"6179","0.15863212569468835","0.15863212569468835","0.15863212569468835","","","","","",""
"6180","0.15420317027233857","0.15420317027233857","0.15420317027233857","","","","","",""
"6181","0.15628758083101277","0.15628758083101277","0.15628758083101277","","","","","",""
"6182","0.1572067985567123","0.1572067985567123","0.1572067985567123","","","","","",""
"6183","0.1560952960725366","0.1560952960725366","0.1560952960725366","","","","","",""
"6184","0.15740600531671803","0.15740600531671803","0.15740600531671803","","","","","",""
"6185","0.15761315991460803","0.15761315991460803","0.15761315991460803","","","","","",""
"6186","0.1570985177430453","0.1570985177430453","0.1570985177430453","","","","","",""
"6187","0.1561810217518876","0.1561810217518876","0.1561810217518876","","","","","",""
"6188","0.1561099162611378","0.1561099162611378","0.1561099162611378","","","","","",""
"6189","0.15908983952330666","0.15908983952330666","0.15908983952330666","","","","","",""
"6190","0.15860584815755424","0.15860584815755424","0.15860584815755424","","","","","",""
"6191","0.1574192474140189","0.1574192474140189","0.1574192474140189","","","","","",""
"6192","0.15324683229524508","0.15324683229524508","0.15324683229524508","","","","","",""
"6193","0.1589252625228613","0.1589252625228613","0.1589252625228613","","","","","",""
"6194","0.15807027760400053","0.15807027760400053","0.15807027760400053","","","","","",""
"6195","0.15904058416046818","0.15904058416046818","0.15904058416046818","","","","","",""
"6196","0.16098281765081357","0.16098281765081357","0.16098281765081357","","","","","",""
"6197","0.15565262891776402","0.15565262891776402","0.15565262891776402","","","","","",""
"6198","0.15601387992665197","0.15601387992665197","0.15601387992665197","","","","","",""
"6199","0.15297337620330873","0.15297337620330873","0.15297337620330873","","","","","",""
"6200","0.1552306438428894","0.1552306438428894","0.1552306438428894","","","","","",""
"6201","0.15621889022112292","0.15621889022112292","0.15621889022112292","","","","","",""
"6202","0.1570136238159673","0.1570136238159673","0.1570136238159673","","","","","",""
"6203","0.15846114747029713","0.15846114747029713","0.15846114747029713","","","","","",""
"6204","0.15836473573576496","0.15836473573576496","0.15836473573576496","","","","","",""
"6205","0.1569123519905765","0.1569123519905765","0.1569123519905765","","","","","",""
"6206","0.15619295101802913","0.15619295101802913","0.15619295101802913","","","","","",""
"6207","0.1583986297000858","0.1583986297000858","0.1583986297000858","","","","","",""
"6208","0.15739440481767517","0.15739440481767517","0.15739440481767517","","","","","",""
"6209","0.1579534188031003","0.1579534188031003","0.1579534188031003","","","","","",""
"6210","0.15570965694552977","0.15570965694552977","0.15570965694552977","","","","","",""
"6211","0.15784047845852975","0.15784047845852975","0.15784047845852975","","","","","",""
"6212","0.15875103880667318","0.15875103880667318","0.15875103880667318","","","","","",""
"6213","0.15640041041846228","0.15640041041846228","0.15640041041846228","","","","","",""
"6214","0.15570492265454347","0.15570492265454347","0.15570492265454347","","","","","",""
"6215","0.15637146968383184","0.15637146968383184","0.15637146968383184","","","","","",""
"6216","0.1574023103784404","0.1574023103784404","0.1574023103784404","","","","","",""
"6217","0.15927727513154308","0.15927727513154308","0.15927727513154308","","","","","",""
"6218","0.15835517139358982","0.15835517139358982","0.15835517139358982","","","","","",""
"6219","0.15506017420985554","0.15506017420985554","0.15506017420985554","","","","","",""
"6220","0.15398415257939507","0.15398415257939507","0.15398415257939507","","","","","",""
"6221","0.1569211250592111","0.1569211250592111","0.1569211250592111","","","","","",""
"6222","0.15682797315546923","0.15682797315546923","0.15682797315546923","","","","","",""
"6223","0.15925537794751807","0.15925537794751807","0.15925537794751807","","","","","",""
"6224","0.1588955941298289","0.1588955941298289","0.1588955941298289","","","","","",""
"6225","0.1573881120553726","0.1573881120553726","0.1573881120553726","","","","","",""
"6226","0.15895816297248025","0.15895816297248025","0.15895816297248025","","","","","",""
"6227","0.1552162688857011","0.1552162688857011","0.1552162688857011","","","","","",""
"6228","0.15575108812540972","0.15575108812540972","0.15575108812540972","","","","","",""
"6229","0.15657886718996403","0.15657886718996403","0.15657886718996403","","","","","",""
"6230","0.15668647458960658","0.15668647458960658","0.15668647458960658","","","","","",""
"6231","0.1540771590834852","0.1540771590834852","0.1540771590834852","","","","","",""
"6232","0.15702644721888645","0.15702644721888645","0.15702644721888645","","","","","",""
"6233","0.15547747069607157","0.15547747069607157","0.15547747069607157","","","","","",""
"6234","0.15586139845745742","0.15586139845745742","0.15586139845745742","","","","","",""
"6235","0.15427493494397548","0.15427493494397548","0.15427493494397548","","","","","",""
"6236","0.15674924115447722","0.15674924115447722","0.15674924115447722","","","","","",""
"6237","0.15696149321316433","0.15696149321316433","0.15696149321316433","","","","","",""
"6238","0.15353517184614177","0.15353517184614177","0.15353517184614177","","","","","",""
"6239","0.15833431207402474","0.15833431207402474","0.15833431207402474","","","","","",""
"6240","0.15575607587661244","0.15575607587661244","0.15575607587661244","","","","","",""
"6241","0.15711140635549328","0.15711140635549328","0.15711140635549328","","","","","",""
"6242","0.1597746241583718","0.1597746241583718","0.1597746241583718","","","","","",""
"6243","0.15655447139826265","0.15655447139826265","0.15655447139826265","","","","","",""
"6244","0.1557427154273415","0.1557427154273415","0.1557427154273415","","","","","",""
"6245","0.1569281561537177","0.1569281561537177","0.1569281561537177","","","","","",""
"6246","0.15569242278756545","0.15569242278756545","0.15569242278756545","","","","","",""
"6247","0.15775351905456403","0.15775351905456403","0.15775351905456403","","","","","",""
"6248","0.1564221747427397","0.1564221747427397","0.1564221747427397","","","","","",""
"6249","0.15781782956905718","0.15781782956905718","0.15781782956905718","","","","","",""
"6250","0.15594578351216978","0.15594578351216978","0.15594578351216978","","","","","",""
"6251","0.158904788433673","0.158904788433673","0.158904788433673","","","","","",""
"6252","0.15711957574557692","0.15711957574557692","0.15711957574557692","","","","","",""
"6253","0.15726559376092764","0.15726559376092764","0.15726559376092764","","","","","",""
"6254","0.15769048862514087","0.15769048862514087","0.15769048862514087","","","","","",""
"6255","0.15553833577875828","0.15553833577875828","0.15553833577875828","","","","","",""
"6256","0.15360206081356423","0.15360206081356423","0.15360206081356423","","","","","",""
"6257","0.1567825911377377","0.1567825911377377","0.1567825911377377","","","","","",""
"6258","0.15774900063640315","0.15774900063640315","0.15774900063640315","","","","","",""
"6259","0.1570964886202396","0.1570964886202396","0.1570964886202396","","","","","",""
"6260","0.15601908109882034","0.15601908109882034","0.15601908109882034","","","","","",""
"6261","0.15796431752344833","0.15796431752344833","0.15796431752344833","","","","","",""
"6262","0.15692257863712986","0.15692257863712986","0.15692257863712986","","","","","",""
"6263","0.15645004303764506","0.15645004303764506","0.15645004303764506","","","","","",""
"6264","0.15761066005031124","0.15761066005031124","0.15761066005031124","","","","","",""
"6265","0.15865560540763912","0.15865560540763912","0.15865560540763912","","","","","",""
"6266","0.15916332310987302","0.15916332310987302","0.15916332310987302","","","","","",""
"6267","0.15767842092539808","0.15767842092539808","0.15767842092539808","","","","","",""
"6268","0.15646617189100234","0.15646617189100234","0.15646617189100234","","","","","",""
"6269","0.15663750664318513","0.15663750664318513","0.15663750664318513","","","","","",""
"6270","0.15437801979206403","0.15437801979206403","0.15437801979206403","","","","","",""
"6271","0.15626827315929895","0.15626827315929895","0.15626827315929895","","","","","",""
"6272","0.1568338576074966","0.1568338576074966","0.1568338576074966","","","","","",""
"6273","0.15595432321334696","0.15595432321334696","0.15595432321334696","","","","","",""
"6274","0.15392878397163737","0.15392878397163737","0.15392878397163737","","","","","",""
"6275","0.1597724808743863","0.1597724808743863","0.1597724808743863","","","","","",""
"6276","0.1590182669270965","0.1590182669270965","0.1590182669270965","","","","","",""
"6277","0.15567181760699697","0.15567181760699697","0.15567181760699697","","","","","",""
"6278","0.15633471659870946","0.15633471659870946","0.15633471659870946","","","","","",""
"6279","0.15615794811170047","0.15615794811170047","0.15615794811170047","","","","","",""
"6280","0.15769211562472632","0.15769211562472632","0.15769211562472632","","","","","",""
"6281","0.15943539224157235","0.15943539224157235","0.15943539224157235","","","","","",""
"6282","0.15770916011088099","0.15770916011088099","0.15770916011088099","","","","","",""
"6283","0.1571296748589457","0.1571296748589457","0.1571296748589457","","","","","",""
"6284","0.15794262418905555","0.15794262418905555","0.15794262418905555","","","","","",""
"6285","0.15635656921811647","0.15635656921811647","0.15635656921811647","","","","","",""
"6286","0.1574106302096734","0.1574106302096734","0.1574106302096734","","","","","",""
"6287","0.15970939052549768","0.15970939052549768","0.15970939052549768","","","","","",""
"6288","0.15902934309612504","0.15902934309612504","0.15902934309612504","","","","","",""
"6289","0.15684794645435754","0.15684794645435754","0.15684794645435754","","","","","",""
"6290","0.1590403752612821","0.1590403752612821","0.1590403752612821","","","","","",""
"6291","0.15622084724469834","0.15622084724469834","0.15622084724469834","","","","","",""
"6292","0.15793201408177523","0.15793201408177523","0.15793201408177523","","","","","",""
"6293","0.1571612320184694","0.1571612320184694","0.1571612320184694","","","","","",""
"6294","0.15455365832285","0.15455365832285","0.15455365832285","","","","","",""
"6295","0.15490571434687359","0.15490571434687359","0.15490571434687359","","","","","",""
"6296","0.15842622160434217","0.15842622160434217","0.15842622160434217","","","","","",""
"6297","0.1593788486717188","0.1593788486717188","0.1593788486717188","","","","","",""
"6298","0.15472631180728616","0.15472631180728616","0.15472631180728616","","","","","",""
"6299","0.15527751176922547","0.15527751176922547","0.15527751176922547","","","","","",""
"6300","0.15636025048569738","0.15636025048569738","0.15636025048569738","","","","","",""
"6301","0.15834460389884011","0.15834460389884011","0.15834460389884011","","","","","",""
"6302","0.157201877854618","0.157201877854618","0.157201877854618","","","","","",""
"6303","0.15774915875797835","0.15774915875797835","0.15774915875797835","","","","","",""
"6304","0.15682361219668753","0.15682361219668753","0.15682361219668753","","","","","",""
"6305","0.15532466432192393","0.15532466432192393","0.15532466432192393","","","","","",""
"6306","0.1550139357754713","0.1550139357754713","0.1550139357754713","","","","","",""
"6307","0.15494613340337715","0.15494613340337715","0.15494613340337715","","","","","",""
"6308","0.1579598278527579","0.1579598278527579","0.1579598278527579","","","","","",""
"6309","0.15738216227927734","0.15738216227927734","0.15738216227927734","","","","","",""
"6310","0.15893526639213296","0.15893526639213296","0.15893526639213296","","","","","",""
"6311","0.15763794750318993","0.15763794750318993","0.15763794750318993","","","","","",""
"6312","0.15837539438485712","0.15837539438485712","0.15837539438485712","","","","","",""
"6313","0.15625290016281926","0.15625290016281926","0.15625290016281926","","","","","",""
"6314","0.15631112501090694","0.15631112501090694","0.15631112501090694","","","","","",""
"6315","0.1573561662087503","0.1573561662087503","0.1573561662087503","","","","","",""
"6316","0.15681190140328574","0.15681190140328574","0.15681190140328574","","","","","",""
"6317","0.15889873407320335","0.15889873407320335","0.15889873407320335","","","","","",""
"6318","0.15951072502090896","0.15951072502090896","0.15951072502090896","","","","","",""
"6319","0.1572699579720069","0.1572699579720069","0.1572699579720069","","","","","",""
"6320","0.15515621858552295","0.15515621858552295","0.15515621858552295","","","","","",""
"6321","0.15666941925962063","0.15666941925962063","0.15666941925962063","","","","","",""
"6322","0.15852543781478093","0.15852543781478093","0.15852543781478093","","","","","",""
"6323","0.1589051984894639","0.1589051984894639","0.1589051984894639","","","","","",""
"6324","0.15667959996172548","0.15667959996172548","0.15667959996172548","","","","","",""
"6325","0.15484884338346033","0.15484884338346033","0.15484884338346033","","","","","",""
"6326","0.15704256568616295","0.15704256568616295","0.15704256568616295","","","","","",""
"6327","0.15838555703652848","0.15838555703652848","0.15838555703652848","","","","","",""
"6328","0.15679481180446864","0.15679481180446864","0.15679481180446864","","","","","",""
"6329","0.15547908440358946","0.15547908440358946","0.15547908440358946","","","","","",""
"6330","0.15458534215859468","0.15458534215859468","0.15458534215859468","","","","","",""
"6331","0.15560579164609623","0.15560579164609623","0.15560579164609623","","","","","",""
"6332","0.15544143783605732","0.15544143783605732","0.15544143783605732","","","","","",""
"6333","0.15628079099921172","0.15628079099921172","0.15628079099921172","","","","","",""
"6334","0.15749119200714387","0.15749119200714387","0.15749119200714387","","","","","",""
"6335","0.15707547757402468","0.15707547757402468","0.15707547757402468","","","","","",""
"6336","0.1564699458656124","0.1564699458656124","0.1564699458656124","","","","","",""
"6337","0.1555681516188017","0.1555681516188017","0.1555681516188017","","","","","",""
"6338","0.15586094605875503","0.15586094605875503","0.15586094605875503","","","","","",""
"6339","0.1562197839041245","0.1562197839041245","0.1562197839041245","","","","","",""
"6340","0.15533091019138126","0.15533091019138126","0.15533091019138126","","","","","",""
"6341","0.1556210498883063","0.1556210498883063","0.1556210498883063","","","","","",""
"6342","0.1546020286859788","0.1546020286859788","0.1546020286859788","","","","","",""
"6343","0.1579391721261179","0.1579391721261179","0.1579391721261179","","","","","",""
"6344","0.15805234908839508","0.15805234908839508","0.15805234908839508","","","","","",""
"6345","0.1538551841226056","0.1538551841226056","0.1538551841226056","","","","","",""
"6346","0.15487260771664227","0.15487260771664227","0.15487260771664227","","","","","",""
"6347","0.15769513138860006","0.15769513138860006","0.15769513138860006","","","","","",""
"6348","0.1575001745824274","0.1575001745824274","0.1575001745824274","","","","","",""
"6349","0.1537215185284667","0.1537215185284667","0.1537215185284667","","","","","",""
"6350","0.1574139981250876","0.1574139981250876","0.1574139981250876","","","","","",""
"6351","0.15668222129011122","0.15668222129011122","0.15668222129011122","","","","","",""
"6352","0.1578937303933131","0.1578937303933131","0.1578937303933131","","","","","",""
"6353","0.15851193289749985","0.15851193289749985","0.15851193289749985","","","","","",""
"6354","0.15509155014738638","0.15509155014738638","0.15509155014738638","","","","","",""
"6355","0.15640619159791633","0.15640619159791633","0.15640619159791633","","","","","",""
"6356","0.15903468039205756","0.15903468039205756","0.15903468039205756","","","","","",""
"6357","0.15971210536889915","0.15971210536889915","0.15971210536889915","","","","","",""
"6358","0.15571378420945106","0.15571378420945106","0.15571378420945106","","","","","",""
"6359","0.15913579426623028","0.15913579426623028","0.15913579426623028","","","","","",""
"6360","0.157166236200428","0.157166236200428","0.157166236200428","","","","","",""
"6361","0.15693235317286533","0.15693235317286533","0.15693235317286533","","","","","",""
"6362","0.1553665834562111","0.1553665834562111","0.1553665834562111","","","","","",""
"6363","0.15811591857651733","0.15811591857651733","0.15811591857651733","","","","","",""
"6364","0.15774588278055227","0.15774588278055227","0.15774588278055227","","","","","",""
"6365","0.15731433845499007","0.15731433845499007","0.15731433845499007","","","","","",""
"6366","0.15554306643869928","0.15554306643869928","0.15554306643869928","","","","","",""
"6367","0.15721316597762772","0.15721316597762772","0.15721316597762772","","","","","",""
"6368","0.1567852513788149","0.1567852513788149","0.1567852513788149","","","","","",""
"6369","0.15794730695362152","0.15794730695362152","0.15794730695362152","","","","","",""
"6370","0.15469232790133003","0.15469232790133003","0.15469232790133003","","","","","",""
"6371","0.15506123863479235","0.15506123863479235","0.15506123863479235","","","","","",""
"6372","0.15468500624791937","0.15468500624791937","0.15468500624791937","","","","","",""
"6373","0.15841590883910905","0.15841590883910905","0.15841590883910905","","","","","",""
"6374","0.1574606551586819","0.1574606551586819","0.1574606551586819","","","","","",""
"6375","0.15353136743013868","0.15353136743013868","0.15353136743013868","","","","","",""
"6376","0.15630802410181913","0.15630802410181913","0.15630802410181913","","","","","",""
"6377","0.1543116573606087","0.1543116573606087","0.1543116573606087","","","","","",""
"6378","0.15698964379310096","0.15698964379310096","0.15698964379310096","","","","","",""
"6379","0.15823202029776756","0.15823202029776756","0.15823202029776756","","","","","",""
"6380","0.15586253937339842","0.15586253937339842","0.15586253937339842","","","","","",""
"6381","0.15717789656984216","0.15717789656984216","0.15717789656984216","","","","","",""
"6382","0.1589269250842842","0.1589269250842842","0.1589269250842842","","","","","",""
"6383","0.15811747733654583","0.15811747733654583","0.15811747733654583","","","","","",""
"6384","0.15789140422740508","0.15789140422740508","0.15789140422740508","","","","","",""
"6385","0.15710289053880191","0.15710289053880191","0.15710289053880191","","","","","",""
"6386","0.15717805430363638","0.15717805430363638","0.15717805430363638","","","","","",""
"6387","0.15731018026053714","0.15731018026053714","0.15731018026053714","","","","","",""
"6388","0.16009623863575595","0.16009623863575595","0.16009623863575595","","","","","",""
"6389","0.15952618760288542","0.15952618760288542","0.15952618760288542","","","","","",""
"6390","0.1569951001893287","0.1569951001893287","0.1569951001893287","","","","","",""
"6391","0.15943041072663838","0.15943041072663838","0.15943041072663838","","","","","",""
"6392","0.1579149427759012","0.1579149427759012","0.1579149427759012","","","","","",""
"6393","0.1572898182560822","0.1572898182560822","0.1572898182560822","","","","","",""
"6394","0.15623396328501224","0.15623396328501224","0.15623396328501224","","","","","",""
"6395","0.1559637368838799","0.1559637368838799","0.1559637368838799","","","","","",""
"6396","0.15421766598465284","0.15421766598465284","0.15421766598465284","","","","","",""
"6397","0.15866701105126155","0.15866701105126155","0.15866701105126155","","","","","",""
"6398","0.15641745642525795","0.15641745642525795","0.15641745642525795","","","","","",""
"6399","0.1553358339344074","0.1553358339344074","0.1553358339344074","","","","","",""
"6400","0.15637213796157445","0.15637213796157445","0.15637213796157445","","","","","",""
"6401","0.1577859656504489","0.1577859656504489","0.1577859656504489","","","","","",""
"6402","0.156107443330038","0.156107443330038","0.156107443330038","","","","","",""
"6403","0.15591726831546118","0.15591726831546118","0.15591726831546118","","","","","",""
"6404","0.15670124967234095","0.15670124967234095","0.15670124967234095","","","","","",""
"6405","0.1567274320812043","0.1567274320812043","0.1567274320812043","","","","","",""
"6406","0.15677474168104436","0.15677474168104436","0.15677474168104436","","","","","",""
"6407","0.1562882403427743","0.1562882403427743","0.1562882403427743","","","","","",""
"6408","0.1543721011785479","0.1543721011785479","0.1543721011785479","","","","","",""
"6409","0.1572615007056541","0.1572615007056541","0.1572615007056541","","","","","",""
"6410","0.15623758009643007","0.15623758009643007","0.15623758009643007","","","","","",""
"6411","0.1578894179791512","0.1578894179791512","0.1578894179791512","","","","","",""
"6412","0.156771036052509","0.156771036052509","0.156771036052509","","","","","",""
"6413","0.1576756484771554","0.1576756484771554","0.1576756484771554","","","","","",""
"6414","0.15608290785900483","0.15608290785900483","0.15608290785900483","","","","","",""
"6415","0.15778377182193473","0.15778377182193473","0.15778377182193473","","","","","",""
"6416","0.15702638785202438","0.15702638785202438","0.15702638785202438","","","","","",""
"6417","0.15686186627716053","0.15686186627716053","0.15686186627716053","","","","","",""
"6418","0.15912963986944548","0.15912963986944548","0.15912963986944548","","","","","",""
"6419","0.15765536101216693","0.15765536101216693","0.15765536101216693","","","","","",""
"6420","0.15668634813645424","0.15668634813645424","0.15668634813645424","","","","","",""
"6421","0.157180838529649","0.157180838529649","0.157180838529649","","","","","",""
"6422","0.15539335734748946","0.15539335734748946","0.15539335734748946","","","","","",""
"6423","0.1571165740757159","0.1571165740757159","0.1571165740757159","","","","","",""
"6424","0.1585147949726182","0.1585147949726182","0.1585147949726182","","","","","",""
"6425","0.15566608174730398","0.15566608174730398","0.15566608174730398","","","","","",""
"6426","0.15639322612522788","0.15639322612522788","0.15639322612522788","","","","","",""
"6427","0.1555391162564935","0.1555391162564935","0.1555391162564935","","","","","",""
"6428","0.15665548047050773","0.15665548047050773","0.15665548047050773","","","","","",""
"6429","0.15365375799975844","0.15365375799975844","0.15365375799975844","","","","","",""
"6430","0.15690696495387582","0.15690696495387582","0.15690696495387582","","","","","",""
"6431","0.15610404233032507","0.15610404233032507","0.15610404233032507","","","","","",""
"6432","0.15513652466811087","0.15513652466811087","0.15513652466811087","","","","","",""